OrderID,OrderDate,CustomerID,ProductCategory,ProductName,Quantity,UnitPrice,PaymentMethod,Region
1000,"May 20, 2024",5754.0,Phones,iPhone 14,2,2810.89,Debit Card,Jeddah
1001,2024-10-29 00:00:00,5095.0,Phones, iPhone 14,4,4827.5,Credit Card,Riyadh
1002,2024-09-15 00:00:00,5203.0,LAPTOPS,Dell XPS 13,5,7257.96,Credit Card,Madinah
1003,2024-04-22 00:00:00,5777.0,Cameras,Nikon D3500,4,3055.17,Cash on Delivery,Riyadh
1004,2024-06-23 00:00:00,5781.0,Laptops,Lenovo ThinkPad E14,3,3514.12,Debit Card,Jeddah
1005,2024-02-17 00:00:00,5352.0,Accessories,Wireless Mouse,4,87.72,Credit Card,Dammam
1006,"January 23, 2024",,Cameras,Nikon D3500,4,1109.1,Credit Card,
1007,2024-11-17 00:00:00,5196.0,Cameras,Nikon D3500,5,4018.23,Cash on Delivery,Madinah
1008,2024-12-04 00:00:00,5238.0,Phones,iPhone 14,2,3603.9,Cash on Delivery,Riyadh
1009,22/05/2024,5379.0, Phones,Oppo Reno 8,4,3978.25,Cash on Delivery,Jeddah
1010,2024-12-09 00:00:00,5650.0,Accessories,USB-C Cable,3,37.62,Credit Card,Madinah
1011,2024-03-24 00:00:00,5655.0,Laptops,Dell XPS 13,4,8804.41,Apple Pay,Dammam
1012,12-16-2024,5032.0,Cameras,Canon EOS 200D  ,3,3896.79,Credit Card,Jeddah
1013,2024-05-17 00:00:00,5735.0,Accessories,Laptop Stand,1,108.57,Debit Card,Madinah
1014,2024-12-01 00:00:00,5146.0,Accessories,USB-C Cable   ,4,97.28,Apple Pay,Makkah
1015,2024-05-06 00:00:00,5438.0,Accessories,USB-C Cable,-5,97.86,Cash on Delivery,Madinah
1016,2024-07-04 00:00:00,5505.0,Cameras,Nikon D3500,2,1995.27,Debit Card,Madinah
1017,2024-02-26 00:00:00,,Phones,iPhone 14,2,3336.65,Debit Card,Makkah
1018,2024-07-14 00:00:00,5257.0,Phones,  Oppo Reno 8  ,5,3011.81,Apple Pay,Madinah
1019,2024-12-14 00:00:00,5114.0,Cameras,Canon EOS 200D,1,1948.42,Cash on Delivery,Dammam
1020,21/03/2024,5512.0,Accessories,Laptop Stand,4,256.39,Credit Card,Dammam
1021,2024-11-16 00:00:00,5382.0,Laptops, MacBook Air M2 ,3,3406.71,Debit Card,Jeddah
1022,2024-11-02 00:00:00,5114.0,Laptops,MacBook Air M2,3,4398.94,Apple Pay,Riyadh
1023,2024-05-02 00:00:00,5080.0,Accessories,Bluetooth Headphones,1,165.55,Debit Card,Madinah
1024,2024-02-05 00:00:00,5675.0,Phones,Oppo Reno 8,5,3096.24,Debit Card,Jeddah
1025,2024-03-25 00:00:00,5552.0,TVs,Sony 65-inch Bravia,3,5882.91,Apple Pay,Jeddah
1026,2024-07-23 00:00:00,5462.0,Laptops,HP Pavilion 15,3,3797.88,Apple Pay,Madinah
1027,2024-04-25 00:00:00,5602.0,Phones,Samsung Galaxy S23,1,3299.82,Cash on Delivery,Riyadh
1028,2024-10-28 00:00:00,5724.0,Cameras,Canon EOS 200D  ,2,3032.69,Credit Card,Riyadh
1029,"February 04, 2024",5526.0,Phones,Samsung Galaxy S23,1,1662.58,Cash on Delivery,Riyadh
1030,2024-12-08 00:00:00,5135.0,laptops,HP Pavilion 15,4,6449.04,,Madinah
1031,2024-08-30 00:00:00,5194.0,Cameras,GoPro Hero 11,2,1513.89,Apple Pay,Makkah
1032,2024-12-03 00:00:00,5420.0,Phones,iPhone 14,4,1727.68,Cash on Delivery,Makkah
1033,2024-01-28 00:00:00,5745.0,TVs,Sony 65-inch Bravia,1,6734.2,Credit Card,Makkah
1034,2024-05-07 00:00:00,5459.0,Accessory,Wireless Mouse,2,387.28,Debit Card,Madinah
1035,2024-04-03 00:00:00,5077.0,Laptops,Lenovo ThinkPad E14,3,7754.58,Apple Pay,Jeddah
1036,2024-02-20 00:00:00,5771.0,TVs,Sony 65-inch Bravia,1,3383.99,Credit Card,Riyadh
1037,2024-07-27 00:00:00,5410.0,Laptops,Dell XPS 13,4,3134.87,Apple Pay,Jeddah
1038,2024-07-13 00:00:00,5465.0,Phones,Samsung Galaxy S23,1,3894.82,Apple Pay,Dammam
1039,2024-12-22 00:00:00,5194.0,Accessories,Laptop Stand,5,192.86,Apple Pay,Jeddah
1040,2024-01-30 00:00:00,5058.0,Accessories,USB-C Cable,5,75.15,Credit Card,Dammam
1041,2024-09-14 00:00:00,5520.0,Phones,Oppo Reno 8,5,3233.12,Debit Card,Riyadh
1042,2024-02-05 00:00:00,5413.0,Phones,Samsung Galaxy S23,5,1620.36,Credit Card,Jeddah
1043,2024-10-23 00:00:00,5083.0,Phones,Samsung Galaxy S23  ,5,4682.62,Credit Card,Madinah
1044,2024-10-25 00:00:00,5209.0,TVs,Sony 65-inch Bravia,5,3145.66,Cash on Delivery,Dammam
1045,2024-05-15 00:00:00,5468.0,Accessories,USB-C Cable,4,275.13,,Dammam
1046,2024-01-05,5550.0,Accessories, Wireless Mouse ,4,145.33,Credit Card,Riyadh
1047,08/03/2024,5378.0,Laptops,HP Pavilion 15,3,5880.44,Credit Card,Jeddah
1048,2024-08-12 00:00:00,5669.0,Accessories,USB-C Cable,-5,232.28,Cash on Delivery,Madinah
1049,2024-12-07 00:00:00,5137.0,Cameras,Canon EOS 200D,5,1565.48,Cash on Delivery,Riyadh
1050,2024-02-24 00:00:00,5288.0,Accessories,Wireless Mouse,5,388.75,Debit Card,Dammam
1051,2024-06-24 00:00:00,5500.0, Cameras,Canon EOS 200D,-2,3690.48,Cash on Delivery,Madinah
1052,17/02/2024,5003.0,Accessories,Wireless Mouse,4,377.61,Cash on Delivery,Riyadh
1053,2024-11-22 00:00:00,5564.0,Accessories,   USB-C Cable,3,361.09,Debit Card,Makkah
1054,05/01/2024,5558.0,TVs,Sony 65-inch Bravia,1,4909.08,Credit Card,Jeddah
1055,2024-10-25 00:00:00,5130.0,Phones,  Xiaomi Redmi Note 12,5,4726.56,Debit Card,Makkah
1056,2024-07-05 00:00:00,5698.0,Phones,Xiaomi Redmi Note 12,1,1809.72,Cash on Delivery,Jeddah
1057,2024-06-30 00:00:00,5767.0,LAPTOPS,MacBook Air M2,5,3773.89,Apple Pay,Madinah
1058,2024-03-24 00:00:00,5183.0,Laptops,Dell XPS 13,2,2793.98,Apple Pay,Riyadh
1059,08/12/2024,5718.0,Accessories,Laptop Stand,2,150.37,Cash on Delivery,Jeddah
1060,2024-01-20 00:00:00,5471.0, Phones,  Oppo Reno 8,4,2860.37,Debit Card,Jeddah
1061,2024-04-26 00:00:00,5408.0,Accessories,Bluetooth Headphones,2,130.4,Credit Card,Jeddah
1062,2024-02-05 00:00:00,5409.0,ACCESSORIES,Bluetooth Headphones,3,336.63,Cash on Delivery,Madinah
1063,2024-01-15 00:00:00,5594.0,Cameras,Nikon D3500,1,2184.31,Cash on Delivery,Jeddah
1064,2024-02-25,5746.0,Accessories,Wireless Mouse,-5,-11.99,Apple Pay,Dammam
1065,06/11/2024,5590.0,Accessories,Laptop Stand ,5,230.8,Credit Card,Makkah
1066,2024-01-23 00:00:00,5551.0,Laptops,HP Pavilion 15,4,3416.01,Credit Card,Madinah
1067,2024-08-08 00:00:00,5321.0,Laptops,HP Pavilion 15,1,7714.28,Cash on Delivery,Madinah
1068,2024-09-16,5412.0,Phones,Xiaomi Redmi Note 12,3,1760.93,Apple Pay,Dammam
1069,2024-04-08 00:00:00,5630.0,Accessories,USB-C Cable,4,395.15,Apple Pay,Jeddah
1070,2024-07-26 00:00:00,5293.0,Camera,Nikon D3500,-5,3680.08,Credit Card,Dammam
1071,2024-10-23 00:00:00,5452.0,Laptops,Lenovo ThinkPad E14,5,89406.87257840976,Cash on Delivery,Makkah
1072,2024-04-19 00:00:00,5674.0,TVs,Sony 65-inch Bravia,5,1828.72,Apple Pay,
1073,09-20-2024,5769.0,Phones,Xiaomi Redmi Note 12,5,4354.11,Cash on Delivery,Riyadh
1074,2024-04-25 00:00:00,5047.0,Laptops,   HP Pavilion 15,2,7094.57,Debit Card,Riyadh
1075,"November 08, 2024",5644.0,laptops,Lenovo ThinkPad E14,1,7238.55,Apple Pay,Makkah
1076,22/12/2024,5249.0,Cameras,Canon EOS 200D,4,3676.57,Apple Pay,Makkah
1077,2024-02-24 00:00:00,5712.0,Laptops,MacBook Air M2,4,2981.29,Debit Card,Jeddah
1078,2024-01-26 00:00:00,5467.0,Cameras,Nikon D3500  ,5,2190.48,Debit Card,Riyadh
1079,"July 12, 2024",,Laptop,Lenovo ThinkPad E14,5,3253.15,Cash on Delivery,Makkah
1080,2024-10-07 00:00:00,5460.0,Cameras,  Nikon D3500  ,4,4007.17,Debit Card,Makkah
1081,2024-11-22 00:00:00,5281.0,Accessories,  USB-C Cable  ,3,260.62,Apple Pay,Jeddah
1082,2024-12-31 00:00:00,5343.0,TVs,Samsung 55-inch QLED,3,3520.67,Debit Card,Dammam
1083,2024-03-11 00:00:00,5710.0,Accessories,Wireless Mouse,2,53.52,Debit Card,Makkah
1084,2024-02-02,5555.0,Laptops,Dell XPS 13,4,4521.39,Apple Pay,Dammam
1085,2024-02-01 00:00:00,5788.0,TVs,LG 43-inch UHD,2,3490.95,Apple Pay,Makkah
1086,2024-01-11,5006.0,Cameras,GoPro Hero 11,-5,3526.58,Apple Pay,Makkah
1087,2024-07-18 00:00:00,5224.0,accessories,  Bluetooth Headphones,4,265.9,Debit Card,Makkah
1088,2024-09-05 00:00:00,5684.0,Accessories,Laptop Stand,1,358.27,Apple Pay,Dammam
1089,2024-03-25 00:00:00,5546.0,TVs,Sony 65-inch Bravia,4,4255.52,Debit Card,Madinah
1090,2024-10-30 00:00:00,5658.0,Phones,Oppo Reno 8,5,1918.58,Credit Card,Riyadh
1091,2024-08-24 00:00:00,5388.0,TVs,Samsung 55-inch QLED,-2,5508.87,Credit Card,Dammam
1092,2024-08-20 00:00:00,5284.0,Accessories,USB-C Cable,3,311.49,Cash on Delivery,Makkah
1093,2024-02-11 00:00:00,5053.0,TVs,LG 43-inch UHD,4,4718.64,Credit Card,Madinah
1094,2024-11-28 00:00:00,,Accessories,USB-C Cable,1,315.26,Credit Card,Riyadh
1095,2024-11-14,5484.0,laptops,MacBook Air M2,2,5709.67,Debit Card,Jeddah
1096,2024-08-26,5620.0,Phones,Samsung Galaxy S23,3,3329.56,Cash on Delivery,Jeddah
1097,2024-02-28,5592.0,Cameras,GoPro Hero 11,2,2439.15,Cash on Delivery,Riyadh
1098,2024-10-21 00:00:00,,Phones ,  Xiaomi Redmi Note 12  ,4,1588.97,Apple Pay,Jeddah
1099,2024-11-17 00:00:00,5700.0,Cameras,GoPro Hero 11,2,1288.41,Credit Card,Dammam
1100,2024-10-16 00:00:00,5438.0,Cameras,  Canon EOS 200D  ,1,1013.15,Cash on Delivery,Madinah
1101,2024-09-16 00:00:00,5501.0,Accessories,Wireless Mouse,3,265.47,Credit Card,Makkah
1102,2024-07-04 00:00:00,,Phones,Oppo Reno 8,4,2600.25,Debit Card,Makkah
1103,2024-05-18 00:00:00,5446.0,Cameras,GoPro Hero 11,5,2730.85,Apple Pay,Makkah
1104,2024-06-14 00:00:00,5461.0,Cameras,Nikon D3500,2,4167.24,Credit Card,Dammam
1105,2024-10-18 00:00:00,5029.0,Laptops,Lenovo ThinkPad E14,5,4120.4,Apple Pay,Dammam
1106,2024-04-03 00:00:00,5264.0,TVs,LG 43-inch UHD,4,3933.99,Debit Card,Dammam
1107,2024-11-01 00:00:00,5195.0,Accessories,Bluetooth Headphones,3,309.55,Credit Card,Madinah
1108,27/07/2024,5661.0,Phones,Samsung Galaxy S23,4,2300.79,Debit Card,Makkah
1109,2024-01-09 00:00:00,5414.0, TVs,LG 43-inch UHD,-1,2200.3,Cash on Delivery,Jeddah
1110,2024-12-05 00:00:00,5566.0,Laptops,HP Pavilion 15,5,4383.38,Cash on Delivery,Makkah
1111,2024-08-05,5719.0,Cameras,Nikon D3500,5,1480.4,Cash on Delivery,Dammam
1112,2024-06-05 00:00:00,5738.0,TVs,LG 43-inch UHD,3,6634.43,Debit Card,Riyadh
1113,2024-03-02 00:00:00,5221.0,Laptops,HP Pavilion 15,5,7752.78,Debit Card,Jeddah
1114,2024-10-28 00:00:00,5198.0,TVs,LG 43-inch UHD,5,5093.7,Cash on Delivery,Riyadh
1115,07-03-2024,5725.0,accessories,USB-C Cable,2,352.44,Cash on Delivery,Riyadh
1116,2024-05-20 00:00:00,5299.0,Cameras,Canon EOS 200D,1,3793.22,Credit Card,Madinah
1117,2024-02-22 00:00:00,5490.0,Laptops,Lenovo ThinkPad E14,-1,3712.71,Cash on Delivery,Makkah
1118,2024-04-04 00:00:00,5116.0, TVs,LG 43-inch UHD,1,6441.31,,Makkah
1119,2024-09-08 00:00:00,5152.0,Phones,Oppo Reno 8,1,79881.7565529199,Credit Card,Jeddah
1120,13/02/2024,5782.0,Cameras,Nikon D3500,2,3806.78,Credit Card,Madinah
1121,2024-11-01 00:00:00,5389.0, TVs,Sony 65-inch Bravia,5,6459.67,,Madinah
1122,2024-06-01 00:00:00,5582.0,TVs,LG 43-inch UHD,5,3453.62,Apple Pay,
1123,2024-11-08 00:00:00,,Cameras,Canon EOS 200D,1,1296.19,Debit Card,Jeddah
1124,2024-05-02 00:00:00,5002.0,Phones ,Samsung Galaxy S23,-2,2297.77,Credit Card,Jeddah
1125,2024-12-18 00:00:00,5033.0,TV, LG 43-inch UHD ,5,4020.96,Apple Pay,Dammam
1126,2024-12-27,5703.0,Laptops,HP Pavilion 15,3,7817.1,Apple Pay,Riyadh
1127,2024-11-16 00:00:00,5117.0, Laptops,HP Pavilion 15,5,8094.75,Debit Card,Makkah
1128,2024-11-27 00:00:00,5073.0,Cameras,Canon EOS 200D ,2,925.03,Cash on Delivery,Jeddah
1129,2024-06-06 00:00:00,5127.0,Phones,Samsung Galaxy S23,5,3287.62,Cash on Delivery,Makkah
1130,2024-06-04 00:00:00,5552.0,TVs,Sony 65-inch Bravia,4,3970.54,Cash on Delivery,Madinah
1131,2024-02-11,5752.0, TVs,LG 43-inch UHD,5,2954.96,Credit Card,Makkah
1132,2024-01-14 00:00:00,5601.0,Accessories,Bluetooth Headphones,1,74.35,Debit Card,Madinah
1133,"October 22, 2024",5531.0,Phones,Xiaomi Redmi Note 12,1,2681.65,Debit Card,Makkah
1134,2024-04-02 00:00:00,5093.0,tvs,LG 43-inch UHD,5,6703.13,Apple Pay,Makkah
1135,2024-07-28 00:00:00,5164.0,TVs,LG 43-inch UHD,3,3480.66,Cash on Delivery,Riyadh
1136,2024-12-21,, Accessories ,Laptop Stand,4,221.95,Cash on Delivery,Makkah
1137,2024-08-20 00:00:00,5331.0,Cameras,Canon EOS 200D,1,3430.87,Cash on Delivery,Dammam
1138,2024-09-20 00:00:00,5055.0,Phones,Oppo Reno 8,1,2772.7,Apple Pay,Makkah
1139,2024-11-14 00:00:00,5208.0,Laptops,HP Pavilion 15,-4,8816.58,Apple Pay,Riyadh
1140,2024-05-27 00:00:00,5029.0,Accessories,USB-C Cable,4,386.11,,Riyadh
1141,2024-12-29 00:00:00,5014.0,Cameras,Canon EOS 200D,2,1806.42,Cash on Delivery,Madinah
1142,17/02/2024,5120.0,Cameras,Nikon D3500,2,2690.09,Credit Card,Makkah
1143,2024-05-29 00:00:00,5494.0,Laptops,Lenovo ThinkPad E14,5,4455.71,Cash on Delivery,Makkah
1144,2024-08-21 00:00:00,5195.0,TVs,Samsung 55-inch QLED,5,3281.17,Debit Card,Makkah
1145,2024-03-10 00:00:00,5348.0,Cameras,GoPro Hero 11,1,1032.79,Cash on Delivery,Makkah
1146,02-01-2024,5593.0,Cameras,Nikon D3500,3,3094.43,Cash on Delivery,Madinah
1147,2024-08-16 00:00:00,5340.0,TVs,Samsung 55-inch QLED,5,4413.93,Apple Pay,Dammam
1148,07-12-2024,5714.0,Cameras,GoPro Hero 11,4,1085.32,Cash on Delivery,Jeddah
1149,"April 29, 2024",5762.0,Laptops,Lenovo ThinkPad E14,4,4311.2,Credit Card,Dammam
1150,"July 14, 2024",5037.0,TVs,Sony 65-inch Bravia,4,6522.98,Debit Card,Makkah
1151,2024-02-21 00:00:00,5467.0,Laptops,   HP Pavilion 15   ,-4,4057.15,Credit Card,Madinah
1152,2024-07-28 00:00:00,5800.0,Phones,Samsung Galaxy S23,2,2007.13,Credit Card,Makkah
1153,2024-11-15 00:00:00,5690.0,Accessories,Bluetooth Headphones,4,211.1,Credit Card,Dammam
1154,2024-06-11 00:00:00,5070.0,Cameras,Nikon D3500,4,4448.34,Credit Card,Madinah
1155,2024-04-26 00:00:00,5778.0,Laptops,HP Pavilion 15,1,4073.36,Apple Pay,Riyadh
1156,2024-03-26 00:00:00,5332.0,Phones,Oppo Reno 8,3,3852.47,Credit Card,Riyadh
1157,2024-07-02 00:00:00,5250.0,Phones,Xiaomi Redmi Note 12,3,4165.67,Apple Pay,Jeddah
1158,2024-10-16 00:00:00,5080.0,Cameras,Nikon D3500,-2,1755.5,Debit Card,Jeddah
1159,2024-11-13,5146.0,Cameras,Nikon D3500,2,3521.58,Apple Pay,Madinah
1160,2024-11-22 00:00:00,5682.0,Laptops,Lenovo ThinkPad E14,3,4890.59,Apple Pay,Dammam
1161,2024-05-27 00:00:00,,Phones,Oppo Reno 8,5,3713.07,Debit Card,Riyadh
1162,2024-11-23 00:00:00,5309.0,accessories, Bluetooth Headphones,4,264.41,Cash on Delivery,Makkah
1163,09-04-2024,5585.0,Laptops,Lenovo ThinkPad E14,1,5982.54,Debit Card,Makkah
1164,"December 24, 2024",5281.0,Accessories,Bluetooth Headphones   ,3,63.41,Credit Card,Makkah
1165,"November 06, 2024",5621.0,Phones,iPhone 14,4,4423.56,Cash on Delivery,Jeddah
1166,2024-11-21 00:00:00,5643.0,Accessories,USB-C Cable,2,148.69,Cash on Delivery,Jeddah
1167,2024-06-07 00:00:00,5373.0,Phones,  iPhone 14  ,4,2152.81,Credit Card,Madinah
1168,2024-05-31 00:00:00,5205.0,Laptops,MacBook Air M2,3,2765.04,Apple Pay,Jeddah
1169,09-28-2024,5263.0,Laptops,HP Pavilion 15,5,6340.8,Cash on Delivery,Jeddah
1170,22/06/2024,5144.0,TVs,   LG 43-inch UHD,1,5323.33,Apple Pay,Riyadh
1171,"October 12, 2024",5014.0,Laptops,Lenovo ThinkPad E14,3,2607.82,Credit Card,Makkah
1172,2024-08-20 00:00:00,5390.0,Accessories,Wireless Mouse,3,219.47,Cash on Delivery,Madinah
1173,11-12-2024,5634.0,Accessories,Wireless Mouse,2,113.8,Apple Pay,
1174,2024-11-08 00:00:00,5717.0,Cameras,   Nikon D3500,2,3222.62,Credit Card,Makkah
1175,"February 29, 2024",5311.0,Accessories,Laptop Stand  ,2,94.52,Credit Card,
1176,2024-02-19 00:00:00,5464.0,TVs,Samsung 55-inch QLED,2,5392.88,Debit Card,Makkah
1177,"October 27, 2024",5501.0,Accessories, Laptop Stand,2,173.09,Apple Pay,Riyadh
1178,"May 23, 2024",5454.0,CAMERAS ,Nikon D3500,1,4272.23,Cash on Delivery,Jeddah
1179,2024-07-04 00:00:00,5660.0,TVs,Samsung 55-inch QLED,1,2515.11,Cash on Delivery,Madinah
1180,2024-07-22 00:00:00,5465.0,accessories,Wireless Mouse,3,156.19,Debit Card,Riyadh
1181,24/11/2024,5341.0,Phones ,Samsung Galaxy S23,-5,1897.16,Credit Card,Riyadh
1182,2024-10-16 00:00:00,5212.0,Laptops,Dell XPS 13,2,8510.51,Credit Card,Madinah
1183,04-29-2024,5002.0,Cameras, Canon EOS 200D,3,4058.42,Debit Card,Madinah
1184,2024-03-07 00:00:00,5112.0,Accessories,USB-C Cable,5,125.44,Cash on Delivery,Jeddah
1185,2024-01-08 00:00:00,5331.0,Phones,Samsung Galaxy S23   ,3,3809.94,Debit Card,Madinah
1186,05-15-2024,5538.0,phones,  Samsung Galaxy S23  ,-1,4360.28,Debit Card,Makkah
1187,2024-08-31 00:00:00,,Phone,iPhone 14,4,3443.2,Cash on Delivery,Madinah
1188,2024-09-14 00:00:00,5308.0, Phones,Oppo Reno 8,2,3353.78,Credit Card,Madinah
1189,2024-01-16 00:00:00,5436.0,TVs,Sony 65-inch Bravia   ,1,3057.63,Apple Pay,Makkah
1190,2024-12-30 00:00:00,5329.0,PHONES,Oppo Reno 8,4,1825.86,Credit Card,Riyadh
1191,2024-02-03,5648.0,Cameras,Canon EOS 200D,2,4129.98,Cash on Delivery,Madinah
1192,2024-12-30 00:00:00,5543.0,Cameras,GoPro Hero 11,3,4141.51,Apple Pay,Madinah
1193,2024-09-15 00:00:00,5718.0,ACCESSORIES,Laptop Stand,5,264.25,Apple Pay,Riyadh
1194,08/08/2024,5347.0, Phones,Samsung Galaxy S23,4,2686.6,Debit Card,Makkah
1195,2024-07-31 00:00:00,5320.0,TVs,   LG 43-inch UHD,1,3615.89,Cash on Delivery,Makkah
1196,2024-03-19 00:00:00,5087.0, Accessories ,Bluetooth Headphones,4,298.6,Credit Card,Riyadh
1197,2024-02-19 00:00:00,5061.0,Phones,Oppo Reno 8,3,4639.89,Debit Card,Madinah
1198,2024-10-14 00:00:00,5362.0,Cameras,GoPro Hero 11,3,4093.51,Credit Card,
1199,2024-01-27 00:00:00,5106.0,TVs,  Sony 65-inch Bravia  ,3,5855.35,Cash on Delivery,Dammam
1200,2024-04-18 00:00:00,,CAMERAS ,GoPro Hero 11 ,2,3211.31,Apple Pay,Jeddah
1201,2024-02-28 00:00:00,5574.0,Accessories,Bluetooth Headphones,3,61.13,Debit Card,Makkah
1202,11/12/2024,5673.0,Cameras,GoPro Hero 11,-5,1481.86,Credit Card,
1203,2024-04-02 00:00:00,5359.0,Accessories,Wireless Mouse,3,362.47,Cash on Delivery,Dammam
1204,2024-03-14 00:00:00,5145.0,Phones,Samsung Galaxy S23,5,3622.5,Apple Pay,Riyadh
1205,2024-09-28 00:00:00,5464.0,Phones,iPhone 14,2,1532.19,Apple Pay,Makkah
1206,2024-07-08 00:00:00,5610.0,Accessory,USB-C Cable,3,67.54,Cash on Delivery,Madinah
1207,2024-03-20 00:00:00,5278.0,Phones,iPhone 14,2,3822.26,Credit Card,Riyadh
1208,2024-08-05 00:00:00,5279.0,TVs,Sony 65-inch Bravia,4,1826.32,,Makkah
1209,2024-06-25 00:00:00,5694.0,Laptops,MacBook Air M2,4,3545.25,Credit Card,Dammam
1210,2024-09-26 00:00:00,,Cameras,Nikon D3500,3,2875.44,Credit Card,Jeddah
1211,2024-01-04 00:00:00,5785.0,Cameras,Canon EOS 200D,2,3390.82,Cash on Delivery,Jeddah
1212,2024-05-28 00:00:00,5509.0,Laptops,HP Pavilion 15,3,6737.75,Credit Card,Riyadh
1213,2024-03-07 00:00:00,5572.0,TV,Samsung 55-inch QLED,4,2966.2,Debit Card,Madinah
1214,2024-07-22 00:00:00,5470.0,Accessories,   Wireless Mouse,1,293.51,Apple Pay,Riyadh
1215,2024-10-21 00:00:00,5296.0,Phones,  Xiaomi Redmi Note 12  ,4,2330.37,Apple Pay,Makkah
1216,2024-01-11 00:00:00,5471.0,Phones,Oppo Reno 8  ,3,2638.9,Debit Card,Madinah
1217,2024-08-11 00:00:00,5603.0,Accessories,Wireless Mouse,1,306.2,Debit Card,Makkah
1218,2024-02-10 00:00:00,5226.0,TVs,Sony 65-inch Bravia,4,5178.09,,Dammam
1219,2024-02-09 00:00:00,,accessories,USB-C Cable,5,344.21,Credit Card,Madinah
1220,28/06/2024,5149.0,Laptops,HP Pavilion 15,2,6774.48,Debit Card,Riyadh
1221,03-29-2024,5181.0,Accessories,USB-C Cable,5,240.27,Debit Card,Riyadh
1222,15/10/2024,5658.0,TVs,LG 43-inch UHD,5,-47.17,Apple Pay,Madinah
1223,2024-11-17 00:00:00,5069.0,Cameras,Nikon D3500,-3,2223.78,Debit Card,Makkah
1224,2024-11-19 00:00:00,5057.0,TVs,LG 43-inch UHD,3,3179.05,Cash on Delivery,Madinah
1225,2024-06-07 00:00:00,5058.0,Accessories,Wireless Mouse,4,120.28,Apple Pay,Riyadh
1226,2024-02-09 00:00:00,5594.0,Accessories,Bluetooth Headphones,1,390.01,Apple Pay,Makkah
1227,2024-01-22,5619.0,Camera,GoPro Hero 11,4,2315.15,Debit Card,Dammam
1228,18/03/2024,5351.0,TVs,Sony 65-inch Bravia,1,6438.64,Apple Pay,Riyadh
1229,2024-01-21 00:00:00,5536.0,Phones,Samsung Galaxy S23,2,3708.99,Apple Pay,Makkah
1230,03-22-2024,,Cameras,GoPro Hero 11,3,3761.32,Cash on Delivery,Dammam
1231,12-13-2024,5067.0, TVs,LG 43-inch UHD,5,4413.71,Credit Card,Dammam
1232,2024-12-10,5741.0,Accessories,Wireless Mouse,4,243.45,Cash on Delivery,Dammam
1233,2024-06-19 00:00:00,5317.0,Cameras,Canon EOS 200D,-1,2673.06,Debit Card,Dammam
1234,2024-10-31 00:00:00,5385.0,TVs,Samsung 55-inch QLED,1,2815.26,Cash on Delivery,Madinah
1235,2024-12-09 00:00:00,5520.0,Accessories,  USB-C Cable  ,5,297.31,Credit Card,Makkah
1236,2024-07-04 00:00:00,5349.0,Accessories,Wireless Mouse,-3,133.89,Debit Card,Jeddah
1237,2024-04-25 00:00:00,5302.0,TVs,  Samsung 55-inch QLED  ,2,1926.44,Debit Card,Riyadh
1238,2024-12-04 00:00:00,5385.0,Phones,iPhone 14,3,3759.15,Debit Card,Madinah
1239,2024-04-02 00:00:00,5044.0,Laptops,Dell XPS 13,5,3651.22,Debit Card,Makkah
1240,12/12/2024,5291.0,TVs,LG 43-inch UHD  ,2,6690.38,Apple Pay,
1241,2024-09-30 00:00:00,5198.0,TVs,Samsung 55-inch QLED,2,6760.43,Cash on Delivery,Makkah
1242,2024-08-24,5540.0,Accessories,Laptop Stand,3,368.5,Apple Pay,Madinah
1243,2024-04-12 00:00:00,5053.0,TVs, Samsung 55-inch QLED ,5,3724.83,Debit Card,Dammam
1244,2024-10-10 00:00:00,5085.0,tvs,LG 43-inch UHD,1,1880.37,Credit Card,Dammam
1245,2024-08-18 00:00:00,5093.0,Laptops,HP Pavilion 15,5,8534.07,Debit Card,Makkah
1246,27/06/2024,5405.0,Laptops,  Lenovo ThinkPad E14  ,1,5283.2,Apple Pay,Riyadh
1247,2024-04-30 00:00:00,5229.0,Cameras,Nikon D3500,4,4379.96,Credit Card,Dammam
1248,2024-02-20 00:00:00,5039.0,Phones,Xiaomi Redmi Note 12,3,4872.67,Debit Card,Jeddah
1249,2024-12-22 00:00:00,5630.0,Accessories,Laptop Stand,2,345.61,Apple Pay,Makkah
1250,2024-01-10 00:00:00,5561.0,Phones,iPhone 14,3,2530.57,Debit Card,
1251,2024-08-04 00:00:00,5308.0,Cameras, GoPro Hero 11,1,2286.35,Cash on Delivery,Jeddah
1252,2024-05-02 00:00:00,5113.0,Phones,iPhone 14,4,4478.98,Apple Pay,Riyadh
1253,2024-10-01 00:00:00,5298.0,TVs,Sony 65-inch Bravia,1,3447.99,Debit Card,Jeddah
1254,"October 11, 2024",5426.0,TVs,Samsung 55-inch QLED,3,2681.36,Debit Card,Madinah
1255,2024-09-25 00:00:00,5557.0,LAPTOPS,   MacBook Air M2   ,3,6119.21,Credit Card,Madinah
1256,2024-10-10 00:00:00,5044.0,Cameras,GoPro Hero 11,1,4270.16,Apple Pay,Makkah
1257,2024-05-09 00:00:00,5353.0,TVs,LG 43-inch UHD,1,5419.35,Cash on Delivery,Riyadh
1258,2024-10-24 00:00:00,5360.0,Laptops,  MacBook Air M2,3,6205.4,Debit Card,Riyadh
1259,2024-11-25 00:00:00,5646.0,Camera,Nikon D3500,2,1249.84,Apple Pay,Makkah
1260,2024-02-02 00:00:00,5206.0,Laptops,Dell XPS 13,4,6497.55,Credit Card,Dammam
1261,2024-01-22,5407.0,Phones,Samsung Galaxy S23,3,4965.19,Cash on Delivery,Madinah
1262,2024-05-09 00:00:00,5365.0,CAMERAS ,Nikon D3500,1,1404.3,Debit Card,Dammam
1263,2024-05-19 00:00:00,5409.0,Phone, Xiaomi Redmi Note 12 ,1,3314.15,Cash on Delivery,Makkah
1264,2024-06-22 00:00:00,5376.0,TVs,LG 43-inch UHD,2,6362.34,Apple Pay,Makkah
1265,2024-02-12 00:00:00,5616.0,Cameras,Nikon D3500,4,3566.77,Credit Card,Makkah
1266,13/06/2024,5676.0,Laptops,HP Pavilion 15,1,7030.6,Credit Card,Dammam
1267,2024-08-16 00:00:00,5706.0,Accessory,Bluetooth Headphones,5,289.92,Apple Pay,Jeddah
1268,2024-08-16 00:00:00,5445.0,TV,   LG 43-inch UHD   ,1,3669.35,Cash on Delivery,Madinah
1269,2024-02-08 00:00:00,5767.0,Accessories,   Wireless Mouse   ,4,138.63,Cash on Delivery,Madinah
1270,2024-03-14 00:00:00,5129.0,Laptops,MacBook Air M2   ,5,7760.85,Apple Pay,Riyadh
1271,2024-11-26 00:00:00,5580.0,Phones,Samsung Galaxy S23,3,4335.4,Cash on Delivery,Makkah
1272,2024-12-13 00:00:00,5454.0,Phones,Samsung Galaxy S23,4,4534.75,Cash on Delivery,Dammam
1273,2024-09-28 00:00:00,5665.0,Phones,Samsung Galaxy S23,3,4696.34,Apple Pay,Dammam
1274,2024-02-28 00:00:00,5530.0,Accessories,USB-C Cable,1,219.2,Debit Card,Makkah
1275,2024-03-01 00:00:00,5219.0,TV,Sony 65-inch Bravia,3,4407.88,Cash on Delivery,Makkah
1276,2024-12-21 00:00:00,5138.0,Cameras,Nikon D3500,4,3773.86,Debit Card,Riyadh
1277,2024-03-29 00:00:00,5683.0,Phones,Oppo Reno 8,4,3774.87,Credit Card,Dammam
1278,2024-10-08,5161.0, Accessories ,   Wireless Mouse   ,5,289.73,Cash on Delivery,Dammam
1279,"September 17, 2024",5142.0,Laptops,HP Pavilion 15   ,2,7672.65,Credit Card,Jeddah
1280,14/01/2024,,Laptops,Lenovo ThinkPad E14,3,8285.03,Cash on Delivery,Makkah
1281,2024-02-03 00:00:00,5538.0,Laptops,MacBook Air M2,3,4696.97,Apple Pay,Makkah
1282,2024-10-21 00:00:00,5657.0,TVs,LG 43-inch UHD,1,3753.03,Debit Card,Dammam
1283,2024-08-26 00:00:00,5798.0,Phones,Oppo Reno 8,5,1828.94,Cash on Delivery,Jeddah
1284,2024-10-27,5514.0,Cameras,GoPro Hero 11,2,2981.81,Debit Card,Makkah
1285,2024-09-22 00:00:00,5165.0,Phones,iPhone 14,2,1625.8,Cash on Delivery,Jeddah
1286,06-26-2024,5256.0,Accessories,USB-C Cable,5,202.27,Cash on Delivery,Riyadh
1287,2024-03-05 00:00:00,5656.0,Laptops,HP Pavilion 15,3,6027.19,Credit Card,Madinah
1288,2024-03-28,5042.0,Laptops,Dell XPS 13,5,4362.52,Cash on Delivery,Madinah
1289,2024-01-24 00:00:00,5785.0, Phones,iPhone 14,5,3567.92,Cash on Delivery,Jeddah
1290,2024-11-12 00:00:00,5296.0,Cameras,Nikon D3500,1,1009.8,Apple Pay,Madinah
1291,2024-05-05 00:00:00,5074.0,Accessories,Laptop Stand,4,43.82,Cash on Delivery,Makkah
1292,2024-08-13 00:00:00,,Phones,Samsung Galaxy S23,-4,4379.1,Apple Pay,Makkah
1293,2024-06-09 00:00:00,5133.0,Accessories,USB-C Cable,3,163.27,Cash on Delivery,Makkah
1294,2024-06-12 00:00:00,5273.0,Accessories,Wireless Mouse,2,77.01,Apple Pay,Riyadh
1295,03-13-2024,5393.0,TVs,Samsung 55-inch QLED,1,4515.66,Credit Card,Dammam
1296,2024-05-07 00:00:00,5738.0,Camera,Nikon D3500,-2,3671.98,Cash on Delivery,Madinah
1297,22/03/2024,5315.0,Accessories,USB-C Cable,4,109.85,Apple Pay,Makkah
1298,2024-02-16 00:00:00,5220.0,TVs,Samsung 55-inch QLED,4,5039.03,Apple Pay,Jeddah
1299,2024-01-25 00:00:00,,Cameras,Nikon D3500,1,1207.25,Cash on Delivery,Makkah
1300,2024-10-01 00:00:00,5137.0,TVs,LG 43-inch UHD   ,1,2068.74,Credit Card,Makkah
1301,2024-07-25,5052.0,Accessories,Bluetooth Headphones,3,226.6,Credit Card,Makkah
1302,2024-04-09 00:00:00,5395.0,Cameras,GoPro Hero 11,3,2846.29,Cash on Delivery,Riyadh
1303,2024-10-08 00:00:00,5099.0,Cameras,Nikon D3500,3,3194.75,Credit Card,Jeddah
1304,2024-06-22 00:00:00,5203.0,TVs,LG 43-inch UHD,5,5575.67,Cash on Delivery,Jeddah
1305,2024-07-24 00:00:00,5039.0, Cameras,GoPro Hero 11,5,4413.07,Credit Card,Riyadh
1306,2024-08-30 00:00:00,5620.0,Laptops,HP Pavilion 15,5,5855.95,Apple Pay,Jeddah
1307,2024-06-16 00:00:00,5402.0,Cameras,Canon EOS 200D,5,2062.64,,Jeddah
1308,2024-06-02 00:00:00,5521.0,Cameras,GoPro Hero 11,-5,3762.67,Cash on Delivery,Madinah
1309,2024-12-28 00:00:00,5017.0,Cameras,Nikon D3500,5,44212.38407672604,Cash on Delivery,Makkah
1310,2024-12-10 00:00:00,5315.0,Accessories,Bluetooth Headphones,1,4537.251703489933,Apple Pay,Madinah
1311,15/05/2024,5597.0,Phones,  Oppo Reno 8,5,1774.6,Debit Card,Riyadh
1312,2024-09-25 00:00:00,5697.0,TVs,Samsung 55-inch QLED,5,1931.82,Apple Pay,Jeddah
1313,2024-10-20 00:00:00,5451.0,laptops,MacBook Air M2,1,8757.21,Debit Card,Riyadh
1314,2024-03-18,5513.0, Accessories ,Laptop Stand,4,339.31,Debit Card,Makkah
1315,02/01/2024,5332.0,Cameras,Nikon D3500,2,3405.51,Debit Card,Madinah
1316,2024-07-11 00:00:00,5545.0,TVs,Sony 65-inch Bravia,3,3926.56,Debit Card,Makkah
1317,"December 12, 2024",5252.0,Accessories,Bluetooth Headphones,3,94.12,,Jeddah
1318,2024-04-25 00:00:00,5706.0,ACCESSORIES,Bluetooth Headphones,3,87.88,Cash on Delivery,
1319,2024-09-02 00:00:00,5124.0,TVs,LG 43-inch UHD,-3,3101.26,Cash on Delivery,Dammam
1320,2024-10-05 00:00:00,5791.0,Cameras,GoPro Hero 11,4,2877.22,Apple Pay,Dammam
1321,"January 22, 2024",5452.0,Laptops,HP Pavilion 15,3,7144.87,Credit Card,Dammam
1322,2024-04-19 00:00:00,5712.0,Accessories,Laptop Stand,2,274.27,,Madinah
1323,2024-02-25 00:00:00,5051.0,Accessories,USB-C Cable,5,133.58,Debit Card,Jeddah
1324,2024-11-22 00:00:00,5423.0,Cameras,Canon EOS 200D,2,4337.52,Credit Card,Riyadh
1325,2024-02-21,5161.0,Accessory,Laptop Stand,-2,303.02,Credit Card,
1326,2024-08-31 00:00:00,5328.0,TVs,Sony 65-inch Bravia   ,4,4682.64,Debit Card,Dammam
1327,2024-02-15 00:00:00,5756.0,Accessories,Wireless Mouse,5,256.34,Debit Card,Madinah
1328,2024-08-01 00:00:00,5507.0,PHONES,Samsung Galaxy S23,2,2968.6,Credit Card,
1329,"January 20, 2024",5617.0,Laptops,HP Pavilion 15,1,4110.25,Cash on Delivery,Madinah
1330,2024-05-25 00:00:00,5516.0,Phones, Xiaomi Redmi Note 12,4,2745.9,Apple Pay,Jeddah
1331,2024-04-08 00:00:00,,TVs,LG 43-inch UHD,1,5740.8,Cash on Delivery,Jeddah
1332,2024-05-11 00:00:00,5302.0,TVs,Sony 65-inch Bravia,-2,1874.85,Credit Card,Dammam
1333,2024-04-08 00:00:00,5527.0,Cameras,GoPro Hero 11,2,1317.86,Apple Pay,Makkah
1334,2024-07-24 00:00:00,5488.0,Accessories,Wireless Mouse,1,47.02,Debit Card,Jeddah
1335,2024-01-04 00:00:00,5457.0,Accessories,USB-C Cable,3,45.07,Apple Pay,Jeddah
1336,2024-03-06,5669.0,Accessories,Bluetooth Headphones,5,346.52,Credit Card,Dammam
1337,2024-02-01 00:00:00,5163.0,Accessories,USB-C Cable,1,290.35,Apple Pay,Dammam
1338,2024-09-14,5376.0,TVs,Sony 65-inch Bravia,3,4265.7,Credit Card,Dammam
1339,2024-04-22 00:00:00,5465.0,Cameras,Canon EOS 200D,2,1252.2,Apple Pay,Jeddah
1340,2024-07-31 00:00:00,5680.0, Cameras,Nikon D3500,-5,2669.82,Apple Pay,Madinah
1341,2024-12-14 00:00:00,5457.0,Laptops,Dell XPS 13,5,5577.57,Credit Card,Madinah
1342,07-04-2024,5560.0,Cameras, GoPro Hero 11 ,-1,1523.53,Credit Card,Riyadh
1343,2024-10-20 00:00:00,5335.0,Cameras,Canon EOS 200D,5,2461.87,Debit Card,Jeddah
1344,2024-02-29 00:00:00,5522.0,Cameras,  Nikon D3500,2,2334.62,Apple Pay,Riyadh
1345,2024-08-20,5577.0,TVs,Samsung 55-inch QLED,2,5002.42,Apple Pay,Makkah
1346,2024-12-10 00:00:00,5260.0,Phone,   Oppo Reno 8,3,3722.83,Credit Card,Makkah
1347,23/10/2024,5352.0,Phones,Samsung Galaxy S23,1,1658.56,Credit Card,Makkah
1348,2024-02-05 00:00:00,5418.0,Phones,iPhone 14,4,2811.14,Credit Card,Dammam
1349,2024-11-24 00:00:00,,Laptops,Dell XPS 13,4,6568.09,Cash on Delivery,
1350,2024-02-11 00:00:00,5121.0,TVs,LG 43-inch UHD,5,4416.31,Debit Card,Dammam
1351,2024-09-27 00:00:00,,Laptops,Lenovo ThinkPad E14,2,8067.18,Debit Card,Riyadh
1352,2024-08-25 00:00:00,5388.0,Phones,Xiaomi Redmi Note 12,5,3805.43,Apple Pay,Madinah
1353,"August 23, 2024",5193.0,Laptops,   Dell XPS 13   ,3,3559.07,Debit Card,Dammam
1354,2024-12-04 00:00:00,5211.0,Phones,   iPhone 14   ,4,1746.99,Credit Card,Jeddah
1355,2024-10-31 00:00:00,5688.0,Phones,iPhone 14,1,3748.47,Apple Pay,Madinah
1356,01-23-2024,5552.0,Phones,Samsung Galaxy S23,4,1592.79,Apple Pay,Jeddah
1357,2024-03-12 00:00:00,5749.0,Laptops, MacBook Air M2,5,6307.54,Cash on Delivery,Jeddah
1358,2024-10-22 00:00:00,5309.0,CAMERAS ,Nikon D3500,5,4284.83,Cash on Delivery,Jeddah
1359,2024-07-30 00:00:00,5570.0, Laptops,Dell XPS 13,3,6240.58,Cash on Delivery,Riyadh
1360,2024-03-30 00:00:00,5352.0, Cameras,GoPro Hero 11,-4,2297.41,Apple Pay,Riyadh
1361,2024-06-12 00:00:00,5307.0,tvs,Sony 65-inch Bravia,4,5145.1,Apple Pay,Jeddah
1362,2024-10-02 00:00:00,5307.0,TVs,Samsung 55-inch QLED,4,4182.92,Debit Card,Jeddah
1363,2024-01-30,5570.0,Laptops,Lenovo ThinkPad E14,5,6046.51,Apple Pay,Makkah
1364,2024-07-17 00:00:00,,Cameras,Canon EOS 200D,2,4289.27,Cash on Delivery,Jeddah
1365,2024-07-08 00:00:00,5274.0,Phones,Oppo Reno 8  ,1,2851.36,Debit Card,Riyadh
1366,05-11-2024,,TVs,Sony 65-inch Bravia,5,6798.19,Credit Card,Riyadh
1367,2024-12-09 00:00:00,5213.0,Cameras,GoPro Hero 11,5,4159.26,Debit Card,Makkah
1368,2024-01-08 00:00:00,,Accessories,Bluetooth Headphones,2,102.44,Debit Card,Riyadh
1369,2024-12-22 00:00:00,5245.0, TVs,Samsung 55-inch QLED,5,2160.68,,Makkah
1370,2024-05-24 00:00:00,5664.0,CAMERAS , Nikon D3500,4,1262.8,Apple Pay,Madinah
1371,2024-05-13 00:00:00,5100.0,Accessories,Bluetooth Headphones,3,36.74,Apple Pay,Makkah
1372,2024-04-14 00:00:00,5046.0,TVs,  LG 43-inch UHD,3,2291.1,Cash on Delivery,Makkah
1373,2024-03-15 00:00:00,5598.0,Cameras,Canon EOS 200D,1,3358.82,Cash on Delivery,Madinah
1374,2024-08-01 00:00:00,5337.0,Cameras,GoPro Hero 11,3,1156.28,Debit Card,Jeddah
1375,2024-10-18 00:00:00,5670.0, Laptops,Lenovo ThinkPad E14,2,4573.34,Apple Pay,Madinah
1376,"September 07, 2024",5750.0,Accessories,  Bluetooth Headphones,4,342.6,Apple Pay,Jeddah
1377,2024-03-12 00:00:00,5555.0,ACCESSORIES,USB-C Cable,5,38.61,Apple Pay,Jeddah
1378,2024-02-08,5140.0,Phones ,iPhone 14,1,4350.64,Credit Card,Makkah
1379,2024-12-28 00:00:00,5517.0,Laptops,MacBook Air M2,2,4332.06,Credit Card,Jeddah
1380,2024-01-31 00:00:00,5016.0,TVs,LG 43-inch UHD,5,2414.46,Apple Pay,Makkah
1381,2024-01-07 00:00:00,5293.0,Phones,Oppo Reno 8,1,3938.58,Cash on Delivery,Madinah
1382,2024-04-01 00:00:00,5152.0,Phones,Oppo Reno 8,1,3701.3,Credit Card,Madinah
1383,2024-11-13 00:00:00,5273.0,Laptops,Dell XPS 13,5,8203.57,Cash on Delivery,Dammam
1384,2024-07-10 00:00:00,5249.0,TVs,Samsung 55-inch QLED,4,5622.37,Apple Pay,Madinah
1385,"December 16, 2024",5415.0,Laptops,HP Pavilion 15,1,7722.63,Credit Card,Riyadh
1386,2024-10-09 00:00:00,5719.0,TVs,LG 43-inch UHD,4,3266.58,Credit Card,Riyadh
1387,2024-09-12 00:00:00,5097.0,Laptops,MacBook Air M2,4,3653.36,Cash on Delivery,Madinah
1388,2024-04-27 00:00:00,5047.0,Cameras,Canon EOS 200D,2,3602.21,Apple Pay,Dammam
1389,2024-10-05 00:00:00,,Phones, Xiaomi Redmi Note 12,5,4323.92,Credit Card,Jeddah
1390,2024-10-27 00:00:00,5306.0,Phones,Samsung Galaxy S23  ,2,4966.77,Apple Pay,Riyadh
1391,2024-10-17 00:00:00,5773.0,Laptops,Dell XPS 13,4,5182.01,Cash on Delivery,Makkah
1392,2024-09-13 00:00:00,5447.0,Laptops,MacBook Air M2,3,4918.12,Credit Card,Riyadh
1393,2024-06-23 00:00:00,,Laptops,MacBook Air M2,5,7546.68,Apple Pay,Dammam
1394,09-08-2024,5384.0,Accessories,Laptop Stand,-2,156.1,Cash on Delivery,Madinah
1395,2024-12-14 00:00:00,5790.0,TVs, Samsung 55-inch QLED,5,6639.94,Apple Pay,Riyadh
1396,2024-05-06 00:00:00,5157.0,Cameras,Nikon D3500,1,3990.29,Credit Card,Dammam
1397,2024-11-20 00:00:00,5369.0,TVs,Sony 65-inch Bravia,2,4030.77,Apple Pay,Dammam
1398,2024-01-03 00:00:00,,Phones,iPhone 14,3,4128.05,Apple Pay,Dammam
1399,2024-03-08 00:00:00,5459.0,Accessories,Wireless Mouse,1,309.18,Debit Card,Makkah
1400,2024-09-19 00:00:00,5091.0,cameras, GoPro Hero 11,4,1271.25,Credit Card,Riyadh
1401,2024-11-01 00:00:00,5012.0,Accessories,Wireless Mouse,5,363.94,Cash on Delivery,Makkah
1402,2024-07-17 00:00:00,5533.0,Accessories,Laptop Stand,-1,216.94,Debit Card,Madinah
1403,2024-03-27 00:00:00,5274.0,Laptops,Lenovo ThinkPad E14,2,7871.97,Cash on Delivery,Dammam
1404,2024-02-02 00:00:00,5431.0,TVs,Samsung 55-inch QLED  ,2,3464.26,Apple Pay,Dammam
1405,2024-02-09 00:00:00,5738.0,Accessories,Laptop Stand,3,361.34,Cash on Delivery,Jeddah
1406,11/11/2024,5138.0,TVs,Sony 65-inch Bravia,2,3823.85,Apple Pay,Riyadh
1407,2024-07-21 00:00:00,5450.0,Accessories,Wireless Mouse,3,34.01,Apple Pay,
1408,2024-11-29 00:00:00,5328.0,Accessories,Laptop Stand,5,364.99,Debit Card,Dammam
1409,2024-04-12 00:00:00,5407.0,Cameras, GoPro Hero 11,4,1228.63,Cash on Delivery,Jeddah
1410,2024-12-21 00:00:00,5385.0,Accessories,Bluetooth Headphones,4,148.15,Debit Card,Dammam
1411,2024-07-05 00:00:00,5558.0,Accessories,Laptop Stand,1,381.52,Debit Card,Madinah
1412,2024-08-24,5709.0,laptops,MacBook Air M2,2,8678.95,Apple Pay,Dammam
1413,2024-12-10 00:00:00,5247.0,Phones,  Oppo Reno 8,4,3507.03,Debit Card,Dammam
1414,2024-08-04 00:00:00,5612.0,Accessory,USB-C Cable,4,263.78,Credit Card,Makkah
1415,2024-07-24 00:00:00,5037.0,Tvs ,Sony 65-inch Bravia,5,4131.92,Apple Pay,Madinah
1416,2024-02-25 00:00:00,,Accessory,Wireless Mouse,2,138.49,Cash on Delivery,Jeddah
1417,10-15-2024,5108.0,Cameras,Canon EOS 200D,4,2083.19,Cash on Delivery,Makkah
1418,2024-05-12 00:00:00,5383.0,Phones,iPhone 14,2,3853.81,Debit Card,Makkah
1419,2024-12-13 00:00:00,5025.0,tvs,LG 43-inch UHD,5,5712.35,Debit Card,Dammam
1420,2024-05-31 00:00:00,,TV,   Samsung 55-inch QLED   ,4,5916.21,Credit Card,Riyadh
1421,08/06/2024,5533.0,Laptops,HP Pavilion 15,3,7632.52,Apple Pay,Jeddah
1422,2024-08-31 00:00:00,5326.0,TVs,LG 43-inch UHD,1,2274.27,Apple Pay,Makkah
1423,2024-01-23 00:00:00,5663.0,Phones,Xiaomi Redmi Note 12,1,3230.47,Credit Card,Dammam
1424,04-05-2024,5163.0,Phones,Samsung Galaxy S23,5,1701.46,Debit Card,Madinah
1425,2024-08-24,5190.0,Accessories,Laptop Stand,2,233.33,Apple Pay,Jeddah
1426,01-15-2024,5606.0,TV,LG 43-inch UHD,-5,4095.96,Debit Card,Makkah
1427,2024-01-03 00:00:00,5770.0,Tvs ,LG 43-inch UHD,2,6416.06,Debit Card,Dammam
1428,"January 10, 2024",5201.0,Phones,iPhone 14,2,2728.2,Cash on Delivery,Dammam
1429,2024-05-14 00:00:00,5397.0,TVs,Samsung 55-inch QLED,4,2408.75,Cash on Delivery,Madinah
1430,"October 27, 2024",5468.0,CAMERAS ,Nikon D3500,1,1414.77,Cash on Delivery,Dammam
1431,2024-12-10 00:00:00,5320.0,Cameras,Canon EOS 200D,3,3641.44,Credit Card,Jeddah
1432,05/06/2024,5710.0,Phones, Samsung Galaxy S23,1,3663.76,Debit Card,Dammam
1433,2024-08-02 00:00:00,5392.0,LAPTOPS,Lenovo ThinkPad E14,5,3157.3,Debit Card,Madinah
1434,2024-09-06 00:00:00,5170.0,TVs, Samsung 55-inch QLED,5,2237.36,Debit Card,Madinah
1435,2024-03-12 00:00:00,,TVs,LG 43-inch UHD,2,5445.04,Cash on Delivery,Makkah
1436,2024-01-05 00:00:00,5393.0,Phones,Xiaomi Redmi Note 12,4,1754.67,Debit Card,Jeddah
1437,2024-11-30 00:00:00,5425.0,Cameras,GoPro Hero 11,4,3858.7,Apple Pay,
1438,2024-03-26 00:00:00,5299.0,tvs,LG 43-inch UHD,1,5472.46,Credit Card,Jeddah
1439,2024-04-25 00:00:00,5799.0,Phones,Xiaomi Redmi Note 12,5,1784.72,Cash on Delivery,
1440,2024-09-10 00:00:00,5116.0,Tvs ,Sony 65-inch Bravia,5,2241.16,Credit Card,Madinah
1441,2024-10-04 00:00:00,5223.0,Accessories,Bluetooth Headphones,1,395.06,Apple Pay,Madinah
1442,2024-11-30 00:00:00,5460.0,TVs,Samsung 55-inch QLED,2,3746.21,Cash on Delivery,Riyadh
1443,"February 14, 2024",5214.0,Accessories,Bluetooth Headphones,4,167.14,Credit Card,Jeddah
1444,2024-06-28 00:00:00,5630.0,CAMERAS ,GoPro Hero 11,-5,3826.08,Apple Pay,Jeddah
1445,2024-04-15 00:00:00,5287.0,Laptop,Dell XPS 13,1,8657.12,Cash on Delivery,
1446,2024-03-27,5586.0, Cameras,GoPro Hero 11,3,4449.6,Cash on Delivery,Dammam
1447,10/03/2024,5671.0,Accessories,   Wireless Mouse,4,308.75,Credit Card,
1448,05/07/2024,5779.0,LAPTOPS, Dell XPS 13,-2,4945.69,Cash on Delivery,Jeddah
1449,2024-03-13 00:00:00,5384.0,TV,LG 43-inch UHD,5,2234.2,Cash on Delivery,Makkah
1450,2024-11-20 00:00:00,5767.0, TVs,Samsung 55-inch QLED,1,5841.16,Apple Pay,Madinah
1451,2024-08-20 00:00:00,5002.0,Accessories,Bluetooth Headphones,4,236.61,Cash on Delivery,Madinah
1452,2024-11-21 00:00:00,5407.0,Phones,   Oppo Reno 8   ,3,2984.78,Credit Card,Madinah
1453,18/04/2024,5290.0,Laptops,Lenovo ThinkPad E14,-4,8391.3,Cash on Delivery,Dammam
1454,2024-10-16 00:00:00,5047.0,ACCESSORIES,USB-C Cable,4,71.14,Cash on Delivery,Riyadh
1455,2024-01-09 00:00:00,5467.0, Phones,   Oppo Reno 8,1,3224.19,Debit Card,Makkah
1456,2024-04-13 00:00:00,5280.0,phones,Oppo Reno 8,2,1539.74,Cash on Delivery,Jeddah
1457,08-05-2024,5053.0,Phones,Xiaomi Redmi Note 12,1,3140.31,Cash on Delivery,Jeddah
1458,2024-06-05 00:00:00,5720.0,TVs,  Sony 65-inch Bravia  ,2,2092.78,Apple Pay,Riyadh
1459,2024-04-19 00:00:00,5607.0,Phones,iPhone 14,4,1915.86,Credit Card,Jeddah
1460,2024-01-05 00:00:00,5432.0,Laptops,Lenovo ThinkPad E14,1,3263.92,Cash on Delivery,Riyadh
1461,2024-02-06,5748.0,Laptops,Lenovo ThinkPad E14,2,6719.87,Apple Pay,Riyadh
1462,2024-06-09 00:00:00,5391.0,Phones,iPhone 14,3,4111.16,Cash on Delivery,Jeddah
1463,2024-02-05,5665.0,Laptops,Dell XPS 13,5,6291.9,Credit Card,Madinah
1464,2024-06-28,5630.0,Laptops,Lenovo ThinkPad E14,2,8754.12,Debit Card,Makkah
1465,2024-02-14 00:00:00,5603.0,TVs,Samsung 55-inch QLED,1,3749.33,Debit Card,Riyadh
1466,"August 07, 2024",5283.0,TVs,LG 43-inch UHD,3,3285.7,Debit Card,Jeddah
1467,2024-10-10,5674.0,Phones,Samsung Galaxy S23,5,4540.1,Cash on Delivery,Riyadh
1468,"September 22, 2024",5302.0,Accessories,USB-C Cable,5,112.73,Debit Card,Makkah
1469,2024-09-10 00:00:00,5511.0,Phones,Samsung Galaxy S23,4,4871.28,Credit Card,Jeddah
1470,2024-09-27 00:00:00,5135.0,Cameras,Canon EOS 200D ,1,943.76,Cash on Delivery,Dammam
1471,2024-08-03 00:00:00,5788.0,TVs,   Sony 65-inch Bravia   ,3,6843.37,Debit Card,Makkah
1472,10-27-2024,5220.0,Phones,iPhone 14,1,1651.06,Credit Card,Dammam
1473,2024-07-22 00:00:00,5785.0,Phones,iPhone 14,-5,4619.0,,Madinah
1474,2024-12-25 00:00:00,5550.0, TVs,LG 43-inch UHD,4,4544.05,Credit Card,Madinah
1475,2024-05-22 00:00:00,5523.0,Cameras,Canon EOS 200D,1,4474.67,Cash on Delivery,Riyadh
1476,2024-10-01 00:00:00,5649.0,Laptops,Dell XPS 13,3,2979.68,,Madinah
1477,2024-12-23 00:00:00,5250.0,Phones,Xiaomi Redmi Note 12,4,3438.49,,Riyadh
1478,2024-02-29,5682.0,Phones,Oppo Reno 8,4,4892.56,Credit Card,Dammam
1479,2024-01-07 00:00:00,5508.0,laptops,MacBook Air M2,2,5900.14,Credit Card,Jeddah
1480,26/03/2024,5750.0,Accessories,Bluetooth Headphones,3,262.88,Debit Card,Dammam
1481,2024-06-20 00:00:00,,Phones,   iPhone 14,-4,3935.12,Cash on Delivery,Madinah
1482,2024-09-11,5511.0,Accessories,Wireless Mouse,4,198.18,Cash on Delivery,Riyadh
1483,2024-07-07 00:00:00,5587.0,Cameras,Canon EOS 200D,2,3159.21,Cash on Delivery,Riyadh
1484,2024-09-17 00:00:00,5250.0,Phones,Samsung Galaxy S23,1,3545.1,Credit Card,Riyadh
1485,2024-07-05 00:00:00,5036.0,Phones,Oppo Reno 8,4,4654.05,Debit Card,Jeddah
1486,2024-12-01 00:00:00,5254.0,Cameras,GoPro Hero 11,4,1063.61,Debit Card,Dammam
1487,2024-06-12 00:00:00,, TVs,Sony 65-inch Bravia,3,3261.01,Credit Card,Madinah
1488,2024-04-01 00:00:00,5070.0,Phones,iPhone 14,2,4826.44,Credit Card,Makkah
1489,2024-06-08 00:00:00,5467.0,TVs,LG 43-inch UHD,3,6429.37,Credit Card,Madinah
1490,2024-04-12 00:00:00,,Phones,Xiaomi Redmi Note 12,3,3094.8,Cash on Delivery,Madinah
1491,2024-10-29 00:00:00,5778.0,TVs,LG 43-inch UHD,4,5024.69,Debit Card,Madinah
1492,2024-01-04 00:00:00,5554.0,Laptop,Dell XPS 13,4,4302.98,Credit Card,Jeddah
1493,2024-06-20 00:00:00,5106.0,Accessories,Wireless Mouse,1,99.6,Apple Pay,Dammam
1494,2024-08-02 00:00:00,5728.0,Laptops,Dell XPS 13,4,5514.04,Credit Card,Jeddah
1495,01-23-2024,5469.0,Accessories,Wireless Mouse,2,160.74,Apple Pay,Dammam
1496,15/09/2024,5606.0,Phones,iPhone 14,2,3542.8,Apple Pay,Riyadh
1497,2024-08-10 00:00:00,5267.0,Cameras,Canon EOS 200D,2,1179.84,Debit Card,Dammam
1498,2024-12-24 00:00:00,5278.0,Accessories,Laptop Stand,3,390.53,Cash on Delivery,Makkah
1499,2024-04-13 00:00:00,5108.0,Laptops,MacBook Air M2,2,210105.97370972665,,
1500,2024-08-26 00:00:00,5548.0,Laptop,Lenovo ThinkPad E14,3,7038.05,Apple Pay,Riyadh
1501,2024-08-19 00:00:00,5122.0,Accessories,USB-C Cable,3,228.36,Apple Pay,Dammam
1502,2024-12-17 00:00:00,5335.0,Phone,Samsung Galaxy S23,3,2583.35,Credit Card,Jeddah
1503,2024-12-30 00:00:00,5525.0,Laptops,MacBook Air M2,2,7789.67,Cash on Delivery,Makkah
1504,2024-05-13 00:00:00,5463.0,Phones,Xiaomi Redmi Note 12,2,3896.56,Credit Card,Makkah
1505,2024-10-08 00:00:00,5104.0,Cameras,GoPro Hero 11,2,1485.42,Credit Card,Makkah
1506,2024-01-07 00:00:00,5202.0,Laptops,MacBook Air M2,1,8421.03,Debit Card,Jeddah
1507,2024-12-17 00:00:00,5022.0,Tvs ,LG 43-inch UHD,1,6077.19,Cash on Delivery,Riyadh
1508,2024-11-26 00:00:00,5339.0,Phones,Samsung Galaxy S23  ,4,4824.3,Debit Card,Riyadh
1509,2024-08-24 00:00:00,5443.0,Phones,iPhone 14,1,4040.02,Debit Card,Madinah
1510,2024-01-16 00:00:00,5362.0,TVs,LG 43-inch UHD,4,4989.76,Apple Pay,Jeddah
1511,2024-05-20 00:00:00,5035.0,laptops,Dell XPS 13,3,5218.58,Apple Pay,Jeddah
1512,2024-11-11 00:00:00,5421.0,Camera,GoPro Hero 11,2,4257.82,Cash on Delivery,Makkah
1513,2024-02-01 00:00:00,5140.0,Camera,Nikon D3500,1,4017.83,Cash on Delivery,Makkah
1514,"November 25, 2024",5019.0,TV,Samsung 55-inch QLED,5,2035.14,,Madinah
1515,"February 07, 2024",5579.0,TVs,Sony 65-inch Bravia,4,1937.11,Apple Pay,Dammam
1516,2024-07-17 00:00:00,5326.0,Cameras,Nikon D3500,3,2255.27,Debit Card,Riyadh
1517,2024-01-16,,CAMERAS ,Canon EOS 200D,3,3817.99,Credit Card,Makkah
1518,2024-03-22 00:00:00,,Accessories,USB-C Cable,1,395.29,Debit Card,Jeddah
1519,2024-01-29 00:00:00,5177.0,Cameras,GoPro Hero 11,2,1441.5,Apple Pay,Dammam
1520,2024-10-30 00:00:00,5028.0,Laptops,Dell XPS 13,3,6361.85,,Madinah
1521,10-15-2024,5316.0,Accessories,   USB-C Cable,2,170.93,Apple Pay,Madinah
1522,2024-01-20 00:00:00,5616.0,Laptops,Lenovo ThinkPad E14,1,8804.44,Credit Card,Jeddah
1523,26/09/2024,5628.0,Laptops,MacBook Air M2,4,7973.77,Credit Card,Dammam
1524,2024-06-23 00:00:00,5022.0,Laptops,Dell XPS 13,2,7949.14,Cash on Delivery,Riyadh
1525,2024-02-26 00:00:00,5382.0,Laptops,Dell XPS 13,5,5546.51,Cash on Delivery,Riyadh
1526,2024-02-21 00:00:00,5139.0,TVs,Sony 65-inch Bravia,3,3957.06,Cash on Delivery,Dammam
1527,11-23-2024,5724.0,Laptop,Lenovo ThinkPad E14,4,4277.15,Cash on Delivery,Jeddah
1528,2024-11-10 00:00:00,5179.0,Cameras,GoPro Hero 11,3,1102.95,Debit Card,
1529,2024-12-18 00:00:00,5746.0,TVs,LG 43-inch UHD,3,6296.56,Debit Card,Jeddah
1530,2024-10-17 00:00:00,5325.0,Phones,Oppo Reno 8,1,4345.15,Debit Card,Madinah
1531,"November 23, 2024",5144.0,Camera,Canon EOS 200D,5,4498.98,Credit Card,Makkah
1532,2024-05-01 00:00:00,5651.0, Accessories ,Wireless Mouse,-3,398.76,Cash on Delivery,
1533,2024-08-16,5255.0,PHONES, Xiaomi Redmi Note 12,1,3444.01,Cash on Delivery,Jeddah
1534,2024-05-11 00:00:00,5395.0,Phones,Xiaomi Redmi Note 12,1,4191.46,Credit Card,Riyadh
1535,2024-08-02 00:00:00,5387.0,TVs,Sony 65-inch Bravia,-2,6712.78,Apple Pay,Makkah
1536,2024-02-21 00:00:00,5462.0,Accessories,Laptop Stand,-4,344.37,Debit Card,Jeddah
1537,2024-05-30 00:00:00,5107.0,Phones,  iPhone 14,1,2365.72,Cash on Delivery,Dammam
1538,2024-03-28 00:00:00,5560.0,Phones,Xiaomi Redmi Note 12,4,3076.9,,Riyadh
1539,2024-10-31 00:00:00,5441.0,Phones ,Xiaomi Redmi Note 12,5,1952.06,Apple Pay,Riyadh
1540,2024-03-21 00:00:00,5210.0,Laptop,Lenovo ThinkPad E14,1,8701.33,Credit Card,Dammam
1541,2024-12-22 00:00:00,5304.0,Laptops,   Lenovo ThinkPad E14,5,6440.14,Cash on Delivery,Dammam
1542,2024-01-26 00:00:00,5055.0,Laptops,MacBook Air M2,4,3986.18,Apple Pay,Jeddah
1543,2024-08-06 00:00:00,5491.0,Accessories,Wireless Mouse,1,278.53,Cash on Delivery,Madinah
1544,"January 14, 2024",5083.0,Laptops,MacBook Air M2   ,2,6517.83,Debit Card,Dammam
1545,2024-06-06 00:00:00,5676.0,TVs,Samsung 55-inch QLED,4,3662.45,Apple Pay,Makkah
1546,2024-11-24,5379.0,ACCESSORIES,Wireless Mouse,5,72.02,Apple Pay,Jeddah
1547,2024-04-05 00:00:00,5450.0,TV,LG 43-inch UHD,4,5292.18,Credit Card,Dammam
1548,2024-04-25 00:00:00,5770.0,TVs,LG 43-inch UHD,3,4505.6,Credit Card,Jeddah
1549,2024-12-08 00:00:00,5232.0,Phones,iPhone 14,-3,4203.11,Apple Pay,Madinah
1550,2024-07-17 00:00:00,5703.0,Cameras,Canon EOS 200D,5,2772.59,Apple Pay,Madinah
1551,2024-04-30 00:00:00,5404.0,TVs,Sony 65-inch Bravia,4,6231.34,Cash on Delivery,Riyadh
1552,2024-03-02 00:00:00,5216.0,Phones,Samsung Galaxy S23,4,3431.67,Debit Card,Jeddah
1553,2024-01-22 00:00:00,5206.0,Laptops,Dell XPS 13,4,6146.1,Credit Card,Makkah
1554,2024-06-12 00:00:00,5569.0,Laptops,HP Pavilion 15,1,8198.25,Credit Card,Makkah
1555,2024-06-15 00:00:00,,TVs,Sony 65-inch Bravia,3,3898.11,Apple Pay,Riyadh
1556,2024-09-24 00:00:00,5153.0,Cameras,GoPro Hero 11   ,4,1382.45,Credit Card,Makkah
1557,"February 24, 2024",,Laptops,MacBook Air M2,5,2687.09,Credit Card,
1558,2024-05-15 00:00:00,5623.0,Accessories,Laptop Stand,4,309.4,Apple Pay,Madinah
1559,"March 29, 2024",5633.0,TVs,Samsung 55-inch QLED,3,5025.61,Apple Pay,Jeddah
1560,2024-12-21 00:00:00,5339.0,Cameras,   GoPro Hero 11   ,4,3434.69,Credit Card,Makkah
1561,2024-08-31 00:00:00,5345.0,LAPTOPS,MacBook Air M2,3,3884.27,Cash on Delivery,Riyadh
1562,2024-05-23 00:00:00,5137.0,ACCESSORIES,Bluetooth Headphones,4,80.46,Credit Card,
1563,"June 13, 2024",5661.0,Accessories,Laptop Stand,3,35.38,Apple Pay,Madinah
1564,"August 14, 2024",5777.0,Phone,Samsung Galaxy S23 ,2,2727.06,Apple Pay,Makkah
1565,2024-01-29 00:00:00,5318.0,cameras,Nikon D3500,5,3023.7,Debit Card,Riyadh
1566,2024-03-10 00:00:00,5197.0,Cameras,Nikon D3500,5,2312.08,Credit Card,Jeddah
1567,2024-05-07 00:00:00,5369.0,Laptops,MacBook Air M2,1,5343.59,Apple Pay,Riyadh
1568,2024-07-07 00:00:00,5697.0,Laptops,HP Pavilion 15,4,8377.03,Apple Pay,Riyadh
1569,2024-07-09,5485.0,phones,Samsung Galaxy S23,4,2718.89,Apple Pay,Jeddah
1570,2024-06-28,5766.0,Cameras,   GoPro Hero 11   ,3,2750.36,Debit Card,Dammam
1571,2024-01-15 00:00:00,5585.0, Phones,Xiaomi Redmi Note 12,4,4242.79,Credit Card,Jeddah
1572,2024-11-27 00:00:00,5667.0,LAPTOPS,Dell XPS 13,2,5077.53,Debit Card,Dammam
1573,2024-01-11 00:00:00,5662.0,TVs,Sony 65-inch Bravia,1,5034.85,Apple Pay,Jeddah
1574,2024-04-24 00:00:00,5433.0,Laptops,MacBook Air M2,-3,8105.36,Cash on Delivery,Dammam
1575,2024-08-23,5309.0,TVs, LG 43-inch UHD,3,6737.51,Debit Card,Makkah
1576,22/07/2024,5523.0,Cameras,GoPro Hero 11   ,5,1429.46,Credit Card,Riyadh
1577,2024-06-01 00:00:00,5344.0,Accessories,Bluetooth Headphones,1,372.84,Apple Pay,Riyadh
1578,2024-05-21 00:00:00,5153.0,ACCESSORIES,Bluetooth Headphones,3,212.08,Cash on Delivery,Jeddah
1579,01-30-2024,5697.0,Cameras, Canon EOS 200D ,5,1829.68,Apple Pay,Dammam
1580,"December 01, 2024",5428.0, Laptops,MacBook Air M2,4,5484.38,,Dammam
1581,2024-01-19 00:00:00,5743.0,TVs,LG 43-inch UHD,5,6896.17,Debit Card,Dammam
1582,2024-12-09 00:00:00,5673.0,Laptops,Lenovo ThinkPad E14,3,5702.02,Cash on Delivery,Jeddah
1583,2024-05-30 00:00:00,5758.0,Cameras,Canon EOS 200D,1,2083.51,Apple Pay,Jeddah
1584,2024-12-14 00:00:00,5363.0,accessories, USB-C Cable ,3,264.36,Credit Card,Jeddah
1585,2024-08-03 00:00:00,5599.0,Laptops,HP Pavilion 15,3,4060.95,Cash on Delivery,Dammam
1586,01-03-2024,5594.0,Accessories,Laptop Stand,-4,58.07,Credit Card,Madinah
1587,2024-08-29 00:00:00,,Camera,Canon EOS 200D,2,1363.97,Credit Card,Makkah
1588,2024-01-28 00:00:00,5350.0,Accessories,Laptop Stand,2,77.38,Debit Card,Jeddah
1589,22/08/2024,,TVs,Sony 65-inch Bravia,2,2589.89,Cash on Delivery,Jeddah
1590,2024-06-19 00:00:00,5004.0,Phones ,Oppo Reno 8,2,1985.9,Cash on Delivery,Riyadh
1591,04-17-2024,5781.0,TVs,LG 43-inch UHD,2,5132.55,Debit Card,Makkah
1592,2024-11-10 00:00:00,5439.0, Phones,Samsung Galaxy S23,4,2136.58,Apple Pay,Makkah
1593,2024-01-03 00:00:00,5014.0,TVs,LG 43-inch UHD,1,3597.47,Debit Card,Dammam
1594,"January 10, 2024",5710.0,Accessories,  USB-C Cable  ,1,361.81,Debit Card,Jeddah
1595,2024-03-07 00:00:00,5602.0,Accessories,Bluetooth Headphones,1,205.37,Apple Pay,Madinah
1596,2024-02-03 00:00:00,5466.0,accessories,USB-C Cable,1,277.0,Cash on Delivery,Dammam
1597,2024-09-25 00:00:00,5350.0,Cameras,GoPro Hero 11,3,1520.35,Apple Pay,Jeddah
1598,2024-04-06 00:00:00,5233.0,TVs,LG 43-inch UHD,2,2799.9,Apple Pay,Riyadh
1599,04-18-2024,5375.0,Laptops,Dell XPS 13,1,2765.65,Debit Card,Riyadh
1600,2024-11-23 00:00:00,5049.0,phones, Oppo Reno 8,3,2091.27,Credit Card,Madinah
1601,"January 25, 2024",5389.0,Phones,iPhone 14,1,2475.07,Apple Pay,Makkah
1602,2024-08-30 00:00:00,5308.0,Phones,Xiaomi Redmi Note 12,2,2119.54,Debit Card,
1603,2024-02-21,5620.0,Tvs ,Sony 65-inch Bravia,5,2261.25,Cash on Delivery,Madinah
1604,2024-02-23 00:00:00,5116.0,Laptops,Lenovo ThinkPad E14,5,3284.13,Credit Card,Dammam
1605,2024-04-11 00:00:00,5535.0,Phones,Oppo Reno 8,5,3112.73,Debit Card,Dammam
1606,2024-12-26,5040.0,Laptops,HP Pavilion 15,4,3841.17,Cash on Delivery,Jeddah
1607,16/04/2024,5002.0,Cameras,Nikon D3500,4,2211.37,Cash on Delivery,Jeddah
1608,2024-02-26 00:00:00,5092.0,Phones,iPhone 14,5,3261.96,Apple Pay,Jeddah
1609,2024-02-21 00:00:00,5303.0,Cameras,Canon EOS 200D,3,3385.42,Debit Card,Makkah
1610,2024-01-26 00:00:00,,Accessories,Laptop Stand,1,44.55,Debit Card,Riyadh
1611,08-06-2024,5009.0,Accessories,  Bluetooth Headphones  ,1,325.78,Credit Card,Riyadh
1612,2024-06-17 00:00:00,5274.0,Laptops,Dell XPS 13,3,6581.35,Apple Pay,Madinah
1613,2024-06-24,5409.0,Phones,Xiaomi Redmi Note 12,2,1786.16,Credit Card,Makkah
1614,2024-07-16 00:00:00,5115.0,TVs,LG 43-inch UHD,4,6342.61,Apple Pay,Jeddah
1615,2024-03-22 00:00:00,5494.0, Laptops,MacBook Air M2,1,8485.67,Apple Pay,Madinah
1616,2024-08-12 00:00:00,5626.0, Cameras,GoPro Hero 11,2,1119.88,Apple Pay,Dammam
1617,2024-09-04 00:00:00,5451.0,Phones,Samsung Galaxy S23,4,2469.07,Credit Card,Makkah
1618,2024-05-13 00:00:00,5785.0,Phones,iPhone 14,3,4321.7,Credit Card,Madinah
1619,2024-10-16 00:00:00,5535.0,Cameras,GoPro Hero 11,2,3593.73,,Madinah
1620,2024-08-09 00:00:00,5679.0,Cameras,Canon EOS 200D,2,1564.28,Apple Pay,Dammam
1621,"October 12, 2024",5658.0,TVs,Samsung 55-inch QLED,5,2888.62,Credit Card,Riyadh
1622,"October 09, 2024",5328.0,Laptops,  Lenovo ThinkPad E14  ,2,4908.07,Credit Card,Makkah
1623,2024-05-22 00:00:00,5658.0,Laptops,HP Pavilion 15,1,5649.4,Debit Card,
1624,2024-04-30 00:00:00,5586.0,TVs,LG 43-inch UHD,1,5014.92,Apple Pay,Makkah
1625,2024-09-12 00:00:00,5509.0,TVs,Samsung 55-inch QLED,4,3718.35,Cash on Delivery,Riyadh
1626,07-25-2024,5562.0,Phones,iPhone 14,4,3118.87,Credit Card,Madinah
1627,2024-11-05 00:00:00,5575.0,Phones,iPhone 14,5,4116.15,Cash on Delivery,Madinah
1628,2024-06-23 00:00:00,5465.0,Laptops,Lenovo ThinkPad E14,3,2738.44,Credit Card,Jeddah
1629,"December 02, 2024",5099.0,Accessories,Laptop Stand,3,123.4,Apple Pay,Riyadh
1630,2024-06-23 00:00:00,,Laptops,MacBook Air M2,3,168284.59536386994,Cash on Delivery,Madinah
1631,2024-01-24 00:00:00,5734.0,Accessories,Wireless Mouse,2,361.23,Apple Pay,Jeddah
1632,2024-05-10 00:00:00,5123.0, TVs,   Samsung 55-inch QLED,5,4460.72,Debit Card,Jeddah
1633,2024-08-22 00:00:00,5775.0,TVs,Samsung 55-inch QLED,2,4566.99,Cash on Delivery,Riyadh
1634,2024-11-20 00:00:00,5468.0,TVs,Samsung 55-inch QLED,5,2357.29,Credit Card,Makkah
1635,03-09-2024,5753.0,Cameras,GoPro Hero 11,4,2510.68,Credit Card,Madinah
1636,2024-10-26 00:00:00,5177.0,Phones,Oppo Reno 8,4,3364.16,Debit Card,Madinah
1637,2024-07-17,5393.0,LAPTOPS,MacBook Air M2  ,5,4076.06,Cash on Delivery,Madinah
1638,2024-12-20 00:00:00,5351.0,TV,Sony 65-inch Bravia,2,3200.06,Cash on Delivery,Makkah
1639,2024-03-09 00:00:00,5716.0,Accessories,Laptop Stand,2,3999.1575143534596,Apple Pay,Madinah
1640,2024-12-25 00:00:00,5647.0,cameras,Nikon D3500,-5,972.26,Cash on Delivery,Madinah
1641,17/04/2024,5688.0,Laptops,Dell XPS 13,5,4593.51,Cash on Delivery,Dammam
1642,2024-09-14 00:00:00,5779.0,Laptops,Dell XPS 13,5,3874.41,Cash on Delivery,Riyadh
1643,2024-10-25 00:00:00,5292.0,accessories,Laptop Stand,5,151.17,Apple Pay,Madinah
1644,2024-09-24 00:00:00,5148.0,TVs,Samsung 55-inch QLED,1,57128.53101105536,Credit Card,Makkah
1645,2024-04-12 00:00:00,5699.0,Phones,iPhone 14,3,4616.85,Debit Card,Dammam
1646,"February 01, 2024",5033.0,Accessories,USB-C Cable,3,249.63,Debit Card,Madinah
1647,2024-02-22 00:00:00,5398.0,Accessories,Laptop Stand,5,281.27,Debit Card,Madinah
1648,2024-12-20 00:00:00,5426.0, Laptops,HP Pavilion 15,1,7629.61,Apple Pay,Makkah
1649,2024-01-07 00:00:00,5799.0,Accessories,Wireless Mouse,3,214.42,Debit Card,Madinah
1650,20/11/2024,5301.0,TVs,Samsung 55-inch QLED,3,2251.99,Debit Card,Jeddah
1651,15/12/2024,5752.0,tvs,Samsung 55-inch QLED,1,4592.95,Debit Card,Jeddah
1652,2024-07-12 00:00:00,5569.0,Camera,Canon EOS 200D,1,3012.63,Apple Pay,Dammam
1653,"March 23, 2024",5338.0,Accessory,USB-C Cable,5,305.81,Cash on Delivery,Riyadh
1654,2024-03-20 00:00:00,5611.0,TVs,Sony 65-inch Bravia,1,4044.63,Debit Card,
1655,2024-09-08 00:00:00,5724.0,Phones,Xiaomi Redmi Note 12,5,1946.53,,Riyadh
1656,2024-04-04,5163.0,Accessories,USB-C Cable,5,135.0,Credit Card,Madinah
1657,2024-10-01 00:00:00,5226.0,TVs,Sony 65-inch Bravia,4,3688.03,Credit Card,Dammam
1658,2024-06-18 00:00:00,5770.0, Laptops,HP Pavilion 15,3,6698.46,Cash on Delivery,
1659,2024-08-31 00:00:00,5684.0,Cameras,   GoPro Hero 11   ,5,2954.8,Credit Card,Riyadh
1660,2024-05-03 00:00:00,5698.0,Accessories,Laptop Stand,5,161.76,Debit Card,Riyadh
1661,2024-02-28 00:00:00,5741.0,Accessories,Laptop Stand,4,395.01,Cash on Delivery,Madinah
1662,2024-09-21 00:00:00,5044.0,accessories,Wireless Mouse,3,254.14,Apple Pay,Makkah
1663,2024-06-13 00:00:00,5171.0,Accessories,USB-C Cable,5,117.77,Credit Card,Riyadh
1664,2024-01-04 00:00:00,5701.0, Cameras,GoPro Hero 11,1,1266.42,Debit Card,Jeddah
1665,"April 15, 2024",5764.0,TVs,Samsung 55-inch QLED,5,2594.87,Apple Pay,Riyadh
1666,2024-08-23 00:00:00,5075.0,Laptops,MacBook Air M2,3,4098.73,Credit Card,Riyadh
1667,05-08-2024,5233.0, Phones,Samsung Galaxy S23,5,2062.38,Credit Card,Madinah
1668,07-17-2024,5323.0,ACCESSORIES,Laptop Stand,4,99.03,Apple Pay,Makkah
1669,2024-12-10 00:00:00,5064.0,Phones,Oppo Reno 8,1,2497.83,Credit Card,Madinah
1670,2024-12-24 00:00:00,5108.0,Camera,Canon EOS 200D,1,1524.14,Cash on Delivery,Madinah
1671,2024-11-06 00:00:00,5390.0,Accessories,Bluetooth Headphones,1,361.8,Cash on Delivery,Makkah
1672,2024-01-16 00:00:00,5225.0,tvs,Sony 65-inch Bravia,4,2217.22,Debit Card,Madinah
1673,2024-10-06 00:00:00,5693.0,Laptops,Lenovo ThinkPad E14,3,5909.32,Debit Card,Dammam
1674,2024-10-10 00:00:00,5042.0,Accessories,Wireless Mouse,5,181.85,Debit Card,Riyadh
1675,2024-10-02,5215.0,Phones,  Oppo Reno 8,5,4938.33,Credit Card,Dammam
1676,2024-07-30 00:00:00,5188.0,Accessories,USB-C Cable,5,71.45,Debit Card,Jeddah
1677,2024-04-09 00:00:00,5055.0,Laptops,   HP Pavilion 15,1,5086.06,Debit Card,Madinah
1678,2024-11-26 00:00:00,5687.0,Cameras,Nikon D3500,5,4390.09,Credit Card,Dammam
1679,2024-02-20 00:00:00,5365.0,Phones,Xiaomi Redmi Note 12,2,4529.27,Apple Pay,Dammam
1680,2024-02-21 00:00:00,5325.0,Laptops,Dell XPS 13,3,7810.97,Credit Card,Jeddah
1681,2024-06-17 00:00:00,5156.0,TVs,LG 43-inch UHD,5,3141.09,Cash on Delivery,Madinah
1682,2024-07-05 00:00:00,5004.0,Cameras,GoPro Hero 11,3,1515.2,Apple Pay,Jeddah
1683,2024-04-23 00:00:00,5137.0,Accessories,USB-C Cable,4,277.4,Cash on Delivery,Dammam
1684,08-24-2024,5498.0,ACCESSORIES,Laptop Stand,4,373.87,Cash on Delivery,Dammam
1685,2024-03-30 00:00:00,5143.0,Cameras,Canon EOS 200D,5,2904.35,Credit Card,Dammam
1686,2024-05-14 00:00:00,5519.0,Cameras,Canon EOS 200D,1,2957.81,Credit Card,Riyadh
1687,2024-10-29 00:00:00,5266.0,Phone,Oppo Reno 8,2,2479.93,Credit Card,Madinah
1688,2024-08-29 00:00:00,5228.0,Cameras,GoPro Hero 11,2,3670.17,Cash on Delivery,Makkah
1689,2024-05-28 00:00:00,5522.0,Cameras,GoPro Hero 11,2,1573.36,Apple Pay,Madinah
1690,05/07/2024,5628.0,Phones, Oppo Reno 8 ,-5,2632.88,Credit Card,Jeddah
1691,2024-08-16 00:00:00,5579.0,Laptop,Dell XPS 13  ,2,5265.34,Debit Card,Madinah
1692,2024-07-02 00:00:00,5237.0,Laptops,Lenovo ThinkPad E14,1,5799.47,Debit Card,
1693,2024-07-08 00:00:00,5530.0,Phones,Xiaomi Redmi Note 12,2,2348.43,Credit Card,
1694,2024-08-28 00:00:00,5664.0,accessories,Laptop Stand,4,72.49,Credit Card,Riyadh
1695,26/12/2024,5592.0,Accessories,  Wireless Mouse  ,5,255.93,Cash on Delivery,Dammam
1696,2024-03-30 00:00:00,5601.0,Cameras,GoPro Hero 11,4,1939.07,,Dammam
1697,2024-07-11 00:00:00,5353.0,Phones,Xiaomi Redmi Note 12,2,3534.33,Apple Pay,Dammam
1698,"November 05, 2024",5169.0,TVs,LG 43-inch UHD,1,2602.69,Debit Card,Makkah
1699,09-20-2024,5191.0,laptops,MacBook Air M2,3,5627.41,Debit Card,Jeddah
1700,2024-11-04 00:00:00,5338.0,Laptops,HP Pavilion 15,1,5961.83,Debit Card,Makkah
1701,2024-12-11 00:00:00,,phones,Oppo Reno 8,4,1681.38,Apple Pay,Jeddah
1702,2024-01-12 00:00:00,5587.0,Laptops,Lenovo ThinkPad E14,2,4687.93,Credit Card,Jeddah
1703,09/03/2024,5150.0,Cameras,Canon EOS 200D,5,1383.89,Credit Card,Madinah
1704,2024-05-12 00:00:00,5577.0,Phones,Samsung Galaxy S23,-2,1721.81,Apple Pay,Madinah
1705,2024-02-13 00:00:00,5482.0,phones,Xiaomi Redmi Note 12,2,4964.86,Apple Pay,Madinah
1706,2024-04-22 00:00:00,5785.0,TVs,Samsung 55-inch QLED,4,3476.24,Debit Card,Madinah
1707,2024-03-26 00:00:00,5604.0,Laptops,HP Pavilion 15,3,7764.18,Apple Pay,Madinah
1708,2024-07-12 00:00:00,5016.0,Phones,Samsung Galaxy S23,4,2391.24,Debit Card,Riyadh
1709,2024-03-17 00:00:00,5487.0,Laptops,Lenovo ThinkPad E14,5,6929.77,Credit Card,Jeddah
1710,2024-01-20,,Cameras,GoPro Hero 11,5,3636.82,Credit Card,Riyadh
1711,2024-12-13 00:00:00,5044.0,Laptops,MacBook Air M2,4,6371.65,Apple Pay,Dammam
1712,2024-04-27 00:00:00,5603.0,Cameras,Nikon D3500,4,2597.67,Apple Pay,Dammam
1713,2024-08-05 00:00:00,5784.0,CAMERAS ,Canon EOS 200D,2,2382.63,Cash on Delivery,Makkah
1714,"May 25, 2024",5193.0,Laptops,MacBook Air M2,5,4767.64,Apple Pay,Dammam
1715,2024-10-22 00:00:00,5007.0,Phones,iPhone 14,5,4753.35,Credit Card,Madinah
1716,2024-04-15 00:00:00,5109.0,TVs,Sony 65-inch Bravia,3,6119.22,Apple Pay,Dammam
1717,2024-11-29 00:00:00,5548.0,Laptops,Lenovo ThinkPad E14,5,8772.67,Cash on Delivery,Dammam
1718,2024-07-06 00:00:00,5773.0,TV,Sony 65-inch Bravia,5,2446.35,Cash on Delivery,Makkah
1719,2024-10-09 00:00:00,5379.0,Laptops,Lenovo ThinkPad E14,5,7250.64,Apple Pay,Jeddah
1720,2024-04-09,5352.0,Camera,GoPro Hero 11,3,4278.03,Cash on Delivery,Madinah
1721,2024-03-11 00:00:00,5716.0,TVs,Sony 65-inch Bravia,1,2742.41,Debit Card,Makkah
1722,"April 19, 2024",5563.0,Laptops,MacBook Air M2,5,2932.23,Apple Pay,Dammam
1723,2024-12-16 00:00:00,5651.0,Cameras,GoPro Hero 11,1,3568.03,Debit Card,Makkah
1724,2024-03-15 00:00:00,,Phones,iPhone 14,4,3510.66,Apple Pay,Riyadh
1725,2024-07-08 00:00:00,5410.0,Accessories,USB-C Cable,1,8052.077287744219,Credit Card,
1726,2024-09-23 00:00:00,5655.0,Cameras,   GoPro Hero 11,3,1403.18,Credit Card,Jeddah
1727,2024-01-06 00:00:00,5034.0,tvs,LG 43-inch UHD,2,5935.39,Cash on Delivery,Jeddah
1728,2024-09-21 00:00:00,5368.0,Cameras,GoPro Hero 11,2,1625.86,Debit Card,Riyadh
1729,21/03/2024,5361.0,laptops,MacBook Air M2,1,3563.76,Cash on Delivery,Makkah
1730,2024-10-27 00:00:00,5092.0,TVs,LG 43-inch UHD,2,2654.18,Credit Card,Riyadh
1731,2024-10-13 00:00:00,5283.0,Cameras,Nikon D3500,5,3832.47,Cash on Delivery,Dammam
1732,2024-08-20 00:00:00,5179.0,LAPTOPS,Dell XPS 13,4,6823.78,Credit Card,Dammam
1733,2024-02-24 00:00:00,5301.0,TVs,Sony 65-inch Bravia,5,4519.94,Credit Card,Madinah
1734,"September 19, 2024",5386.0,Accessories,Wireless Mouse,-3,162.77,Cash on Delivery,Makkah
1735,04/05/2024,5600.0, Cameras,Nikon D3500,3,4057.92,Apple Pay,Makkah
1736,2024-02-29 00:00:00,5648.0,Phone,Oppo Reno 8,3,2873.56,Credit Card,Makkah
1737,10/06/2024,5548.0,Laptop,Dell XPS 13 ,4,7807.9,Cash on Delivery,Madinah
1738,2024-05-07 00:00:00,5689.0,Phones ,Xiaomi Redmi Note 12,3,3036.97,Credit Card,Makkah
1739,2024-10-10 00:00:00,5362.0,Accessories,Wireless Mouse,2,169.47,Apple Pay,Dammam
1740,2024-04-03 00:00:00,5240.0, Laptops,HP Pavilion 15,-2,5507.42,Apple Pay,Jeddah
1741,2024-04-15 00:00:00,5633.0,Laptops,HP Pavilion 15,2,4458.96,Debit Card,Jeddah
1742,2024-02-24 00:00:00,5628.0,accessories,USB-C Cable,1,306.62,Credit Card,Makkah
1743,"September 03, 2024",5588.0,Phones,iPhone 14,3,3259.52,Cash on Delivery,Makkah
1744,2024-04-03 00:00:00,5227.0,Accessories,Laptop Stand,5,115.92,Cash on Delivery,Makkah
1745,2024-01-28 00:00:00,,Cameras,Canon EOS 200D,5,4138.47,Apple Pay,Makkah
1746,2024-07-20 00:00:00,5715.0, Phones,   Xiaomi Redmi Note 12,2,2843.62,Apple Pay,Riyadh
1747,2024-06-10 00:00:00,5388.0,Cameras,Nikon D3500,1,2856.79,Credit Card,Jeddah
1748,"June 15, 2024",, Cameras,  Canon EOS 200D  ,-3,4163.3,Cash on Delivery,Jeddah
1749,2024-05-17 00:00:00,5188.0,Accessories,USB-C Cable,4,260.97,Cash on Delivery,
1750,2024-04-17 00:00:00,5410.0,TVs,LG 43-inch UHD  ,4,2407.87,Cash on Delivery,Dammam
1751,2024-04-02 00:00:00,5702.0,Accessories,Laptop Stand,5,377.74,Debit Card,Madinah
1752,05-18-2024,5200.0,Laptops,MacBook Air M2,2,6580.1,Apple Pay,Makkah
1753,2024-08-30 00:00:00,5511.0,Laptops,Dell XPS 13,1,4676.89,Debit Card,Makkah
1754,2024-09-06 00:00:00,5581.0,Laptops,   HP Pavilion 15   ,3,3405.27,Cash on Delivery,Madinah
1755,02-20-2024,5260.0,Phones,Oppo Reno 8,-2,4279.09,Credit Card,Jeddah
1756,2024-02-19 00:00:00,5369.0,TVs,Sony 65-inch Bravia,4,5024.38,Cash on Delivery,Dammam
1757,2024-06-25,5359.0,Accessory, Bluetooth Headphones ,1,227.38,Apple Pay,Riyadh
1758,"October 22, 2024",,Cameras,Canon EOS 200D,5,4118.01,Debit Card,Dammam
1759,2024-08-16 00:00:00,5293.0,Accessories,Laptop Stand,1,321.78,Apple Pay,Madinah
1760,2024-03-15 00:00:00,5646.0,TVs,  Sony 65-inch Bravia  ,2,2588.71,Cash on Delivery,Makkah
1761,2024-07-26 00:00:00,,Cameras,GoPro Hero 11,1,2022.2,,Jeddah
1762,2024-06-11 00:00:00,5660.0,Laptops,HP Pavilion 15,3,4115.18,Cash on Delivery,Madinah
1763,2024-08-15 00:00:00,5171.0,TVs,LG 43-inch UHD,3,5668.52,Apple Pay,Makkah
1764,2024-03-05 00:00:00,5215.0,Laptops,MacBook Air M2,2,2717.96,Cash on Delivery,Riyadh
1765,2024-02-22 00:00:00,5561.0,Laptops,Lenovo ThinkPad E14,1,6204.28,Credit Card,Makkah
1766,2024-07-22 00:00:00,5268.0,Phones,iPhone 14,5,4168.61,Credit Card,Riyadh
1767,2024-02-13,5253.0,cameras,   Canon EOS 200D   ,4,4056.36,Cash on Delivery,Jeddah
1768,2024-11-16 00:00:00,5174.0,Accessories,Laptop Stand ,2,156.57,Debit Card,Madinah
1769,05/12/2024,5478.0,Phones,iPhone 14,3,4374.4,Cash on Delivery,Makkah
1770,2024-10-07 00:00:00,5181.0,Cameras,Nikon D3500,4,1298.27,Debit Card,Madinah
1771,2024-08-21 00:00:00,5655.0,Cameras,GoPro Hero 11,5,3947.23,Apple Pay,Madinah
1772,2024-06-26 00:00:00,5452.0,Cameras,Nikon D3500,4,1358.96,Debit Card,Riyadh
1773,2024-07-30 00:00:00,, Accessories ,Bluetooth Headphones,3,177.0,,Dammam
1774,2024-06-25 00:00:00,5008.0,Phones,Samsung Galaxy S23,3,4290.53,Apple Pay,Madinah
1775,02-06-2024,5611.0,TVs,LG 43-inch UHD,1,2579.57,Apple Pay,Dammam
1776,2024-10-07 00:00:00,5574.0,Laptops,MacBook Air M2   ,3,3990.13,Debit Card,Makkah
1777,2024-05-07 00:00:00,5225.0,TVs,LG 43-inch UHD,2,5555.71,Apple Pay,Makkah
1778,2024-08-04 00:00:00,,Accessories,Wireless Mouse,2,296.41,Cash on Delivery,Dammam
1779,2024-07-30 00:00:00,5139.0,Cameras,Nikon D3500,-2,3208.13,Credit Card,Jeddah
1780,2024-11-22 00:00:00,5717.0,Accessories,Wireless Mouse,4,286.76,Apple Pay,Dammam
1781,04-06-2024,5050.0,Cameras,Nikon D3500,3,2853.81,Credit Card,Jeddah
1782,2024-04-05 00:00:00,5128.0,Cameras,Canon EOS 200D,1,1806.48,Cash on Delivery,Dammam
1783,2024-01-05 00:00:00,5015.0,TVs,Sony 65-inch Bravia,2,3597.62,Credit Card,Jeddah
1784,2024-06-24 00:00:00,5380.0,TVs,Samsung 55-inch QLED,4,2744.31,Cash on Delivery,Makkah
1785,2024-01-17 00:00:00,5057.0,TVs,Sony 65-inch Bravia,3,6523.94,Credit Card,Jeddah
1786,2024-02-06 00:00:00,5196.0,Accessory,Laptop Stand,5,245.85,Apple Pay,Jeddah
1787,2024-01-07 00:00:00,5789.0,Accessories,Laptop Stand,1,178.32,Debit Card,Makkah
1788,2024-01-18 00:00:00,5533.0,TV,Samsung 55-inch QLED,2,4202.43,Apple Pay,Riyadh
1789,2024-07-18 00:00:00,5644.0,laptops,Lenovo ThinkPad E14,3,8657.34,Cash on Delivery,Jeddah
1790,2024-05-09 00:00:00,5369.0,Phones,iPhone 14,4,2036.73,Cash on Delivery,Jeddah
1791,"February 27, 2024",5015.0,Phones,Samsung Galaxy S23,2,3551.8,Apple Pay,Dammam
1792,2024-10-26 00:00:00,5009.0,Laptops,HP Pavilion 15,1,5788.28,Apple Pay,Jeddah
1793,12-18-2024,5789.0,Phones,Oppo Reno 8,5,3640.09,Debit Card,Dammam
1794,2024-03-21 00:00:00,5346.0,Phones,Samsung Galaxy S23,4,1563.39,Credit Card,Madinah
1795,2024-07-01,5499.0,Phone,iPhone 14,2,4552.43,Credit Card,Jeddah
1796,12-10-2024,5021.0,Laptops,HP Pavilion 15,3,8558.77,Apple Pay,Jeddah
1797,"March 09, 2024",5723.0,TVs,LG 43-inch UHD,3,4738.69,Credit Card,Makkah
1798,2024-05-30 00:00:00,5580.0, TVs,Sony 65-inch Bravia,-5,5422.58,Apple Pay,Jeddah
1799,2024-06-14 00:00:00,,Laptops,HP Pavilion 15,4,8496.25,Cash on Delivery,Madinah
1800,2024-09-28 00:00:00,5269.0,Laptop,MacBook Air M2,2,7097.05,Apple Pay,Dammam
1801,2024-08-20 00:00:00,5019.0,Cameras,   Nikon D3500,1,1449.14,Apple Pay,Jeddah
1802,"November 13, 2024",5674.0,CAMERAS ,Nikon D3500,2,2974.64,Cash on Delivery,Riyadh
1803,2024-04-07 00:00:00,5157.0,Cameras,Nikon D3500,5,72724.53791888861,Apple Pay,Madinah
1804,2024-06-14 00:00:00,5098.0,Cameras,Nikon D3500,-4,2426.87,Cash on Delivery,Riyadh
1805,04/02/2024,5032.0,Cameras,GoPro Hero 11,1,3551.2,Debit Card,
1806,2024-09-05 00:00:00,5584.0,Laptops,MacBook Air M2,2,8573.39,Credit Card,Riyadh
1807,2024-09-07 00:00:00,5375.0,Tvs ,Sony 65-inch Bravia,5,6612.96,Cash on Delivery,Riyadh
1808,2024-01-07 00:00:00,5479.0,Laptops,MacBook Air M2,2,5430.46,Apple Pay,Riyadh
1809,2024-10-12 00:00:00,5631.0,Phones,Xiaomi Redmi Note 12,4,1896.33,,Riyadh
1810,2024-02-06 00:00:00,5531.0,Accessories,Wireless Mouse,3,394.39,Credit Card,Jeddah
1811,2024-04-28 00:00:00,5197.0,Phones,iPhone 14,5,4436.14,Apple Pay,Jeddah
1812,05-07-2024,5767.0,Cameras,GoPro Hero 11,5,1348.79,Debit Card,Madinah
1813,2024-02-24 00:00:00,,Cameras,Nikon D3500,-5,4215.03,Cash on Delivery,Makkah
1814,2024-03-26,5345.0,TVs,Samsung 55-inch QLED,2,6323.46,Apple Pay,Madinah
1815,2024-06-29,5422.0,Laptops,Lenovo ThinkPad E14,3,5872.45,Cash on Delivery,Dammam
1816,"June 14, 2024",5558.0,TVs,Sony 65-inch Bravia,5,4874.63,Debit Card,Madinah
1817,2024-10-08 00:00:00,5458.0,Laptops,Lenovo ThinkPad E14,3,5093.52,Cash on Delivery,Makkah
1818,2024-01-18 00:00:00,5138.0,TVs,Samsung 55-inch QLED,3,2084.76,Credit Card,Madinah
1819,2024-06-02,5022.0,Accessories,Wireless Mouse,2,154.02,Debit Card,Dammam
1820,2024-02-18 00:00:00,5159.0,Accessories,  USB-C Cable,-1,327.06,Apple Pay,Dammam
1821,2024-07-06 00:00:00,5262.0,Laptops,HP Pavilion 15 ,5,2530.11,Debit Card,Jeddah
1822,2024-10-19 00:00:00,5740.0,Accessories,Wireless Mouse,4,153.39,Debit Card,Riyadh
1823,2024-03-29 00:00:00,5657.0,Accessories,Laptop Stand,4,177.32,Credit Card,Madinah
1824,2024-10-22 00:00:00,5789.0,Accessories,Wireless Mouse,-4,228.84,Credit Card,Riyadh
1825,2024-08-10 00:00:00,5765.0,Accessories,Bluetooth Headphones,4,370.35,Credit Card,Jeddah
1826,2024-11-20 00:00:00,5536.0,Cameras,Canon EOS 200D   ,4,2146.85,Credit Card,Dammam
1827,2024-10-03 00:00:00,5514.0,Phones,Xiaomi Redmi Note 12,5,2714.34,Debit Card,Dammam
1828,2024-01-26 00:00:00,5589.0,Laptops,Dell XPS 13,4,7293.76,,Madinah
1829,2024-04-23 00:00:00,5151.0,Cameras,   Canon EOS 200D   ,4,2527.98,Cash on Delivery,Makkah
1830,2024-02-12 00:00:00,5408.0,Laptops,HP Pavilion 15,4,3959.93,Credit Card,Madinah
1831,23/07/2024,5780.0,Accessories,Wireless Mouse,5,197.4,Apple Pay,Jeddah
1832,2024-10-13 00:00:00,5667.0,Laptops,Lenovo ThinkPad E14,2,3415.57,Apple Pay,Makkah
1833,2024-10-14,5073.0,cameras, Canon EOS 200D,5,1534.99,Debit Card,Jeddah
1834,2024-06-14,5687.0,Accessories,Laptop Stand,5,214.4,Credit Card,Riyadh
1835,2024-07-06 00:00:00,5352.0,TVs,LG 43-inch UHD,3,3978.41,Debit Card,Dammam
1836,2024-01-13 00:00:00,5631.0,CAMERAS , GoPro Hero 11 ,3,4193.45,Debit Card,Dammam
1837,2024-03-15 00:00:00,5204.0,TVs,Sony 65-inch Bravia,4,3684.45,Credit Card,Jeddah
1838,2024-02-13 00:00:00,5635.0,Accessories,USB-C Cable,1,244.82,Credit Card,Jeddah
1839,2024-01-08 00:00:00,5460.0,Laptops,HP Pavilion 15,3,6609.72,Credit Card,Dammam
1840,"June 18, 2024",5559.0,tvs,Samsung 55-inch QLED,2,1868.09,Debit Card,Jeddah
1841,2024-10-07 00:00:00,5385.0,Camera,Nikon D3500,4,3288.73,Debit Card,Riyadh
1842,2024-09-26,5061.0,Cameras,GoPro Hero 11,1,1540.93,Cash on Delivery,Jeddah
1843,2024-12-22 00:00:00,5476.0,Accessories, USB-C Cable,5,385.6,Cash on Delivery,Riyadh
1844,2024-07-17 00:00:00,5019.0,Phones,iPhone 14,3,2020.32,Cash on Delivery,Riyadh
1845,"April 28, 2024",,Accessories,Laptop Stand,4,183.41,Credit Card,Dammam
1846,2024-02-15 00:00:00,,Cameras,GoPro Hero 11,2,1207.26,Debit Card,Madinah
1847,01-12-2024,5312.0,Camera,GoPro Hero 11,-1,4488.75,Debit Card,Madinah
1848,2024-07-20 00:00:00,5700.0,Accessories,Laptop Stand,2,215.81,,Dammam
1849,"November 16, 2024",5282.0,Accessories,Bluetooth Headphones,3,250.29,Debit Card,Madinah
1850,2024-07-17 00:00:00,5155.0,Phones,Xiaomi Redmi Note 12,-1,1734.77,Cash on Delivery,Jeddah
1851,2024-12-02 00:00:00,5533.0,Accessories,Laptop Stand,2,307.49,Credit Card,Makkah
1852,2024-12-17 00:00:00,5586.0,Camera,  GoPro Hero 11,2,1655.66,Apple Pay,Jeddah
1853,2024-06-08 00:00:00,5555.0,Laptops,Lenovo ThinkPad E14,5,8337.35,Cash on Delivery,Makkah
1854,2024-11-30 00:00:00,5316.0,laptops,Dell XPS 13,2,3833.41,Debit Card,Jeddah
1855,2024-08-08,5069.0,Cameras,Canon EOS 200D,2,1586.48,Debit Card,Dammam
1856,03-01-2024,5744.0,Cameras,GoPro Hero 11,2,1031.58,Cash on Delivery,Jeddah
1857,2024-07-30 00:00:00,5763.0,Phones,  Xiaomi Redmi Note 12  ,4,3152.23,Cash on Delivery,Makkah
1858,2024-04-06 00:00:00,5026.0, Accessories ,USB-C Cable,1,238.99,Debit Card,Jeddah
1859,2024-05-16,5237.0,Cameras,GoPro Hero 11,5,1136.55,Debit Card,Madinah
1860,2024-07-02 00:00:00,5514.0,Laptops,MacBook Air M2,-1,7540.93,Apple Pay,Jeddah
1861,2024-12-30 00:00:00,5503.0,Cameras,Nikon D3500,3,2531.84,Debit Card,Makkah
1862,2024-03-24 00:00:00,5418.0,TVs,Samsung 55-inch QLED ,2,4526.83,Debit Card,Riyadh
1863,2024-07-30 00:00:00,5067.0,Phones,  Xiaomi Redmi Note 12  ,2,3042.67,Debit Card,Jeddah
1864,2024-11-11 00:00:00,5252.0,Laptops,Lenovo ThinkPad E14,4,5104.96,Cash on Delivery,Makkah
1865,2024-01-22 00:00:00,5403.0,TVs,   LG 43-inch UHD,5,4710.13,Apple Pay,Dammam
1866,2024-10-19 00:00:00,5111.0,Cameras, GoPro Hero 11,5,1458.86,Credit Card,Madinah
1867,2024-01-22 00:00:00,5571.0,TVs,LG 43-inch UHD,2,2746.03,Apple Pay,Riyadh
1868,2024-11-18 00:00:00,5450.0, TVs,Sony 65-inch Bravia,1,6281.29,Debit Card,Dammam
1869,2024-05-26,5301.0,TVs,LG 43-inch UHD,4,6719.8,Debit Card,Makkah
1870,2024-12-19 00:00:00,,Cameras,Canon EOS 200D  ,5,2243.91,Debit Card,Makkah
1871,2024-09-13 00:00:00,5712.0,tvs,Samsung 55-inch QLED,1,3207.87,,Madinah
1872,2024-07-20 00:00:00,5025.0,Cameras,  Canon EOS 200D  ,4,3218.4,Cash on Delivery,Makkah
1873,2024-10-29 00:00:00,5256.0,Laptops,Lenovo ThinkPad E14,2,5156.77,Apple Pay,Riyadh
1874,2024-03-04 00:00:00,5649.0,Accessories,USB-C Cable,1,39.39,Credit Card,Makkah
1875,2024-09-25 00:00:00,5563.0,Accessories,Wireless Mouse,-4,87.78,Debit Card,Makkah
1876,2024-03-28 00:00:00,5148.0,tvs,Samsung 55-inch QLED,3,5523.06,Debit Card,Jeddah
1877,2024-08-02 00:00:00,5295.0,Laptops,MacBook Air M2,3,6783.01,Cash on Delivery,Makkah
1878,"March 08, 2024",5783.0,Laptops,MacBook Air M2,2,2676.12,Credit Card,Madinah
1879,2024-08-22 00:00:00,5005.0,Accessories,Wireless Mouse,4,112.13,Apple Pay,Madinah
1880,2024-05-01 00:00:00,5419.0,Cameras,Nikon D3500,2,1731.87,Apple Pay,Makkah
1881,2024-11-03 00:00:00,5560.0,TVs,Samsung 55-inch QLED,5,5293.84,Credit Card,Jeddah
1882,2024-01-26 00:00:00,5668.0,Accessories,USB-C Cable,2,37.29,Debit Card,Riyadh
1883,15/03/2024,5089.0, Accessories ,Wireless Mouse,1,68.52,Cash on Delivery,
1884,2024-08-01 00:00:00,5625.0,PHONES,iPhone 14,-2,4299.71,Debit Card,Dammam
1885,2024-10-14 00:00:00,5368.0,Cameras,GoPro Hero 11,2,1542.76,Apple Pay,Madinah
1886,2024-06-02 00:00:00,5069.0,Phones,iPhone 14,3,3784.61,Cash on Delivery,Makkah
1887,03/02/2024,5124.0,TVs,Sony 65-inch Bravia,3,3038.55,Apple Pay,Jeddah
1888,2024-09-26 00:00:00,5626.0,Accessories,Bluetooth Headphones,4,66.79,Debit Card,Jeddah
1889,"October 19, 2024",5741.0,Phone,iPhone 14,5,2351.1,Credit Card,Makkah
1890,"May 27, 2024",5538.0, Cameras,GoPro Hero 11,4,3500.16,Cash on Delivery,Dammam
1891,2024-06-30 00:00:00,5746.0,Cameras,GoPro Hero 11,2,3980.51,Apple Pay,Madinah
1892,2024-04-02 00:00:00,5198.0,TV,LG 43-inch UHD,5,6117.14,Debit Card,Dammam
1893,2024-01-13 00:00:00,5630.0,Phones,iPhone 14,4,2890.14,Credit Card,Jeddah
1894,2024-01-24,5652.0,TVs,LG 43-inch UHD,3,5274.04,Cash on Delivery,Madinah
1895,2024-11-23 00:00:00,,Laptop,MacBook Air M2,2,3832.4,Cash on Delivery,Dammam
1896,09-16-2024,5116.0,Accessories,  Bluetooth Headphones  ,5,138.46,Cash on Delivery,Riyadh
1897,2024-07-21 00:00:00,5198.0, Accessories ,Bluetooth Headphones,5,361.64,Credit Card,Jeddah
1898,2024-12-10 00:00:00,5661.0,accessories,Bluetooth Headphones,4,34.81,Apple Pay,Riyadh
1899,2024-03-20 00:00:00,,Laptops,Lenovo ThinkPad E14,4,3055.81,Cash on Delivery,Makkah
1900,2024-10-16 00:00:00,5591.0,Phones,Xiaomi Redmi Note 12,3,2227.6,Credit Card,Jeddah
1901,2024-02-03 00:00:00,5347.0,Accessories,Bluetooth Headphones,2,39.82,Cash on Delivery,Riyadh
1902,2024-09-30 00:00:00,,TVs,Sony 65-inch Bravia,2,2743.46,Apple Pay,Jeddah
1903,2024-12-27 00:00:00,5423.0,Phones,Xiaomi Redmi Note 12,3,3540.65,Credit Card,Dammam
1904,2024-05-01 00:00:00,5221.0,Phones,Oppo Reno 8,3,2974.99,Apple Pay,Dammam
1905,2024-03-30 00:00:00,5796.0,Cameras,Nikon D3500 ,-1,4113.62,Cash on Delivery,Riyadh
1906,2024-08-15 00:00:00,5512.0,Laptops,MacBook Air M2,5,7813.38,Credit Card,Makkah
1907,2024-06-23 00:00:00,5146.0,Laptops,Dell XPS 13,4,4721.81,Cash on Delivery,Dammam
1908,2024-04-15 00:00:00,5730.0,Phones,Samsung Galaxy S23,1,2407.98,Apple Pay,Makkah
1909,2024-01-03 00:00:00,5089.0,Cameras, Canon EOS 200D,3,2266.89,,Madinah
1910,2024-01-24 00:00:00,5591.0,Accessories,Laptop Stand,1,248.41,Cash on Delivery,Riyadh
1911,2024-06-13 00:00:00,5283.0,Accessories,USB-C Cable,2,129.18,Debit Card,Dammam
1912,2024-08-13 00:00:00,5161.0,Cameras,Nikon D3500,1,3146.94,Cash on Delivery,Jeddah
1913,2024-01-08 00:00:00,5555.0,Accessories,Wireless Mouse  ,5,181.48,Credit Card,Jeddah
1914,2024-05-18 00:00:00,5250.0,Accessories,Bluetooth Headphones,2,234.26,,
1915,2024-06-08 00:00:00,5454.0,Laptops,MacBook Air M2,5,5334.82,Cash on Delivery,
1916,2024-01-15 00:00:00,5392.0,Phones,Samsung Galaxy S23,4,2530.63,Credit Card,Riyadh
1917,2024-08-06 00:00:00,5606.0,Phones,iPhone 14,4,4819.59,Debit Card,Madinah
1918,2024-07-01 00:00:00,5730.0,TVs,Sony 65-inch Bravia,3,5770.75,Cash on Delivery,Jeddah
1919,26/08/2024,5715.0,Cameras,Canon EOS 200D,5,1404.41,Debit Card,Riyadh
1920,2024-08-21 00:00:00,5237.0,TVs,Samsung 55-inch QLED,3,6316.03,Apple Pay,Makkah
1921,2024-11-11 00:00:00,, Laptops,Dell XPS 13,3,5668.3,Cash on Delivery,Makkah
1922,2024-08-20 00:00:00,5486.0,Accessories,Bluetooth Headphones,4,360.98,Credit Card,Riyadh
1923,2024-09-02 00:00:00,5786.0,Phones,Xiaomi Redmi Note 12,4,4299.49,Debit Card,Dammam
1924,2024-09-17 00:00:00,5333.0,Accessories,USB-C Cable,1,187.33,Apple Pay,Riyadh
1925,2024-02-06 00:00:00,5604.0,Cameras,  GoPro Hero 11,-3,980.89,Apple Pay,Makkah
1926,2024-11-13 00:00:00,5393.0,TVs,Samsung 55-inch QLED,2,3197.12,Debit Card,Makkah
1927,2024-04-16 00:00:00,5580.0,Phone,Xiaomi Redmi Note 12,5,3395.72,Apple Pay,Makkah
1928,03-29-2024,5606.0,accessories,USB-C Cable,1,264.39,Apple Pay,Riyadh
1929,2024-06-15,5180.0,Cameras,Nikon D3500,5,1828.4,Credit Card,Makkah
1930,2024-02-05 00:00:00,5789.0,Accessories,Laptop Stand,5,81.56,Credit Card,Madinah
1931,2024-09-10 00:00:00,5142.0,TVs,LG 43-inch UHD,1,6141.64,Credit Card,Jeddah
1932,2024-01-01 00:00:00,5544.0,Cameras,GoPro Hero 11,2,4443.85,Debit Card,Makkah
1933,2024-11-11 00:00:00,5210.0,Accessories,Laptop Stand,5,224.51,Apple Pay,Jeddah
1934,18/10/2024,5091.0,Accessories,Bluetooth Headphones,3,93.52,Apple Pay,Dammam
1935,2024-11-09 00:00:00,5301.0,CAMERAS ,Canon EOS 200D,5,1880.31,Apple Pay,Jeddah
1936,2024-10-08 00:00:00,5367.0,Phones,Xiaomi Redmi Note 12,1,1564.37,Credit Card,Madinah
1937,2024-01-16 00:00:00,5403.0,Phones,Xiaomi Redmi Note 12,-2,4700.05,Apple Pay,Madinah
1938,26/07/2024,5216.0,Accessories,Laptop Stand,4,73.57,Apple Pay,Madinah
1939,2024-03-12 00:00:00,5427.0,LAPTOPS,Lenovo ThinkPad E14,2,6247.36,Apple Pay,Dammam
1940,2024-12-09 00:00:00,5073.0,Laptops,HP Pavilion 15,2,4281.36,Debit Card,Riyadh
1941,09-06-2024,5140.0,Phones,Samsung Galaxy S23,4,3439.62,Debit Card,Riyadh
1942,2024-12-22 00:00:00,5184.0,TVs,LG 43-inch UHD,5,5187.39,Apple Pay,Madinah
1943,2024-08-05 00:00:00,5363.0,TVs,Sony 65-inch Bravia,5,6114.66,Apple Pay,Makkah
1944,2024-08-05,5510.0,Laptops,Dell XPS 13,5,3841.74,Credit Card,Madinah
1945,"July 29, 2024",5038.0,Laptops,HP Pavilion 15,5,2571.47,Cash on Delivery,Riyadh
1946,2024-12-26 00:00:00,5493.0,Cameras,Nikon D3500,3,1392.79,Credit Card,Madinah
1947,"September 26, 2024",5080.0,Phones,Samsung Galaxy S23,3,4650.07,Apple Pay,Madinah
1948,2024-02-15 00:00:00,5700.0,Cameras,GoPro Hero 11,2,4046.0,Apple Pay,Riyadh
1949,2024-06-08 00:00:00,5547.0,cameras,GoPro Hero 11,5,3050.69,Credit Card,Dammam
1950,2024-08-20 00:00:00,5751.0,Phones,Oppo Reno 8,5,3601.81,Apple Pay,Madinah
1951,2024-06-29 00:00:00,5036.0,Accessories,Laptop Stand,3,276.06,Cash on Delivery,Jeddah
1952,04/06/2024,5644.0,Cameras,   GoPro Hero 11,5,1531.34,Cash on Delivery,Riyadh
1953,03-27-2024,5755.0,TVs,Sony 65-inch Bravia,5,6554.94,Credit Card,Dammam
1954,2024-05-26 00:00:00,5517.0,Cameras,Canon EOS 200D,4,2407.57,Credit Card,Jeddah
1955,2024-05-09 00:00:00,5263.0,Phones,Xiaomi Redmi Note 12,2,2840.98,Cash on Delivery,Dammam
1956,2024-11-05 00:00:00,5378.0,Phones,iPhone 14,2,3316.21,Debit Card,Makkah
1957,2024-12-24 00:00:00,,Laptops,HP Pavilion 15,2,2805.28,Apple Pay,Jeddah
1958,2024-02-13 00:00:00,5770.0,Phones,Xiaomi Redmi Note 12,2,2081.99,Debit Card,Makkah
1959,2024-05-01 00:00:00,5591.0,TVs,LG 43-inch UHD,4,5637.77,Debit Card,Jeddah
1960,2024-11-24 00:00:00,5171.0,Accessories,Wireless Mouse,3,60.64,Credit Card,Riyadh
1961,2024-08-31 00:00:00,5239.0,TV,LG 43-inch UHD,3,4936.39,Apple Pay,Madinah
1962,2024-12-27 00:00:00,5148.0,tvs,Sony 65-inch Bravia,4,3075.82,Apple Pay,Dammam
1963,2024-01-07 00:00:00,5694.0,Cameras,Nikon D3500,3,2301.46,Apple Pay,Makkah
1964,02-19-2024,5625.0,Accessories,Wireless Mouse,5,136.82,Cash on Delivery,Makkah
1965,2024-05-18 00:00:00,5670.0,Accessories,Bluetooth Headphones,-3,161.6,Credit Card,Dammam
1966,2024-08-24,5345.0,Cameras,Nikon D3500,-2,3488.57,Debit Card,Madinah
1967,2024-10-07 00:00:00,5012.0,Laptops,HP Pavilion 15,1,4431.29,Credit Card,Riyadh
1968,2024-09-25 00:00:00,5224.0,TVs,Samsung 55-inch QLED,1,4745.3,Apple Pay,Dammam
1969,04-08-2024,5094.0,Accessories,Bluetooth Headphones,1,4860.768455240696,Credit Card,Madinah
1970,2024-11-02 00:00:00,5619.0,Phones,Samsung Galaxy S23,1,3822.85,Credit Card,Riyadh
1971,2024-12-02 00:00:00,5712.0, Laptops,Lenovo ThinkPad E14,5,8589.39,Debit Card,Riyadh
1972,2024-05-30 00:00:00,5283.0,Laptops,HP Pavilion 15,4,7261.72,Credit Card,Makkah
1973,2024-12-07 00:00:00,5799.0,TVs, Sony 65-inch Bravia ,3,2917.69,Cash on Delivery,Jeddah
1974,2024-02-01 00:00:00,5061.0,Phones,Xiaomi Redmi Note 12,4,1609.14,Apple Pay,Dammam
1975,01/04/2024,5205.0,Accessories,Bluetooth Headphones   ,4,127.04,Credit Card,Makkah
1976,2024-04-01 00:00:00,5553.0,Cameras,Nikon D3500,4,3042.28,Credit Card,
1977,2024-11-10 00:00:00,5105.0,TVs,Samsung 55-inch QLED  ,1,2067.41,Apple Pay,Dammam
1978,02-06-2024,5019.0,Phones,iPhone 14,5,3237.28,Cash on Delivery,Makkah
1979,11-30-2024,5272.0,TVs,Samsung 55-inch QLED,1,4903.58,Credit Card,Makkah
1980,07-19-2024,5724.0,Laptops,HP Pavilion 15   ,5,4672.59,Credit Card,Madinah
1981,2024-08-11 00:00:00,5231.0,TVs,LG 43-inch UHD,4,5808.74,Credit Card,Madinah
1982,12-18-2024,5548.0,Phones,  Oppo Reno 8,4,1873.09,Credit Card,Madinah
1983,12-15-2024,5647.0,ACCESSORIES,  Bluetooth Headphones,3,57.8,Apple Pay,Riyadh
1984,2024-09-30 00:00:00,5778.0,phones,   Xiaomi Redmi Note 12,3,4048.66,Credit Card,Makkah
1985,2024-03-31 00:00:00,5676.0, Accessories , USB-C Cable,5,213.33,Credit Card,Makkah
1986,2024-12-22 00:00:00,5498.0,Laptops,HP Pavilion 15,4,6974.62,Credit Card,Dammam
1987,2024-04-07 00:00:00,5025.0,Phones,Oppo Reno 8,2,3021.9,Credit Card,Jeddah
1988,2024-09-07 00:00:00,5658.0,Cameras,Canon EOS 200D,4,1787.05,Credit Card,Madinah
1989,2024-09-30 00:00:00,5347.0,Accessories,Laptop Stand,4,333.07,Credit Card,Riyadh
1990,2024-01-22 00:00:00,5669.0,Phones,Xiaomi Redmi Note 12,4,4297.96,Credit Card,Jeddah
1991,2024-12-13 00:00:00,5238.0, Cameras,Nikon D3500,5,3400.91,Debit Card,Madinah
1992,2024-03-13 00:00:00,5633.0,Phones,iPhone 14,4,2452.51,Credit Card,Makkah
1993,2024-12-25 00:00:00,,Phones,Samsung Galaxy S23,2,3565.81,Credit Card,Jeddah
1994,2024-02-19 00:00:00,5065.0,Phones,Xiaomi Redmi Note 12,4,2763.41,Debit Card,Madinah
1995,2024-09-11 00:00:00,5207.0,Phones,iPhone 14,5,1820.54,Debit Card,Riyadh
1996,2024-12-13 00:00:00,,TVs,LG 43-inch UHD,4,6570.03,Cash on Delivery,Riyadh
1997,2024-03-11 00:00:00,5607.0,Cameras, GoPro Hero 11 ,3,1392.55,Debit Card,Riyadh
1998,2024-02-02 00:00:00,5775.0,Laptops,HP Pavilion 15,1,8676.54,,Jeddah
1999,22/12/2024,5249.0,TVs,Samsung 55-inch QLED,-3,4119.23,Debit Card,Makkah
2000,2024-03-09 00:00:00,5016.0,Cameras,Canon EOS 200D,1,1566.48,Apple Pay,Jeddah
2001,2024-01-04 00:00:00,5723.0,TVs,Samsung 55-inch QLED,1,4617.88,Debit Card,Riyadh
2002,2024-08-01 00:00:00,5146.0,CAMERAS ,Nikon D3500,4,4042.61,Debit Card,Jeddah
2003,2024-07-29 00:00:00,5708.0,Accessories, Laptop Stand ,2,-29.58,Debit Card,Madinah
2004,12-09-2024,5356.0,Phones,Samsung Galaxy S23,5,4322.96,Credit Card,Dammam
2005,2024-10-12 00:00:00,5542.0,TVs,Samsung 55-inch QLED,2,5225.67,Debit Card,Riyadh
2006,"March 10, 2024",5788.0,Phones,Xiaomi Redmi Note 12,5,3922.97,Debit Card,Makkah
2007,2024-01-28 00:00:00,5701.0,Laptops,HP Pavilion 15 ,2,8019.77,Credit Card,Jeddah
2008,03-31-2024,5660.0, TVs,LG 43-inch UHD,2,3098.27,Credit Card,
2009,2024-04-17 00:00:00,5631.0,Accessories,Bluetooth Headphones,4,211.09,Cash on Delivery,Dammam
2010,2024-02-23 00:00:00,5029.0,Tvs ,Samsung 55-inch QLED,-1,2950.29,Debit Card,Jeddah
2011,2024-02-29 00:00:00,5606.0,TVs,Sony 65-inch Bravia,1,6935.87,Debit Card,Makkah
2012,2024-08-02 00:00:00,5797.0,Cameras,Nikon D3500,2,4298.61,Cash on Delivery,Jeddah
2013,04-26-2024,5204.0,Phones,Xiaomi Redmi Note 12,1,1637.99,Debit Card,Makkah
2014,2024-02-07 00:00:00,5446.0,TVs,Samsung 55-inch QLED,4,5468.99,Apple Pay,Riyadh
2015,"August 11, 2024",5382.0, Laptops,Dell XPS 13,4,8514.11,,Makkah
2016,2024-04-09 00:00:00,5343.0,Laptops,Lenovo ThinkPad E14,3,3673.74,Cash on Delivery,Jeddah
2017,2024-12-20 00:00:00,5139.0,Laptops,MacBook Air M2,5,6191.64,Credit Card,Dammam
2018,2024-08-22 00:00:00,5225.0,Phones,Oppo Reno 8,4,4704.21,Debit Card,Dammam
2019,2024-11-22 00:00:00,5566.0,Accessories,USB-C Cable,5,42.56,Debit Card,Madinah
2020,07-29-2024,5605.0,Laptops,MacBook Air M2,5,7033.23,Apple Pay,Jeddah
2021,2024-05-22 00:00:00,5253.0,TVs,LG 43-inch UHD,1,3346.21,Apple Pay,Jeddah
2022,2024-10-23 00:00:00,5005.0,Accessories,Laptop Stand,2,372.03,Debit Card,Madinah
2023,2024-01-21 00:00:00,5543.0,TVs,Samsung 55-inch QLED,4,6849.5,Credit Card,Makkah
2024,2024-12-22 00:00:00,5246.0,TVs,LG 43-inch UHD  ,1,6710.19,Apple Pay,Makkah
2025,2024-12-20 00:00:00,5367.0,Phones,iPhone 14,4,3159.75,Debit Card,Jeddah
2026,2024-11-27 00:00:00,5685.0,Accessories,USB-C Cable,1,348.96,Credit Card,Makkah
2027,2024-12-26 00:00:00,5474.0,Accessories,   USB-C Cable,4,342.48,Credit Card,Makkah
2028,2024-04-04 00:00:00,5642.0,Laptops,Lenovo ThinkPad E14,3,4574.15,Apple Pay,Riyadh
2029,2024-12-19,5436.0,Phones,Oppo Reno 8,3,4401.2,Credit Card,Dammam
2030,2024-12-16 00:00:00,5527.0,Accessories,USB-C Cable,1,43.69,Cash on Delivery,Riyadh
2031,2024-02-26 00:00:00,5633.0,Accessories, Wireless Mouse ,4,250.62,Cash on Delivery,
2032,2024-07-06 00:00:00,5726.0, Phones,Xiaomi Redmi Note 12,2,2305.03,Credit Card,Madinah
2033,2024-06-20 00:00:00,5755.0,Laptops,Dell XPS 13,2,3283.68,Credit Card,Makkah
2034,17/04/2024,,Cameras,GoPro Hero 11,2,1177.03,Cash on Delivery,Dammam
2035,2024-08-04 00:00:00,5381.0,Cameras,GoPro Hero 11,3,3406.64,Credit Card,Riyadh
2036,2024-05-09,5726.0,Accessories,Laptop Stand,-5,155.75,Credit Card,Makkah
2037,2024-09-29 00:00:00,5376.0,Cameras,GoPro Hero 11,3,3509.16,Apple Pay,Madinah
2038,2024-08-22 00:00:00,,Phones,Samsung Galaxy S23,1,1728.75,Credit Card,Makkah
2039,"February 25, 2024",5713.0,Accessories,Wireless Mouse ,2,146.66,Cash on Delivery,Riyadh
2040,2024-03-18 00:00:00,5426.0,laptops,Lenovo ThinkPad E14,-2,6006.69,Credit Card,Dammam
2041,2024-08-30 00:00:00,5755.0,Cameras,Canon EOS 200D,3,3746.6,,Makkah
2042,2024-04-06 00:00:00,5532.0,Phones,Xiaomi Redmi Note 12,1,2615.63,Credit Card,Jeddah
2043,2024-10-23 00:00:00,5607.0,Accessories,  Laptop Stand,3,261.58,Cash on Delivery,Makkah
2044,2024-08-15 00:00:00,5135.0,Cameras,GoPro Hero 11,4,4089.52,Cash on Delivery,Madinah
2045,2024-05-13 00:00:00,5295.0,Accessories,USB-C Cable,2,257.87,Apple Pay,Dammam
2046,2024-06-29 00:00:00,5633.0,Phones,   Samsung Galaxy S23   ,3,2315.36,Apple Pay,Jeddah
2047,"March 04, 2024",,Laptops,HP Pavilion 15,2,2658.61,Debit Card,
2048,2024-06-11 00:00:00,5266.0,Phones,   iPhone 14,-5,4545.35,Debit Card,Makkah
2049,2024-04-15 00:00:00,5352.0,Accessories,USB-C Cable,5,37.87,Credit Card,Dammam
2050,2024-08-17 00:00:00,, Laptops,HP Pavilion 15,5,8185.56,Debit Card,Madinah
2051,2024-07-26 00:00:00,5327.0,Phones,iPhone 14,4,3351.28,Debit Card,Makkah
2052,2024-10-06 00:00:00,5485.0,Laptops,MacBook Air M2,5,8603.94,Cash on Delivery,
2053,2024-10-16 00:00:00,5749.0,Accessories,USB-C Cable,4,325.55,Cash on Delivery,Riyadh
2054,2024-03-12 00:00:00,5025.0,TVs,Samsung 55-inch QLED,5,6989.26,Credit Card,Dammam
2055,2024-04-22 00:00:00,5334.0,TVs,Sony 65-inch Bravia  ,4,3623.7,Cash on Delivery,Riyadh
2056,2024-10-25 00:00:00,5200.0,Phones,Samsung Galaxy S23,-5,4185.16,Debit Card,Dammam
2057,2024-10-02 00:00:00,5403.0,Phones,iPhone 14,4,2906.76,Credit Card,Madinah
2058,2024-06-11 00:00:00,5407.0,Laptops,Lenovo ThinkPad E14,5,5619.19,Credit Card,Dammam
2059,07-08-2024,5291.0,Laptops,Lenovo ThinkPad E14,4,6578.79,Cash on Delivery,Riyadh
2060,2024-06-06 00:00:00,5745.0,Accessories,Bluetooth Headphones,4,353.26,Credit Card,Jeddah
2061,2024-07-31 00:00:00,5745.0,TVs,Sony 65-inch Bravia,4,6917.23,,Jeddah
2062,2024-07-31,5212.0,Tvs ,Sony 65-inch Bravia,2,5795.02,Credit Card,Jeddah
2063,2024-09-25 00:00:00,5774.0,Accessories,Laptop Stand,3,184.57,Credit Card,Madinah
2064,"January 04, 2024",5179.0,TVs,Samsung 55-inch QLED,4,3991.06,Cash on Delivery,Makkah
2065,2024-12-29 00:00:00,5190.0,Cameras,Nikon D3500,5,3555.3,Debit Card,Jeddah
2066,2024-10-10,5599.0,TVs,LG 43-inch UHD,4,3041.64,Credit Card,Dammam
2067,10-13-2024,5002.0,Accessories,Laptop Stand,4,70.88,Debit Card,Riyadh
2068,2024-06-02 00:00:00,5427.0,Laptops,HP Pavilion 15,4,4805.04,Credit Card,Dammam
2069,2024-12-18 00:00:00,5783.0,Laptops,Lenovo ThinkPad E14,2,4367.05,Credit Card,Riyadh
2070,04/02/2024,5492.0,Accessories,Laptop Stand,5,139.63,Cash on Delivery,Madinah
2071,2024-05-12,5524.0,Cameras,Nikon D3500,4,1740.99,Credit Card,Dammam
2072,12/05/2024,5327.0,Cameras,Canon EOS 200D,2,1051.54,Credit Card,Jeddah
2073,2024-03-10 00:00:00,5279.0,TVs,Sony 65-inch Bravia,3,1892.94,Debit Card,Riyadh
2074,2024-11-21 00:00:00,5298.0,Accessories,Laptop Stand,3,395.46,Credit Card,Dammam
2075,2024-02-09 00:00:00,5783.0,Cameras,GoPro Hero 11,5,2439.98,Debit Card,Jeddah
2076,2024-10-05 00:00:00,5277.0,Phones,Samsung Galaxy S23,3,2845.14,Cash on Delivery,Dammam
2077,2024-09-30 00:00:00,5013.0,Accessory,Wireless Mouse,5,281.47,Cash on Delivery,Jeddah
2078,2024-07-09 00:00:00,, Laptops,HP Pavilion 15,4,3918.65,Apple Pay,Dammam
2079,2024-03-20 00:00:00,5572.0,Phones,Samsung Galaxy S23,5,4824.86,Debit Card,Jeddah
2080,2024-09-26 00:00:00,5471.0,Cameras,GoPro Hero 11,5,3730.84,Credit Card,Makkah
2081,03-08-2024,5319.0,Phones,iPhone 14,1,1812.94,Apple Pay,Dammam
2082,2024-08-14 00:00:00,5726.0,Accessories,USB-C Cable,5,184.5,Cash on Delivery,Jeddah
2083,2024-03-01 00:00:00,5704.0,ACCESSORIES,Wireless Mouse,2,355.27,Debit Card,Jeddah
2084,2024-03-05 00:00:00,5435.0,Laptops,HP Pavilion 15,2,8640.76,Debit Card,Riyadh
2085,2024-01-10 00:00:00,5201.0,Phones,iPhone 14,4,3135.91,Apple Pay,Riyadh
2086,2024-12-03 00:00:00,5121.0,Phone,iPhone 14,5,3646.94,Credit Card,Makkah
2087,2024-02-03 00:00:00,,Accessories,Wireless Mouse,3,91.8,Credit Card,Riyadh
2088,2024-10-27 00:00:00,5029.0,Cameras,  Canon EOS 200D  ,2,4468.21,Debit Card,Dammam
2089,2024-05-22 00:00:00,5164.0,Phones,Samsung Galaxy S23,5,2310.85,Cash on Delivery,Dammam
2090,2024-11-09 00:00:00,5592.0, Cameras,GoPro Hero 11,2,4293.83,Credit Card,Riyadh
2091,2024-04-08 00:00:00,5004.0,Phones,Samsung Galaxy S23,3,3773.76,Debit Card,Madinah
2092,"September 15, 2024",5189.0,Phones,Samsung Galaxy S23,4,3627.08,Cash on Delivery,Madinah
2093,2024-02-24 00:00:00,,TVs,Sony 65-inch Bravia,2,4465.98,Cash on Delivery,Makkah
2094,2024-07-27 00:00:00,5477.0,Laptops,Dell XPS 13 ,1,3999.35,Cash on Delivery,Riyadh
2095,2024-09-10 00:00:00,5739.0, Phones,Samsung Galaxy S23,3,2117.85,Cash on Delivery,Madinah
2096,2024-06-16,5290.0,Phones ,iPhone 14,4,2271.7,Credit Card,Makkah
2097,2024-06-08 00:00:00,5417.0,TVs,   Sony 65-inch Bravia,4,2769.48,Debit Card,Madinah
2098,2024-04-06 00:00:00,,Accessories,Laptop Stand,1,318.45,Apple Pay,Dammam
2099,2024-12-10 00:00:00,5535.0,Phones,Oppo Reno 8,1,2725.44,Apple Pay,Makkah
2100,2024-03-14 00:00:00,5104.0,Phones,   iPhone 14,4,1702.45,Apple Pay,Madinah
2101,2024-07-05 00:00:00,5609.0,Laptops,MacBook Air M2,2,8799.17,Cash on Delivery,Jeddah
2102,2024-04-29 00:00:00,5783.0,tvs,Samsung 55-inch QLED,-4,6395.69,Apple Pay,Dammam
2103,05-19-2024,5682.0,Cameras,GoPro Hero 11,4,4239.91,Cash on Delivery,Makkah
2104,2024-09-05 00:00:00,5786.0,cameras,Nikon D3500,5,4481.67,Cash on Delivery,Jeddah
2105,03-03-2024,5236.0,TVs,Samsung 55-inch QLED,3,2704.26,Apple Pay,
2106,2024-02-20 00:00:00,5694.0,Laptops,  MacBook Air M2  ,1,5075.57,Credit Card,Makkah
2107,"July 14, 2024",5310.0,Phones,Samsung Galaxy S23  ,5,4153.83,Cash on Delivery,Jeddah
2108,2024-02-19 00:00:00,5206.0,cameras,GoPro Hero 11,1,3405.67,Apple Pay,Makkah
2109,2024-09-08 00:00:00,5351.0,Accessories,Laptop Stand,5,86.94,Cash on Delivery,
2110,10/01/2024,5392.0,Cameras,GoPro Hero 11,1,3837.0,Apple Pay,Riyadh
2111,2024-07-11 00:00:00,5033.0,TVs,LG 43-inch UHD,4,2967.09,Apple Pay,Riyadh
2112,2024-12-27 00:00:00,5137.0,Laptops,HP Pavilion 15,2,3954.81,Apple Pay,Makkah
2113,2024-09-06 00:00:00,5701.0, Accessories ,Laptop Stand,1,228.68,Apple Pay,Madinah
2114,2024-08-28 00:00:00,5057.0,cameras,  GoPro Hero 11,4,3034.58,Debit Card,Madinah
2115,2024-09-10 00:00:00,5692.0,TVs,LG 43-inch UHD,5,4816.45,Apple Pay,Madinah
2116,"June 13, 2024",5046.0,Accessories,Bluetooth Headphones,-1,63.85,Credit Card,Madinah
2117,2024-06-27 00:00:00,5389.0,Laptops,HP Pavilion 15,5,8203.5,Credit Card,Dammam
2118,2024-06-25 00:00:00,5057.0,Phones,Oppo Reno 8,3,2429.6,Apple Pay,Dammam
2119,2024-04-30 00:00:00,5312.0,Laptops,Dell XPS 13,3,3341.85,Credit Card,Riyadh
2120,2024-03-27 00:00:00,5471.0,Phones,  Xiaomi Redmi Note 12  ,1,4610.62,Cash on Delivery,Riyadh
2121,2024-09-20 00:00:00,5712.0,TV,Sony 65-inch Bravia,-4,6769.39,Cash on Delivery,Riyadh
2122,2024-01-12 00:00:00,5399.0,TV,Sony 65-inch Bravia,3,6283.06,Apple Pay,Madinah
2123,2024-09-07 00:00:00,5508.0,accessories,Wireless Mouse,1,329.52,Debit Card,Dammam
2124,2024-06-22 00:00:00,5446.0,Cameras,GoPro Hero 11,2,3258.87,Cash on Delivery,Dammam
2125,2024-11-21 00:00:00,5271.0,laptops,Lenovo ThinkPad E14,1,6080.57,Debit Card,Dammam
2126,2024-10-20 00:00:00,5760.0,Phones,Xiaomi Redmi Note 12,4,1804.45,Debit Card,Madinah
2127,2024-10-30 00:00:00,5580.0,Phones,iPhone 14,3,2929.59,,Riyadh
2128,2024-08-06,5667.0,Cameras,Nikon D3500,2,2241.68,Cash on Delivery,Riyadh
2129,2024-08-09 00:00:00,5424.0,Accessories,Bluetooth Headphones,5,126.11,Cash on Delivery,Jeddah
2130,2024-11-15 00:00:00,5184.0,TVs,LG 43-inch UHD,5,5561.78,Apple Pay,Madinah
2131,2024-10-22 00:00:00,,Phones,Samsung Galaxy S23,4,3235.57,Debit Card,Makkah
2132,2024-08-10 00:00:00,5205.0,Cameras,GoPro Hero 11,5,1191.77,Credit Card,Madinah
2133,2024-03-16 00:00:00,5445.0,Accessories,Laptop Stand,2,111.47,Debit Card,Dammam
2134,2024-02-02 00:00:00,5293.0,Tvs ,LG 43-inch UHD,2,5352.95,Apple Pay,Dammam
2135,2024-12-17 00:00:00,,Laptops,HP Pavilion 15,5,70618.37784116426,Debit Card,Makkah
2136,2024-04-08 00:00:00,5475.0,PHONES,  Samsung Galaxy S23,1,4479.22,Debit Card,Dammam
2137,2024-08-11 00:00:00,5163.0,TVs,Sony 65-inch Bravia,4,4374.76,Credit Card,Jeddah
2138,2024-01-15 00:00:00,5180.0,Accessories,USB-C Cable,3,207.82,Cash on Delivery,Madinah
2139,2024-01-11 00:00:00,5616.0,Phones,Oppo Reno 8,1,3573.43,Credit Card,Dammam
2140,2024-07-27 00:00:00,5741.0, Accessories ,Wireless Mouse,3,335.13,Credit Card,Makkah
2141,2024-02-27 00:00:00,5680.0,laptops,Dell XPS 13,5,4760.76,Credit Card,Madinah
2142,2024-05-08 00:00:00,5614.0,Cameras,GoPro Hero 11,4,3340.86,Credit Card,
2143,2024-06-17 00:00:00,5433.0,Phones,Xiaomi Redmi Note 12,5,3480.06,Apple Pay,Jeddah
2144,2024-02-24 00:00:00,5450.0,laptops,  Dell XPS 13  ,2,4235.68,Debit Card,Dammam
2145,2024-10-28 00:00:00,5383.0,TVs,LG 43-inch UHD,1,6368.88,Apple Pay,Madinah
2146,2024-10-06 00:00:00,5284.0,Phones ,Xiaomi Redmi Note 12,4,4290.99,Apple Pay,Jeddah
2147,2024-08-31 00:00:00,5660.0,Laptops,HP Pavilion 15,3,6779.94,Cash on Delivery,Riyadh
2148,2024-12-05 00:00:00,5565.0,Cameras,Canon EOS 200D   ,1,3962.09,Debit Card,Dammam
2149,2024-11-23 00:00:00,5242.0,TVs,LG 43-inch UHD,-3,6309.93,Credit Card,Madinah
2150,2024-01-05 00:00:00,5092.0,TVs,LG 43-inch UHD,4,5483.49,,Dammam
2151,2024-04-17 00:00:00,5785.0,laptops,HP Pavilion 15,2,7940.59,Apple Pay,
2152,05-20-2024,5754.0,TVs,Samsung 55-inch QLED,1,5426.85,Apple Pay,Makkah
2153,2024-08-04 00:00:00,5518.0,TVs,LG 43-inch UHD,1,5336.73,Debit Card,Dammam
2154,2024-08-03 00:00:00,5711.0,Phones,Xiaomi Redmi Note 12,5,3665.14,Cash on Delivery,Makkah
2155,2024-11-24 00:00:00,5003.0,Phones,iPhone 14,2,4134.51,Apple Pay,Jeddah
2156,17/11/2024,5084.0,TVs,Samsung 55-inch QLED,3,2624.75,Cash on Delivery,Madinah
2157,"July 05, 2024",5702.0,Phones,Samsung Galaxy S23,5,4583.05,Debit Card,
2158,2024-08-19 00:00:00,5177.0,TVs,  LG 43-inch UHD  ,4,6333.59,Debit Card,Dammam
2159,2024-05-24 00:00:00,5376.0,Cameras,Nikon D3500,2,1005.29,Credit Card,Makkah
2160,2024-07-12 00:00:00,5023.0,Laptops,Lenovo ThinkPad E14,5,7867.81,Debit Card,Riyadh
2161,2024-11-09 00:00:00,5203.0,Cameras,GoPro Hero 11,2,1363.93,Credit Card,Makkah
2162,2024-01-26 00:00:00,5266.0,Accessories,USB-C Cable,4,153.99,Apple Pay,Madinah
2163,07/07/2024,5735.0,Laptops,MacBook Air M2,2,7332.8,Credit Card,Riyadh
2164,2024-08-20 00:00:00,,Cameras,Nikon D3500,4,1478.74,Credit Card,Jeddah
2165,2024-05-16 00:00:00,5133.0,Laptops,Dell XPS 13,3,7816.79,Apple Pay,Makkah
2166,2024-11-03 00:00:00,5428.0,TVs,Samsung 55-inch QLED,2,6127.1,Cash on Delivery,Jeddah
2167,15/03/2024,5241.0,Laptops,  Lenovo ThinkPad E14  ,1,5798.54,Cash on Delivery,Dammam
2168,2024-05-07 00:00:00,5010.0,Cameras,Nikon D3500,3,922.99,Apple Pay,Riyadh
2169,2024-06-14 00:00:00,,TVs,Samsung 55-inch QLED,-4,3292.6,Debit Card,Makkah
2170,2024-11-01 00:00:00,5570.0,tvs,Sony 65-inch Bravia,3,5008.02,Credit Card,Riyadh
2171,2024-06-19 00:00:00,5620.0,Phones,iPhone 14,2,4934.15,Apple Pay,Dammam
2172,2024-01-24 00:00:00,5634.0,Cameras,GoPro Hero 11,1,3174.53,Cash on Delivery,Madinah
2173,07-21-2024,5042.0,TVs,LG 43-inch UHD,3,3150.98,Debit Card,Madinah
2174,05-13-2024,5479.0,Cameras,Canon EOS 200D,2,3182.42,Apple Pay,Dammam
2175,2024-06-11 00:00:00,5266.0,Laptops,MacBook Air M2,5,6009.9,Apple Pay,Jeddah
2176,"January 23, 2024",5765.0,Phones,Xiaomi Redmi Note 12,2,4229.46,Apple Pay,Dammam
2177,2024-05-24,5320.0,Accessories,Laptop Stand,3,69.58,Cash on Delivery,Madinah
2178,10-06-2024,5673.0,tvs,Samsung 55-inch QLED,4,5757.35,Debit Card,Madinah
2179,2024-04-06 00:00:00,5187.0,tvs,Samsung 55-inch QLED,2,4614.59,Credit Card,Jeddah
2180,"May 13, 2024",5118.0, Phones,Oppo Reno 8,2,4870.47,Apple Pay,Makkah
2181,08-14-2024,5504.0,TVs,Samsung 55-inch QLED,3,3577.74,Apple Pay,Makkah
2182,2024-03-04 00:00:00,5290.0,Phones,Samsung Galaxy S23,-3,3714.18,,Jeddah
2183,"September 17, 2024",5004.0,Laptops,Dell XPS 13,3,201801.35528413617,Debit Card,Madinah
2184,04-02-2024,5786.0,Cameras,  GoPro Hero 11,4,1269.04,Credit Card,Jeddah
2185,2024-02-18 00:00:00,5697.0,TVs,Sony 65-inch Bravia,3,6673.59,Credit Card,Dammam
2186,2024-10-07,5157.0,Phones,Oppo Reno 8,-5,3907.6,Credit Card,Dammam
2187,2024-08-23 00:00:00,5608.0,Phones,iPhone 14   ,4,1737.43,Apple Pay,Dammam
2188,2024-01-23 00:00:00,5749.0,Phones, Xiaomi Redmi Note 12,5,2553.37,Apple Pay,
2189,2024-04-18 00:00:00,5056.0,Cameras,Canon EOS 200D,1,3449.42,Cash on Delivery,Dammam
2190,2024-02-17 00:00:00,5245.0,Phones,  Oppo Reno 8  ,4,1735.73,Cash on Delivery,Jeddah
2191,2024-01-11 00:00:00,5798.0,TVs,Samsung 55-inch QLED,2,4827.29,Debit Card,Makkah
2192,27/11/2024,5502.0,TVs,LG 43-inch UHD,2,3598.59,Credit Card,Dammam
2193,2024-06-07 00:00:00,5681.0,TVs,Sony 65-inch Bravia,5,5028.76,Debit Card,Dammam
2194,2024-09-19 00:00:00,5397.0,Phones,Xiaomi Redmi Note 12,2,1660.1,Apple Pay,Makkah
2195,2024-10-15,5774.0, TVs,LG 43-inch UHD   ,5,6331.99,Apple Pay,Riyadh
2196,2024-11-10 00:00:00,5095.0,TVs,LG 43-inch UHD,2,6862.14,Apple Pay,Makkah
2197,2024-08-25 00:00:00,5539.0,phones,Xiaomi Redmi Note 12,2,4891.07,Debit Card,Makkah
2198,2024-05-28 00:00:00,5489.0,Cameras,Canon EOS 200D,4,3598.75,Apple Pay,Riyadh
2199,2024-03-06 00:00:00,5437.0,Accessories,USB-C Cable,3,78.13,Debit Card,Madinah
2200,09/10/2024,5110.0,Accessories,Wireless Mouse,1,310.56,Credit Card,Madinah
2201,2024-07-30 00:00:00,5259.0,Cameras,Nikon D3500,1,988.51,Apple Pay,Madinah
2202,2024-10-26 00:00:00,5758.0,Accessories,Bluetooth Headphones,1,38.19,Credit Card,Riyadh
2203,2024-04-03 00:00:00,5426.0,TV,Samsung 55-inch QLED,4,3482.77,Credit Card,Riyadh
2204,2024-10-27 00:00:00,5271.0,Accessories,   Bluetooth Headphones   ,4,210.8,Apple Pay,Madinah
2205,2024-04-18 00:00:00,5265.0,Accessories,USB-C Cable,2,315.05,Credit Card,Madinah
2206,2024-09-30 00:00:00,5119.0,Phones,Oppo Reno 8,1,3891.53,Credit Card,Makkah
2207,2024-12-01 00:00:00,5673.0,Phones,Samsung Galaxy S23 ,4,3060.66,Apple Pay,Makkah
2208,2024-09-06 00:00:00,5309.0,Cameras,GoPro Hero 11,3,1885.06,Cash on Delivery,Makkah
2209,2024-03-10 00:00:00,5016.0, Phones,Samsung Galaxy S23,1,117662.47669323644,Debit Card,Riyadh
2210,2024-04-17 00:00:00,5446.0,Laptop,MacBook Air M2,4,5270.18,Debit Card,Jeddah
2211,2024-02-14 00:00:00,5485.0,Cameras,Canon EOS 200D ,3,2524.99,Apple Pay,Jeddah
2212,2024-02-29 00:00:00,5496.0,TVs, Samsung 55-inch QLED,2,2650.84,Debit Card,Makkah
2213,2024-08-18 00:00:00,5301.0,TVs,Samsung 55-inch QLED,-5,5933.01,Debit Card,Jeddah
2214,"January 27, 2024",5645.0,Cameras,Nikon D3500,3,3397.26,Credit Card,Riyadh
2215,2024-09-10,5499.0,TVs,LG 43-inch UHD,5,-42.54,Cash on Delivery,Riyadh
2216,2024-09-19 00:00:00,5731.0,TVs,LG 43-inch UHD,5,2228.38,Apple Pay,Jeddah
2217,2024-08-04 00:00:00,5065.0,Phones,iPhone 14,5,3881.75,Cash on Delivery,Madinah
2218,"August 30, 2024",5661.0,Accessories,Laptop Stand,1,272.17,,Madinah
2219,12-23-2024,5294.0,Accessories,Laptop Stand,4,131.11,Credit Card,Jeddah
2220,"June 25, 2024",5224.0,Laptops,Lenovo ThinkPad E14,4,8680.61,Debit Card,Madinah
2221,2024-06-22 00:00:00,,Cameras,GoPro Hero 11,5,1443.81,Apple Pay,Jeddah
2222,2024-12-10 00:00:00,5636.0,TV,LG 43-inch UHD,3,4048.14,Apple Pay,Jeddah
2223,2024-12-19 00:00:00,5177.0,Laptops,HP Pavilion 15,1,8633.5,Apple Pay,Jeddah
2224,2024-11-06 00:00:00,5505.0,Laptops,Dell XPS 13,4,5228.23,Credit Card,Makkah
2225,2024-04-17 00:00:00,5367.0,Accessory,USB-C Cable,5,266.25,Credit Card,Riyadh
2226,2024-12-12 00:00:00,5032.0,Accessories,Bluetooth Headphones,2,177.11,Debit Card,Madinah
2227,2024-08-08 00:00:00,5575.0,Phone,Xiaomi Redmi Note 12,1,2459.75,Debit Card,Riyadh
2228,12/05/2024,5788.0,Laptops,Lenovo ThinkPad E14,3,8895.85,Cash on Delivery,Riyadh
2229,2024-03-18 00:00:00,5448.0,Camera,Nikon D3500,5,2373.6,Credit Card,Riyadh
2230,2024-02-24 00:00:00,5042.0,TVs,Samsung 55-inch QLED,5,6449.32,Credit Card,Madinah
2231,2024-03-26 00:00:00,5160.0,Cameras,Canon EOS 200D,1,1727.84,Debit Card,
2232,2024-09-16 00:00:00,5662.0,Accessories, Laptop Stand,4,108.85,Credit Card,Jeddah
2233,2024-03-11 00:00:00,5425.0,Accessories,Bluetooth Headphones ,1,41.52,Debit Card,Makkah
2234,2024-08-30 00:00:00,5175.0,Phones,   Samsung Galaxy S23   ,3,3780.83,Cash on Delivery,Madinah
2235,2024-07-09 00:00:00,5155.0,phones, Xiaomi Redmi Note 12 ,-4,2789.84,Cash on Delivery,Jeddah
2236,2024-04-26 00:00:00,5419.0,Cameras,Nikon D3500,2,4011.69,Apple Pay,Makkah
2237,2024-12-15 00:00:00,5149.0,TVs,Sony 65-inch Bravia,3,4260.69,Credit Card,Makkah
2238,2024-02-13 00:00:00,5790.0,Phones,iPhone 14,3,4888.68,Cash on Delivery,Makkah
2239,2024-02-01 00:00:00,,Laptops,Lenovo ThinkPad E14,4,3705.92,Credit Card,Jeddah
2240,2024-08-02 00:00:00,5352.0,Phones,Xiaomi Redmi Note 12,4,4540.18,Cash on Delivery,
2241,2024-09-27 00:00:00,5456.0,Phones,Xiaomi Redmi Note 12,5,4218.09,Debit Card,Makkah
2242,2024-12-23 00:00:00,5308.0,Laptops,Lenovo ThinkPad E14,3,7510.99,Apple Pay,Jeddah
2243,2024-10-02 00:00:00,5532.0,Phones,iPhone 14,3,4456.74,Apple Pay,Jeddah
2244,2024-04-19 00:00:00,5348.0,CAMERAS ,  Nikon D3500,1,3639.69,Cash on Delivery,Madinah
2245,2024-01-15 00:00:00,5792.0,Laptops,MacBook Air M2,5,6570.43,Cash on Delivery,Jeddah
2246,2024-09-15 00:00:00,5265.0,Accessories,Laptop Stand,1,78.56,Credit Card,Dammam
2247,2024-03-04 00:00:00,5305.0,Cameras, Nikon D3500,-1,1017.09,Credit Card,Makkah
2248,2024-01-03 00:00:00,5763.0,Cameras,GoPro Hero 11,4,4215.05,Cash on Delivery,Jeddah
2249,2024-12-31 00:00:00,5306.0,Cameras,GoPro Hero 11,5,3119.94,Debit Card,Dammam
2250,12-31-2024,5335.0,Accessories,USB-C Cable,4,324.72,Debit Card,Riyadh
2251,2024-04-08 00:00:00,5150.0,CAMERAS ,GoPro Hero 11,3,2633.48,Apple Pay,Riyadh
2252,"February 11, 2024",5133.0,TVs,LG 43-inch UHD,1,2410.0,Credit Card,Makkah
2253,2024-08-16 00:00:00,5412.0,TVs,Samsung 55-inch QLED  ,1,2450.97,Cash on Delivery,Madinah
2254,2024-09-22 00:00:00,5510.0,Cameras,GoPro Hero 11,4,3368.04,Cash on Delivery,Madinah
2255,2024-12-18 00:00:00,5147.0,TVs,LG 43-inch UHD,4,4037.59,Apple Pay,Jeddah
2256,2024-09-05 00:00:00,5541.0, Cameras,Canon EOS 200D,4,1621.89,Debit Card,Madinah
2257,2024-08-21 00:00:00,5572.0,PHONES,Samsung Galaxy S23,4,3220.58,Credit Card,Jeddah
2258,2024-11-04 00:00:00,5378.0,Accessories,Wireless Mouse,4,53.76,Credit Card,Riyadh
2259,2024-01-21 00:00:00,5380.0,Cameras,Nikon D3500,5,2995.1,Debit Card,Riyadh
2260,2024-06-04 00:00:00,5146.0,Accessories,Bluetooth Headphones,3,129.53,,Riyadh
2261,2024-01-25 00:00:00,5187.0,LAPTOPS,   Lenovo ThinkPad E14   ,3,7684.13,Cash on Delivery,Jeddah
2262,"March 03, 2024",5045.0,TV,Samsung 55-inch QLED,5,3413.88,Cash on Delivery,Riyadh
2263,2024-10-20,5800.0,TV,   LG 43-inch UHD,3,4167.14,Apple Pay,Dammam
2264,2024-11-06 00:00:00,5651.0,TVs,LG 43-inch UHD,2,1860.43,,Madinah
2265,2024-12-07 00:00:00,5091.0,TVs,LG 43-inch UHD,4,2176.72,Debit Card,Dammam
2266,2024-11-15 00:00:00,5404.0,Cameras,GoPro Hero 11,-4,2312.98,Apple Pay,Jeddah
2267,12-09-2024,5169.0,Accessories,Wireless Mouse,4,207.58,Cash on Delivery,Riyadh
2268,2024-10-14 00:00:00,, Phones,Xiaomi Redmi Note 12,1,3600.07,Credit Card,Jeddah
2269,2024-01-28,5514.0,Cameras,GoPro Hero 11,-5,1949.99,Debit Card,Makkah
2270,"December 03, 2024",,Phones,   iPhone 14   ,5,3932.44,Debit Card,Riyadh
2271,2024-12-27 00:00:00,5546.0,LAPTOPS,Dell XPS 13,5,8090.8,Apple Pay,Riyadh
2272,2024-07-24 00:00:00,5023.0,Cameras,Nikon D3500,5,3707.46,Credit Card,Makkah
2273,2024-04-02 00:00:00,5324.0,Accessories,Laptop Stand,4,44.66,Credit Card,Madinah
2274,2024-02-16 00:00:00,5172.0,TVs, LG 43-inch UHD,1,4298.64,Credit Card,Madinah
2275,"March 04, 2024",5314.0,Accessories,USB-C Cable,3,68.82,Credit Card,Jeddah
2276,2024-03-27 00:00:00,5027.0,Tvs ,Sony 65-inch Bravia,1,3058.63,Cash on Delivery,Jeddah
2277,2024-07-18 00:00:00,5422.0,Phone,Xiaomi Redmi Note 12,1,4953.32,Cash on Delivery,Jeddah
2278,2024-07-11 00:00:00,5245.0,Accessories,   Bluetooth Headphones   ,-1,82.72,Credit Card,Jeddah
2279,2024-05-01,5275.0,CAMERAS ,GoPro Hero 11,4,2696.0,Apple Pay,Riyadh
2280,2024-08-25 00:00:00,5495.0,Phones,Xiaomi Redmi Note 12,5,3663.55,Apple Pay,Riyadh
2281,2024-11-20 00:00:00,5567.0,phones,  Oppo Reno 8  ,2,3958.63,Credit Card,Dammam
2282,"February 21, 2024",5581.0,Cameras,GoPro Hero 11,2,2914.74,Debit Card,Dammam
2283,2024-02-12 00:00:00,5382.0, TVs,LG 43-inch UHD,5,1850.81,Debit Card,Jeddah
2284,2024-05-05 00:00:00,5462.0,CAMERAS ,Canon EOS 200D,5,2075.26,Apple Pay,Madinah
2285,2024-08-25 00:00:00,5000.0,Phones,iPhone 14,5,3311.99,Cash on Delivery,Jeddah
2286,"May 19, 2024",5359.0,Phones,Oppo Reno 8,5,1807.53,Cash on Delivery,Makkah
2287,2024-01-24 00:00:00,5091.0,Laptops,HP Pavilion 15,2,4779.08,Credit Card,Dammam
2288,03-03-2024,5215.0,TVs,Sony 65-inch Bravia,2,1972.66,Cash on Delivery,Makkah
2289,"June 11, 2024",5279.0,Cameras,GoPro Hero 11,3,1182.88,Cash on Delivery,Makkah
2290,2024-06-23 00:00:00,5336.0,Laptops,HP Pavilion 15,2,5080.0,Apple Pay,Madinah
2291,2024-11-26 00:00:00,5009.0,Phones,Samsung Galaxy S23,1,1964.51,Apple Pay,Riyadh
2292,2024-10-11 00:00:00,5083.0,Laptops,Lenovo ThinkPad E14,4,6189.02,Apple Pay,Madinah
2293,2024-12-09,5385.0,Phones,iPhone 14,4,3913.13,Credit Card,Dammam
2294,2024-07-17 00:00:00,5473.0,Cameras,  Nikon D3500,2,3782.11,Credit Card,Riyadh
2295,2024-08-15 00:00:00,5776.0,Accessories,USB-C Cable   ,1,104.06,Debit Card,Riyadh
2296,08/04/2024,5239.0,Accessories,Bluetooth Headphones,1,91.97,,Jeddah
2297,01-19-2024,5214.0, TVs,LG 43-inch UHD,3,2343.75,Apple Pay,Madinah
2298,2024-11-22 00:00:00,5582.0,Phones,Samsung Galaxy S23,-4,3727.51,Credit Card,Dammam
2299,2024-03-28 00:00:00,5688.0,Cameras,Nikon D3500,5,3443.31,Debit Card,Madinah
2300,2024-03-30 00:00:00,5130.0,Cameras,GoPro Hero 11,1,1013.71,Debit Card,Riyadh
2301,2024-09-24 00:00:00,,Accessories,   USB-C Cable   ,3,376.4,Debit Card,Riyadh
2302,05-09-2024,5437.0,Cameras,GoPro Hero 11,5,1087.1,Apple Pay,Riyadh
2303,2024-08-09 00:00:00,5696.0,Phones, Xiaomi Redmi Note 12 ,4,3394.54,Cash on Delivery,Riyadh
2304,2024-09-10 00:00:00,5048.0,Cameras,   Nikon D3500,3,3452.62,Credit Card,Jeddah
2305,2024-09-29 00:00:00,5401.0,Accessories,Laptop Stand,4,352.26,Cash on Delivery,Riyadh
2306,2024-02-11 00:00:00,5706.0,Laptops,HP Pavilion 15,5,7141.57,Credit Card,Jeddah
2307,2024-05-07,5318.0,TVs,Samsung 55-inch QLED,2,5968.99,Debit Card,Dammam
2308,2024-01-15 00:00:00,5606.0,Phones,iPhone 14,4,2688.08,Apple Pay,Riyadh
2309,2024-05-06 00:00:00,5348.0,Accessories,Bluetooth Headphones,1,331.49,Apple Pay,Jeddah
2310,2024-09-23 00:00:00,5634.0,Phones,Xiaomi Redmi Note 12,2,1780.4,Credit Card,Madinah
2311,2024-11-16 00:00:00,5062.0,TVs,Samsung 55-inch QLED,-4,6453.05,Credit Card,Riyadh
2312,2024-06-09 00:00:00,5452.0,Phones,Oppo Reno 8,1,3416.57,Debit Card,Riyadh
2313,2024-11-08 00:00:00,5693.0,Phones ,Xiaomi Redmi Note 12,4,4360.54,Credit Card,Riyadh
2314,2024-05-30,5632.0,Phones,iPhone 14,4,3083.11,Apple Pay,
2315,02/11/2024,5393.0,TVs,Samsung 55-inch QLED,5,5146.6,Credit Card,Makkah
2316,"November 13, 2024",5666.0,TVs,LG 43-inch UHD,-5,4537.29,Credit Card,Dammam
2317,2024-09-21,5105.0,Phones,Oppo Reno 8   ,3,4060.56,Debit Card,Riyadh
2318,2024-10-30 00:00:00,5262.0,Phones,iPhone 14,2,1785.7,Debit Card,Madinah
2319,2024-09-03 00:00:00,5248.0,Accessories,Laptop Stand,5,52.33,Apple Pay,Jeddah
2320,2024-01-31 00:00:00,5446.0,Laptops,MacBook Air M2,2,4106.17,Cash on Delivery,Madinah
2321,2024-07-02 00:00:00,5480.0,Cameras,GoPro Hero 11,3,1474.36,Debit Card,Jeddah
2322,2024-05-29 00:00:00,5600.0,Accessories,Bluetooth Headphones,3,352.56,Credit Card,Madinah
2323,"January 05, 2024",5352.0,Laptops,MacBook Air M2,5,3924.89,Credit Card,Makkah
2324,11-23-2024,5193.0,Laptops,Dell XPS 13,2,8843.12,Credit Card,Dammam
2325,2024-12-20 00:00:00,5579.0,TVs, Sony 65-inch Bravia,4,3551.86,Cash on Delivery,Madinah
2326,2024-08-02 00:00:00,5465.0,Accessories,Bluetooth Headphones,3,97.38,Debit Card,Riyadh
2327,2024-04-22 00:00:00,5477.0,Phones,Oppo Reno 8,-1,4263.94,Debit Card,Jeddah
2328,2024-05-02 00:00:00,5210.0,Cameras,Canon EOS 200D,4,3271.35,Cash on Delivery,Makkah
2329,"January 04, 2024",5366.0,TVs,Samsung 55-inch QLED,3,4390.62,Credit Card,Riyadh
2330,2024-03-13 00:00:00,5646.0,Phones,iPhone 14,3,3443.77,Apple Pay,Jeddah
2331,2024-01-23 00:00:00,5290.0,Cameras,Nikon D3500,1,3489.13,Debit Card,Jeddah
2332,2024-05-14,5251.0,Laptops,Dell XPS 13 ,2,3984.96,Cash on Delivery,Madinah
2333,2024-01-12,5021.0,Laptops,Dell XPS 13,2,8976.17,Cash on Delivery,Riyadh
2334,"December 01, 2024",5312.0,Laptops,Lenovo ThinkPad E14  ,1,8836.16,Cash on Delivery,Jeddah
2335,2024-08-07,5638.0,TVs,Samsung 55-inch QLED,3,5181.69,Debit Card,Madinah
2336,2024-02-03 00:00:00,5194.0,TVs,Sony 65-inch Bravia,1,2837.62,Debit Card,Jeddah
2337,2024-12-21 00:00:00,5439.0,LAPTOPS,Lenovo ThinkPad E14,3,6921.48,Cash on Delivery,Madinah
2338,2024-11-11 00:00:00,5301.0,Laptops,MacBook Air M2,5,2969.29,Debit Card,Madinah
2339,2024-05-06 00:00:00,5520.0,Laptops,HP Pavilion 15,1,2699.24,Cash on Delivery,Jeddah
2340,17/04/2024,5066.0,Cameras,Nikon D3500   ,-1,1827.66,Apple Pay,Madinah
2341,"November 26, 2024",5531.0,Laptops,Lenovo ThinkPad E14,5,5507.05,Cash on Delivery,Makkah
2342,2024-06-13,5485.0,TVs,Samsung 55-inch QLED,3,6315.02,Apple Pay,Makkah
2343,22/11/2024,5224.0,Accessories,Laptop Stand,5,299.05,Credit Card,
2344,2024-04-30 00:00:00,5435.0,Laptops,Lenovo ThinkPad E14,4,7327.59,Debit Card,Dammam
2345,2024-03-21 00:00:00,5086.0,TVs,Sony 65-inch Bravia,3,4012.57,Cash on Delivery,Madinah
2346,2024-05-31 00:00:00,5597.0,Laptops,MacBook Air M2,4,4748.58,Cash on Delivery,Jeddah
2347,2024-09-19 00:00:00,5461.0,PHONES,Oppo Reno 8,5,2798.64,Cash on Delivery,Makkah
2348,2024-07-28 00:00:00,5279.0,TVs,LG 43-inch UHD,3,6935.78,Apple Pay,Dammam
2349,01/04/2024,5660.0,TVs,  Samsung 55-inch QLED  ,4,2008.57,Debit Card,Dammam
2350,2024-02-12 00:00:00,5233.0,Phones,Xiaomi Redmi Note 12,3,4534.61,Credit Card,Dammam
2351,2024-02-06 00:00:00,5205.0,Phones ,iPhone 14,3,3525.36,Credit Card,Madinah
2352,2024-12-11 00:00:00,5763.0,Accessories,USB-C Cable,3,192.29,Cash on Delivery,Dammam
2353,2024-12-27 00:00:00,5267.0,Accessories,USB-C Cable,5,298.35,Debit Card,Madinah
2354,2024-05-24 00:00:00,5593.0,PHONES,Xiaomi Redmi Note 12,3,3203.34,,Makkah
2355,"November 30, 2024",5233.0,Phones ,Oppo Reno 8,5,4556.98,Debit Card,Makkah
2356,2024-08-30 00:00:00,5348.0,Laptops,Dell XPS 13,-2,8354.56,Apple Pay,Makkah
2357,2024-04-06 00:00:00,5449.0,Phones,Xiaomi Redmi Note 12,4,2976.02,Apple Pay,Jeddah
2358,2024-01-16 00:00:00,5131.0,TVs,Sony 65-inch Bravia,3,3239.5,Debit Card,Madinah
2359,2024-09-12 00:00:00,,Accessories,Wireless Mouse,3,249.17,Cash on Delivery,Jeddah
2360,2024-07-25 00:00:00,5601.0,TVs,Sony 65-inch Bravia,5,6544.29,Cash on Delivery,Dammam
2361,2024-03-12 00:00:00,5644.0,Phones,iPhone 14,2,-31.95,Cash on Delivery,Madinah
2362,2024-10-20 00:00:00,5400.0,Cameras,GoPro Hero 11,4,3142.68,Apple Pay,Jeddah
2363,2024-04-06 00:00:00,5583.0,Phone,Oppo Reno 8,-4,3710.46,Credit Card,Dammam
2364,2024-06-04 00:00:00,5691.0,TV,   Sony 65-inch Bravia,1,5612.19,Debit Card,Riyadh
2365,2024-01-17 00:00:00,5191.0,Cameras,Canon EOS 200D,5,1373.64,Apple Pay,Riyadh
2366,2024-07-16 00:00:00,5298.0,Laptops,  MacBook Air M2,3,7152.86,Debit Card,Jeddah
2367,"August 20, 2024",5011.0,Cameras,Canon EOS 200D,1,4172.52,Cash on Delivery,Madinah
2368,2024-07-29 00:00:00,5132.0,Laptops,HP Pavilion 15,4,3667.94,Debit Card,Riyadh
2369,2024-09-01 00:00:00,5133.0,Cameras,Nikon D3500,1,1755.16,Apple Pay,Jeddah
2370,09/08/2024,5588.0,Laptops,HP Pavilion 15,4,8814.07,Debit Card,
2371,2024-09-14 00:00:00,5007.0,Accessory,   USB-C Cable   ,4,96.96,Cash on Delivery,
2372,2024-02-02 00:00:00,5336.0,Laptops,Lenovo ThinkPad E14,4,8053.5,Debit Card,Madinah
2373,2024-08-23 00:00:00,5294.0,Cameras,Nikon D3500,4,2672.2,Credit Card,Riyadh
2374,2024-12-24 00:00:00,5179.0,TVs,LG 43-inch UHD,3,3085.6,Apple Pay,Madinah
2375,2024-04-01 00:00:00,5393.0,Tvs ,Samsung 55-inch QLED,5,6327.9,Apple Pay,Makkah
2376,2024-07-20 00:00:00,5280.0, Laptops,MacBook Air M2  ,1,5394.48,Debit Card,
2377,2024-12-07 00:00:00,5421.0,CAMERAS ,Nikon D3500  ,1,2753.34,Debit Card,Makkah
2378,2024-07-07 00:00:00,5784.0,Cameras,Canon EOS 200D,1,2193.24,Credit Card,Madinah
2379,2024-08-18 00:00:00,5518.0,Accessories,Laptop Stand,2,249.39,Cash on Delivery,Jeddah
2380,2024-01-14 00:00:00,5351.0, Phones,Oppo Reno 8,1,2072.33,Apple Pay,Makkah
2381,2024-07-22 00:00:00,5117.0,TVs,Samsung 55-inch QLED,1,3833.62,Credit Card,Dammam
2382,2024-12-09 00:00:00,5069.0,Laptops,HP Pavilion 15,4,8801.18,Apple Pay,Makkah
2383,"December 31, 2024",5285.0,Phones,Samsung Galaxy S23,4,2403.47,Debit Card,Makkah
2384,2024-01-10 00:00:00,5301.0,Laptops,Dell XPS 13,5,6768.79,Credit Card,Jeddah
2385,2024-03-27 00:00:00,5157.0,Phones,Oppo Reno 8,1,2638.17,Credit Card,Dammam
2386,2024-04-01 00:00:00,5221.0,TVs,LG 43-inch UHD,2,5822.06,Credit Card,Madinah
2387,2024-01-25,5706.0,TVs,Sony 65-inch Bravia,5,2480.54,Credit Card,Makkah
2388,2024-01-27 00:00:00,5790.0,Accessories,Laptop Stand,5,388.83,Credit Card,Riyadh
2389,2024-05-07 00:00:00,5093.0,TV,Samsung 55-inch QLED,3,4159.71,Debit Card,Jeddah
2390,2024-01-15 00:00:00,5696.0,PHONES,Oppo Reno 8,1,2326.18,Cash on Delivery,Jeddah
2391,2024-02-19 00:00:00,5425.0,PHONES, Samsung Galaxy S23 ,-2,1757.24,Debit Card,Riyadh
2392,2024-06-16 00:00:00,5212.0,Cameras,Canon EOS 200D,3,1511.13,Debit Card,Madinah
2393,2024-08-07 00:00:00,5108.0,Cameras,   Nikon D3500   ,1,2771.19,Debit Card,Jeddah
2394,"March 29, 2024",5012.0,Accessories,Bluetooth Headphones,1,154.69,Apple Pay,Dammam
2395,2024-08-22 00:00:00,5665.0,tvs,Samsung 55-inch QLED,2,6110.19,Credit Card,Dammam
2396,2024-01-23 00:00:00,5308.0,Cameras,Nikon D3500,1,2451.2,Debit Card,Makkah
2397,2024-02-22 00:00:00,5097.0,cameras,Nikon D3500   ,5,1795.37,Debit Card,Dammam
2398,2024-11-19 00:00:00,,cameras,Nikon D3500,4,3121.72,Debit Card,Dammam
2399,2024-02-04 00:00:00,5599.0,Accessories,Laptop Stand,3,291.51,Credit Card,Madinah
2400,09-18-2024,5021.0,TVs,LG 43-inch UHD,2,2668.62,Credit Card,Jeddah
2401,2024-06-07 00:00:00,5634.0,Cameras,Canon EOS 200D,2,1503.43,Apple Pay,Jeddah
2402,11/03/2024,5206.0,Phones ,iPhone 14,3,1628.35,Apple Pay,Dammam
2403,04-14-2024,5454.0,Laptops,Lenovo ThinkPad E14,1,7286.61,Debit Card,Madinah
2404,2024-05-22 00:00:00,5424.0,Accessories,USB-C Cable,3,275.61,Credit Card,Madinah
2405,04-27-2024,5210.0,Accessories,Wireless Mouse,3,205.61,Cash on Delivery,Jeddah
2406,2024-12-06 00:00:00,5390.0,Cameras,Canon EOS 200D,2,3939.01,Debit Card,Madinah
2407,2024-04-03 00:00:00,5503.0,Cameras,Nikon D3500,4,3800.41,Credit Card,Riyadh
2408,2024-01-27 00:00:00,5093.0,Phones,Samsung Galaxy S23,2,3548.74,Debit Card,Jeddah
2409,2024-04-30 00:00:00,5742.0, Laptops,Dell XPS 13,5,8143.76,Credit Card,Makkah
2410,2024-03-25 00:00:00,5180.0,TVs,LG 43-inch UHD,2,2870.37,Debit Card,Makkah
2411,2024-04-06,5278.0,Cameras,Canon EOS 200D,3,1302.91,,Jeddah
2412,03-07-2024,5482.0,TVs,Samsung 55-inch QLED,4,3202.7,Apple Pay,Jeddah
2413,2024-09-15 00:00:00,, TVs,LG 43-inch UHD   ,5,2096.85,,Jeddah
2414,2024-08-06 00:00:00,5550.0,Phones ,Oppo Reno 8,1,3359.09,Cash on Delivery,Madinah
2415,05-11-2024,5464.0,Laptops,Dell XPS 13,4,8587.94,Apple Pay,Dammam
2416,2024-10-14 00:00:00,5341.0,Accessories,Laptop Stand,5,44.56,Apple Pay,Riyadh
2417,2024-04-10 00:00:00,5013.0,Laptops,Lenovo ThinkPad E14,2,3293.71,Debit Card,Riyadh
2418,2024-07-10 00:00:00,5404.0,Cameras, GoPro Hero 11 ,4,2527.92,Apple Pay,Makkah
2419,09-07-2024,,Accessories,Laptop Stand,3,375.53,Credit Card,Makkah
2420,16/10/2024,5261.0,phones,Oppo Reno 8,2,2606.55,Debit Card,Makkah
2421,2024-11-21 00:00:00,5434.0,Accessories, Laptop Stand,3,217.68,Credit Card,Makkah
2422,2024-09-01 00:00:00,5714.0,LAPTOPS,Dell XPS 13,1,2770.22,Cash on Delivery,Riyadh
2423,11-05-2024,5253.0, Laptops,HP Pavilion 15,4,3464.23,Debit Card,Dammam
2424,2024-12-05 00:00:00,5789.0,Cameras,GoPro Hero 11,2,4451.87,Credit Card,Riyadh
2425,2024-07-22 00:00:00,5193.0,PHONES,Oppo Reno 8,5,4877.92,Credit Card,Madinah
2426,2024-08-06 00:00:00,5545.0,TVs,Samsung 55-inch QLED,3,1825.69,Cash on Delivery,Madinah
2427,06-06-2024,5651.0,TVs,Sony 65-inch Bravia,-4,6749.42,Credit Card,Riyadh
2428,2024-03-14 00:00:00,5715.0,CAMERAS ,Nikon D3500  ,3,3200.83,Debit Card,Makkah
2429,2024-03-27 00:00:00,5071.0,Accessories,Wireless Mouse,4,351.13,Credit Card,Riyadh
2430,2024-08-01 00:00:00,5180.0,TVs,Sony 65-inch Bravia,3,4164.65,Apple Pay,Jeddah
2431,"December 26, 2024",5186.0,Accessories,USB-C Cable   ,-2,220.77,Debit Card,Makkah
2432,2024-08-18 00:00:00,,Cameras,Canon EOS 200D,-5,2659.85,Debit Card,Jeddah
2433,2024-04-08 00:00:00,5641.0,Phones, Samsung Galaxy S23,3,3834.02,Apple Pay,Makkah
2434,2024-11-21,5087.0, Cameras,Canon EOS 200D,2,1402.74,Credit Card,Dammam
2435,2024-05-21 00:00:00,,TVs,Samsung 55-inch QLED,1,1955.86,Cash on Delivery,Riyadh
2436,2024-09-05 00:00:00,5272.0,laptops,Lenovo ThinkPad E14,1,4501.54,Credit Card,Riyadh
2437,19/02/2024,5617.0,Phones,iPhone 14,2,3966.38,Credit Card,Makkah
2438,2024-09-05 00:00:00,5439.0,Cameras,Nikon D3500,4,1626.67,Cash on Delivery,Madinah
2439,2024-12-15 00:00:00,5369.0,Accessories,Bluetooth Headphones,3,279.17,Cash on Delivery,Jeddah
2440,2024-11-08 00:00:00,5102.0,TVs,LG 43-inch UHD,1,6843.54,Cash on Delivery,Dammam
2441,2024-12-23 00:00:00,5616.0,PHONES,Oppo Reno 8,4,1828.65,Debit Card,Riyadh
2442,2024-12-24 00:00:00,5633.0,Phones,Xiaomi Redmi Note 12,2,3854.11,,Makkah
2443,2024-07-30 00:00:00,5017.0,tvs,Sony 65-inch Bravia,2,4107.5,Credit Card,Dammam
2444,"June 15, 2024",5496.0,Accessories, Wireless Mouse ,4,351.21,Debit Card,Madinah
2445,2024-11-09 00:00:00,5487.0,TVs,Sony 65-inch Bravia,1,2721.18,Cash on Delivery,Makkah
2446,"May 30, 2024",5532.0,Phones,Oppo Reno 8,5,3924.19,Debit Card,Jeddah
2447,2024-09-15 00:00:00,5089.0,Cameras,GoPro Hero 11,1,3917.22,Debit Card,Makkah
2448,2024-03-27 00:00:00,5678.0,Accessories,Laptop Stand,4,379.51,Credit Card,Makkah
2449,2024-05-04 00:00:00,5108.0,Cameras,Canon EOS 200D,2,3359.69,Debit Card,Riyadh
2450,2024-01-15,5784.0,Tvs ,Sony 65-inch Bravia,2,4385.31,Cash on Delivery,Makkah
2451,2024-05-11 00:00:00,5547.0,Accessories,USB-C Cable,4,258.6,Credit Card,Jeddah
2452,2024-12-20 00:00:00,5784.0,TVs,Samsung 55-inch QLED,3,6318.31,,Madinah
2453,2024-11-25 00:00:00,5669.0,cameras,Canon EOS 200D,3,2954.2,Apple Pay,Makkah
2454,2024-04-29 00:00:00,5297.0,Cameras,Nikon D3500,2,1009.39,Cash on Delivery,Riyadh
2455,2024-02-15 00:00:00,5586.0,Phones,iPhone 14,3,4758.32,Debit Card,
2456,"June 09, 2024",5063.0,Accessories,USB-C Cable,4,285.12,Credit Card,Dammam
2457,2024-04-07 00:00:00,5789.0, Cameras,GoPro Hero 11,4,3335.45,,Dammam
2458,09-23-2024,5404.0,Accessories,USB-C Cable,5,109.8,Debit Card,Riyadh
2459,2024-06-10 00:00:00,,Phones,Oppo Reno 8,2,3806.1,Cash on Delivery,Jeddah
2460,2024-11-03 00:00:00,5613.0,TVs,Samsung 55-inch QLED,-3,3848.09,Debit Card,Riyadh
2461,2024-09-14 00:00:00,5489.0,Accessories,Bluetooth Headphones,1,270.96,Cash on Delivery,Madinah
2462,2024-05-29 00:00:00,5156.0,Laptops,Lenovo ThinkPad E14,4,3192.85,,Dammam
2463,2024-12-24 00:00:00,5744.0,LAPTOPS,Dell XPS 13,1,6775.99,Debit Card,Makkah
2464,2024-12-03 00:00:00,5401.0,TVs,  LG 43-inch UHD  ,2,6996.95,Credit Card,Madinah
2465,2024-12-13 00:00:00,5400.0,Accessories,Laptop Stand,4,47.84,Cash on Delivery,Makkah
2466,2024-05-24 00:00:00,5134.0,Phones,Xiaomi Redmi Note 12,2,4920.11,Apple Pay,Riyadh
2467,2024-12-29 00:00:00,5591.0,Accessories,Wireless Mouse,3,180.56,Apple Pay,Jeddah
2468,2024-12-22 00:00:00,5214.0,Laptops,Lenovo ThinkPad E14,4,8159.9,Cash on Delivery,Jeddah
2469,11-29-2024,5104.0,Laptops,Dell XPS 13,1,7585.51,Cash on Delivery,Madinah
2470,2024-08-06 00:00:00,5364.0,Laptops,Lenovo ThinkPad E14  ,2,6185.61,Credit Card,Riyadh
2471,2024-01-27 00:00:00,5444.0,TVs,Samsung 55-inch QLED   ,1,5639.94,Cash on Delivery,Madinah
2472,2024-05-05,5406.0,Laptops, Lenovo ThinkPad E14,1,8210.35,Credit Card,Jeddah
2473,2024-12-18 00:00:00,5794.0,TVs,LG 43-inch UHD,5,3901.53,Debit Card,Makkah
2474,28/11/2024,5376.0,Phones,Oppo Reno 8  ,4,2644.62,Cash on Delivery,Makkah
2475,2024-02-29 00:00:00,5656.0,Phones,iPhone 14,-1,3836.58,Credit Card,Makkah
2476,2024-01-12 00:00:00,5710.0,Cameras,Canon EOS 200D,5,3808.25,Apple Pay,Dammam
2477,2024-07-15 00:00:00,5585.0,Phones,Samsung Galaxy S23,4,4168.0,Apple Pay,Dammam
2478,2024-06-15,5717.0,Laptop,MacBook Air M2 ,1,7685.79,Debit Card,Makkah
2479,2024-10-11 00:00:00,5531.0,Phones, Oppo Reno 8 ,5,3024.54,Apple Pay,Riyadh
2480,2024-12-31 00:00:00,5185.0,Cameras,GoPro Hero 11,1,3844.2,Debit Card,Riyadh
2481,2024-04-02 00:00:00,5125.0,Cameras,GoPro Hero 11,1,1332.75,Apple Pay,Dammam
2482,2024-10-21 00:00:00,5575.0,Phones,Samsung Galaxy S23,2,3405.71,Debit Card,Riyadh
2483,2024-02-13 00:00:00,5557.0,Accessories,Wireless Mouse,1,32.13,Cash on Delivery,Dammam
2484,12-02-2024,5047.0,Laptops,Lenovo ThinkPad E14,1,4609.81,Debit Card,Dammam
2485,12-03-2024,5590.0,Cameras,   Nikon D3500   ,-5,2219.26,Apple Pay,Jeddah
2486,"June 09, 2024",5551.0,TVs,Sony 65-inch Bravia,5,91020.91934643744,Cash on Delivery,Madinah
2487,2024-12-18 00:00:00,5037.0, Cameras,Canon EOS 200D,1,3403.68,Credit Card,Jeddah
2488,2024-06-02,5565.0,Laptops,Dell XPS 13,2,5025.63,Debit Card,Madinah
2489,2024-05-22 00:00:00,,Laptop,HP Pavilion 15,-2,5416.51,Apple Pay,Riyadh
2490,2024-07-14 00:00:00,5085.0,Accessories,Bluetooth Headphones,2,117.89,Apple Pay,Makkah
2491,2024-12-21 00:00:00,5644.0,Accessories, Laptop Stand ,2,168.1,Debit Card,Riyadh
2492,2024-12-31 00:00:00,5157.0,Accessories,USB-C Cable,3,114.09,Debit Card,Makkah
2493,2024-07-13 00:00:00,5276.0,ACCESSORIES,   Laptop Stand   ,1,57.08,Debit Card,Riyadh
2494,12-16-2024,5337.0,Phones,iPhone 14,5,85172.38728107724,Apple Pay,Riyadh
2495,2024-06-19 00:00:00,5280.0,Phone,Xiaomi Redmi Note 12,3,3838.74,Debit Card,Jeddah
2496,2024-07-12 00:00:00,5126.0,phones,iPhone 14,2,3668.22,Apple Pay,Riyadh
2497,2024-10-28 00:00:00,5357.0,Laptops,HP Pavilion 15,4,5512.71,Credit Card,Madinah
2498,2024-10-09 00:00:00,5174.0,Cameras,Nikon D3500,3,2267.23,Credit Card,Riyadh
2499,04-02-2024,5606.0,Accessories,Laptop Stand,3,349.43,Apple Pay,Makkah
2500,2024-01-05 00:00:00,5146.0,Laptops,HP Pavilion 15,5,5874.03,Debit Card,Jeddah
2501,2024-05-16 00:00:00,5694.0,TVs,Sony 65-inch Bravia,1,4291.75,Cash on Delivery,Jeddah
2502,2024-12-27 00:00:00,5362.0,Cameras,Nikon D3500,4,992.31,Debit Card,Makkah
2503,2024-05-26 00:00:00,5735.0,TVs,Sony 65-inch Bravia,3,3574.49,Apple Pay,Madinah
2504,2024-11-21 00:00:00,5789.0,Laptops,HP Pavilion 15,1,4971.27,Cash on Delivery,Makkah
2505,2024-11-20 00:00:00,5095.0,Accessories,Wireless Mouse,1,177.56,Credit Card,Jeddah
2506,2024-02-13 00:00:00,5434.0,Laptop,MacBook Air M2,3,6271.12,Apple Pay,Riyadh
2507,2024-03-10 00:00:00,5701.0,Cameras,GoPro Hero 11  ,4,2820.97,Apple Pay,Madinah
2508,2024-03-04,,Cameras,GoPro Hero 11,4,3088.46,Credit Card,Madinah
2509,2024-12-25,5756.0,Phones,Oppo Reno 8,5,4177.09,Cash on Delivery,Jeddah
2510,2024-11-07 00:00:00,5690.0,Cameras,  GoPro Hero 11,1,3826.75,Apple Pay,Jeddah
2511,"March 30, 2024",5526.0,CAMERAS ,Canon EOS 200D,1,3485.24,Cash on Delivery,Jeddah
2512,2024-08-04 00:00:00,5382.0,Accessories,Wireless Mouse,4,383.54,Apple Pay,Jeddah
2513,2024-12-13 00:00:00,,Phones ,Xiaomi Redmi Note 12,2,1563.81,Credit Card,Dammam
2514,2024-05-15 00:00:00,5403.0,TVs,LG 43-inch UHD,-2,2818.05,Credit Card,Madinah
2515,2024-11-25 00:00:00,5632.0,Laptops,  HP Pavilion 15  ,5,2549.16,Credit Card,Makkah
2516,2024-07-01 00:00:00,5305.0,TVs,Samsung 55-inch QLED,1,5166.87,Apple Pay,Dammam
2517,2024-01-03,5363.0,Accessories,Wireless Mouse,3,362.27,Debit Card,Makkah
2518,2024-08-08,5541.0,Phones,iPhone 14,4,2352.19,Debit Card,Riyadh
2519,2024-07-29 00:00:00,,Cameras,Canon EOS 200D,1,4237.32,Apple Pay,Riyadh
2520,2024-08-28 00:00:00,5373.0,Accessories,USB-C Cable,4,52.3,Cash on Delivery,Dammam
2521,"October 01, 2024",5672.0,TVs,Samsung 55-inch QLED,3,6659.07,Credit Card,Makkah
2522,2024-03-12 00:00:00,5367.0,TVs,Samsung 55-inch QLED,3,3628.44,Apple Pay,
2523,"April 07, 2024",5404.0,laptops,MacBook Air M2,3,3159.24,Credit Card,Jeddah
2524,2024-06-18 00:00:00,5490.0, TVs,Sony 65-inch Bravia,1,4326.53,Debit Card,Jeddah
2525,2024-08-03 00:00:00,5332.0,Accessories,Wireless Mouse,4,125.01,Apple Pay,Jeddah
2526,2024-07-18 00:00:00,5021.0,TVs,Sony 65-inch Bravia,2,3281.34,Credit Card,Riyadh
2527,2024-06-25 00:00:00,5053.0,Laptop,Dell XPS 13,5,4497.38,Credit Card,Jeddah
2528,2024-01-11,5296.0,Accessories,Laptop Stand,1,327.12,Apple Pay,Makkah
2529,2024-02-12 00:00:00,5156.0,Accessories,Laptop Stand,-4,229.49,Debit Card,Madinah
2530,2024-05-07 00:00:00,5717.0,Cameras,Canon EOS 200D   ,3,2020.71,Credit Card,Dammam
2531,2024-04-11 00:00:00,5625.0,Laptop,Lenovo ThinkPad E14,4,6467.17,Credit Card,Madinah
2532,2024-10-29 00:00:00,5135.0,Laptops,Dell XPS 13,2,7154.98,Debit Card,
2533,20/05/2024,5018.0,TVs,  Samsung 55-inch QLED  ,2,3217.64,Debit Card,
2534,02-16-2024,5537.0,Cameras,Canon EOS 200D,1,2388.78,Apple Pay,Makkah
2535,2024-04-23 00:00:00,5062.0,Accessories,USB-C Cable,3,75.1,Apple Pay,Makkah
2536,2024-11-25 00:00:00,5275.0,Cameras,Nikon D3500,-1,1552.14,Cash on Delivery,Riyadh
2537,28/06/2024,5048.0,accessories,Bluetooth Headphones,-4,282.01,Debit Card,Dammam
2538,2024-01-01,5292.0,Laptops,MacBook Air M2,1,3679.35,Cash on Delivery,Jeddah
2539,2024-11-06 00:00:00,5258.0,TVs,LG 43-inch UHD,1,4530.85,Apple Pay,Jeddah
2540,2024-06-20 00:00:00,5685.0,TVs,LG 43-inch UHD,3,5487.04,Credit Card,Riyadh
2541,06-18-2024,5541.0, Phones,   Samsung Galaxy S23,3,1874.07,Cash on Delivery,Madinah
2542,"May 01, 2024",5393.0,Cameras,Nikon D3500,3,2942.32,Debit Card,Madinah
2543,2024-03-07 00:00:00,5600.0,Phones,iPhone 14,5,2397.97,Credit Card,Riyadh
2544,2024-12-26 00:00:00,5559.0, Laptops,Dell XPS 13,4,8759.02,,Riyadh
2545,06-03-2024,5738.0,cameras,  Nikon D3500,4,2640.76,Debit Card,Madinah
2546,2024-03-06 00:00:00,5728.0,Laptops,MacBook Air M2,2,7738.95,Apple Pay,Madinah
2547,2024-07-06 00:00:00,5069.0,Accessory,Bluetooth Headphones,-4,233.58,Credit Card,Makkah
2548,2024-09-25 00:00:00,5613.0,TVs, LG 43-inch UHD,5,2025.75,Credit Card,Jeddah
2549,2024-05-28 00:00:00,5758.0,Accessory,   USB-C Cable,1,264.27,Credit Card,
2550,"December 16, 2024",5448.0,TVs,LG 43-inch UHD,-5,6747.3,Credit Card,Jeddah
2551,2024-10-14 00:00:00,5278.0,Cameras,Nikon D3500,4,3065.8,Apple Pay,Madinah
2552,2024-01-02 00:00:00,5713.0,Laptops,Dell XPS 13,2,7824.73,Debit Card,Madinah
2553,2024-09-14 00:00:00,5225.0,Phones,Oppo Reno 8,5,4594.72,Cash on Delivery,Dammam
2554,2024-10-09 00:00:00,5046.0,Accessories,Bluetooth Headphones,1,114.39,Debit Card,Jeddah
2555,2024-05-29 00:00:00,5136.0,Cameras,Canon EOS 200D,1,1663.36,Debit Card,Dammam
2556,2024-11-24 00:00:00,5118.0,Accessories,Wireless Mouse,2,256.06,Debit Card,Madinah
2557,2024-11-19 00:00:00,5085.0,Phones,Xiaomi Redmi Note 12,5,2938.6,Cash on Delivery,Dammam
2558,"September 03, 2024",5058.0,Cameras,Nikon D3500,4,3923.5,Cash on Delivery,Dammam
2559,2024-04-22 00:00:00,5016.0,Phones,Xiaomi Redmi Note 12,3,4650.08,Debit Card,Dammam
2560,2024-10-25 00:00:00,5641.0,Cameras,  GoPro Hero 11  ,1,2172.32,Apple Pay,Dammam
2561,2024-04-15 00:00:00,5275.0,Cameras,GoPro Hero 11,4,1752.73,Debit Card,Dammam
2562,03-20-2024,5377.0,Laptops,Lenovo ThinkPad E14,4,7573.42,Debit Card,
2563,2024-02-17,,Laptops,   Lenovo ThinkPad E14   ,4,4286.24,Debit Card,Makkah
2564,2024-10-18 00:00:00,5021.0,Laptops,Dell XPS 13,4,7846.99,Debit Card,Dammam
2565,2024-03-31 00:00:00,5146.0,Accessories,USB-C Cable,4,186.78,Debit Card,Riyadh
2566,2024-05-05 00:00:00,5741.0,Phones,Oppo Reno 8,4,3836.42,Apple Pay,Riyadh
2567,2024-01-07 00:00:00,5393.0,Cameras,Canon EOS 200D,-5,1243.93,Credit Card,Makkah
2568,2024-01-07 00:00:00,5788.0, Phones,iPhone 14,1,3683.51,Debit Card,Jeddah
2569,2024-03-14,,Phones,Xiaomi Redmi Note 12,5,3081.19,Credit Card,Riyadh
2570,2024-06-22 00:00:00,5491.0,Cameras,GoPro Hero 11,1,3011.79,Debit Card,Jeddah
2571,2024-03-24 00:00:00,5158.0,Cameras,Nikon D3500,3,1504.85,Cash on Delivery,Makkah
2572,2024-10-05 00:00:00,5045.0,Laptops,MacBook Air M2,3,7289.68,Credit Card,Riyadh
2573,2024-02-22 00:00:00,5001.0,Phones,Xiaomi Redmi Note 12  ,5,4519.79,Apple Pay,Jeddah
2574,2024-04-26 00:00:00,5361.0,Laptops,MacBook Air M2 ,4,3908.81,Apple Pay,Jeddah
2575,2024-12-16 00:00:00,5173.0,Accessories,USB-C Cable,4,65.41,Credit Card,Makkah
2576,2024-02-22 00:00:00,5630.0,Phones,Samsung Galaxy S23,3,1582.74,Cash on Delivery,Riyadh
2577,2024-07-03 00:00:00,5154.0,Accessories,Wireless Mouse,1,267.53,Credit Card,
2578,2024-09-28 00:00:00,5153.0,laptops,Lenovo ThinkPad E14,3,6446.11,Debit Card,Makkah
2579,2024-06-27 00:00:00,5677.0,Accessories,Bluetooth Headphones,1,232.28,Cash on Delivery,Makkah
2580,2024-12-30 00:00:00,5796.0, Accessories ,Bluetooth Headphones,1,115.82,Credit Card,Jeddah
2581,2024-03-16 00:00:00,5068.0,Laptops,HP Pavilion 15  ,4,5040.89,Apple Pay,Makkah
2582,2024-05-22 00:00:00,5130.0,Phones,Oppo Reno 8,2,3580.67,Credit Card,Dammam
2583,06-29-2024,5492.0,Laptop,Lenovo ThinkPad E14,-3,5728.98,Apple Pay,Makkah
2584,2024-11-21 00:00:00,5392.0,Tvs ,Sony 65-inch Bravia,3,6936.48,Debit Card,Jeddah
2585,2024-09-11 00:00:00,5549.0,TVs,Sony 65-inch Bravia ,5,2509.49,Apple Pay,Madinah
2586,2024-02-12 00:00:00,5591.0,laptops,Lenovo ThinkPad E14,5,7018.44,Apple Pay,Madinah
2587,2024-04-30 00:00:00,5017.0,LAPTOPS,MacBook Air M2,3,5128.07,Credit Card,Jeddah
2588,2024-03-09 00:00:00,5369.0,Accessories,Laptop Stand,1,188.43,Credit Card,Dammam
2589,2024-08-23 00:00:00,5215.0,laptops,HP Pavilion 15,2,7164.39,Apple Pay,Jeddah
2590,2024-03-11 00:00:00,5750.0,Laptops,MacBook Air M2   ,1,7000.83,Debit Card,Makkah
2591,2024-07-09,5075.0,Phones,Oppo Reno 8,1,4969.4,Credit Card,Madinah
2592,2024-03-21 00:00:00,5144.0,TVs,Sony 65-inch Bravia,1,2467.65,Debit Card,Dammam
2593,2024-02-09 00:00:00,5783.0, Phones,Samsung Galaxy S23,1,1864.38,Apple Pay,Jeddah
2594,2024-03-12 00:00:00,5421.0,Laptops,Lenovo ThinkPad E14,5,7208.2,Cash on Delivery,Makkah
2595,"November 26, 2024",5159.0,Accessories,Laptop Stand,1,244.0,Cash on Delivery,Riyadh
2596,2024-11-05 00:00:00,5405.0,Phones ,iPhone 14,2,2459.56,Debit Card,Riyadh
2597,20/08/2024,,TVs,Sony 65-inch Bravia,-5,2212.98,Cash on Delivery,Madinah
2598,04/08/2024,5534.0,Accessories,USB-C Cable,2,61.69,Cash on Delivery,Riyadh
2599,2024-04-18 00:00:00,5401.0, TVs,Samsung 55-inch QLED,-4,6449.79,Credit Card,Jeddah
2600,2024-12-20 00:00:00,5668.0,Laptops,MacBook Air M2,4,3747.14,Apple Pay,Dammam
2601,2024-03-25,5199.0,TVs,  LG 43-inch UHD  ,1,3481.53,Cash on Delivery,Makkah
2602,2024-02-23 00:00:00,5797.0,Accessories,Wireless Mouse,1,113.86,Cash on Delivery,Madinah
2603,2024-05-02 00:00:00,5109.0,Accessories,Wireless Mouse,3,161.35,Debit Card,Madinah
2604,2024-11-01 00:00:00,5564.0,Phones,Samsung Galaxy S23,1,1742.98,Cash on Delivery,Jeddah
2605,2024-05-03 00:00:00,5578.0,Laptops,MacBook Air M2   ,3,5873.89,,Madinah
2606,01-24-2024,5316.0,Phones,Oppo Reno 8,1,1736.64,Cash on Delivery,Riyadh
2607,2024-05-24 00:00:00,5769.0,Phones,Xiaomi Redmi Note 12,4,4301.25,Debit Card,Dammam
2608,2024-07-01 00:00:00,5417.0,Tvs ,Sony 65-inch Bravia,2,3015.3,Credit Card,Dammam
2609,2024-09-14 00:00:00,5391.0,Cameras,  Canon EOS 200D,2,2844.04,Credit Card,Madinah
2610,2024-01-20 00:00:00,5698.0,Tvs ,Sony 65-inch Bravia,3,6376.41,,Jeddah
2611,2024-11-16 00:00:00,5697.0,TV,Samsung 55-inch QLED,1,5184.56,Debit Card,Jeddah
2612,"September 13, 2024",5134.0,Laptops,Dell XPS 13,5,5964.23,Cash on Delivery,Makkah
2613,2024-07-03 00:00:00,5729.0,Accessories,Bluetooth Headphones,5,150.0,Apple Pay,Riyadh
2614,"April 16, 2024",5580.0,TVs,Samsung 55-inch QLED,5,3531.61,Credit Card,Jeddah
2615,2024-08-01,5800.0,TVs,  Samsung 55-inch QLED  ,2,5281.33,Cash on Delivery,Madinah
2616,2024-02-18 00:00:00,5302.0,Phones,Oppo Reno 8,4,4979.49,Cash on Delivery,Jeddah
2617,2024-05-23 00:00:00,5091.0,LAPTOPS,MacBook Air M2 ,5,6801.95,Cash on Delivery,
2618,2024-12-29 00:00:00,5262.0,Phones,Samsung Galaxy S23,4,3452.24,Cash on Delivery,Makkah
2619,03-12-2024,5372.0,TVs, Sony 65-inch Bravia,1,5599.38,Apple Pay,Riyadh
2620,2024-07-28 00:00:00,5375.0,Accessories,Laptop Stand,5,202.13,Debit Card,Makkah
2621,2024-06-09 00:00:00,5518.0,Cameras,GoPro Hero 11,3,1116.51,Credit Card,Makkah
2622,2024-12-15 00:00:00,5716.0,Tvs ,LG 43-inch UHD,1,4723.94,Credit Card,Jeddah
2623,03-20-2024,5162.0,Cameras,Canon EOS 200D,-1,4347.45,Cash on Delivery,Makkah
2624,2024-02-07 00:00:00,5685.0,Cameras,Nikon D3500,2,1531.09,Apple Pay,Makkah
2625,26/08/2024,5087.0,Phones ,Xiaomi Redmi Note 12,4,3915.02,,Riyadh
2626,2024-07-22 00:00:00,5336.0,Laptop,   MacBook Air M2   ,4,3806.07,Debit Card,Makkah
2627,2024-06-24 00:00:00,5719.0,PHONES,Xiaomi Redmi Note 12,5,3375.4,Apple Pay,Jeddah
2628,22/05/2024,5159.0,TVs,Samsung 55-inch QLED,4,2302.72,Credit Card,Madinah
2629,2024-11-23 00:00:00,5032.0,TVs,Samsung 55-inch QLED,2,4141.93,Cash on Delivery,Madinah
2630,2024-02-01,5218.0,Cameras, Nikon D3500,3,3622.19,Apple Pay,Makkah
2631,2024-01-12 00:00:00,5650.0,Phones,Samsung Galaxy S23,4,2716.5,Cash on Delivery,Dammam
2632,2024-03-13 00:00:00,5083.0,LAPTOPS,MacBook Air M2,1,6821.93,Cash on Delivery,Makkah
2633,2024-08-02 00:00:00,5188.0,Accessories,Laptop Stand,5,324.32,Debit Card,Dammam
2634,08-07-2024,5203.0,Phones,iPhone 14,3,4745.12,Cash on Delivery,Jeddah
2635,2024-09-03 00:00:00,5363.0,Accessories,Laptop Stand,4,116.82,Debit Card,Makkah
2636,06/01/2024,5740.0,Cameras, Nikon D3500 ,5,2337.54,Debit Card,Riyadh
2637,2024-03-15 00:00:00,5154.0,Cameras,GoPro Hero 11,3,1448.7,Cash on Delivery,Riyadh
2638,2024-09-12 00:00:00,5269.0,TVs,   Samsung 55-inch QLED   ,-3,6960.91,Credit Card,Makkah
2639,2024-01-02 00:00:00,5654.0,Cameras,GoPro Hero 11,4,4237.2,Debit Card,Makkah
2640,2024-01-19 00:00:00,5713.0,Cameras,Canon EOS 200D,2,2843.85,Debit Card,Makkah
2641,"March 11, 2024",,Cameras,Canon EOS 200D,4,3931.32,Debit Card,Dammam
2642,2024-07-08 00:00:00,5314.0,Laptops,MacBook Air M2,3,5886.23,Credit Card,Dammam
2643,2024-12-24 00:00:00,5420.0,CAMERAS ,Canon EOS 200D,4,3144.91,Apple Pay,Makkah
2644,2024-10-04 00:00:00,5180.0,Accessories,Bluetooth Headphones,4,62.98,Cash on Delivery,Riyadh
2645,2024-07-10 00:00:00,5446.0,TVs,LG 43-inch UHD,2,5727.41,Debit Card,Madinah
2646,2024-12-03 00:00:00,5101.0,TVs,LG 43-inch UHD,4,2464.11,Cash on Delivery,Madinah
2647,2024-02-15 00:00:00,5508.0,Phones,iPhone 14,1,4391.24,Apple Pay,Riyadh
2648,"February 21, 2024",5430.0,Cameras,GoPro Hero 11   ,4,3715.3,Credit Card,Dammam
2649,2024-08-20 00:00:00,5200.0,Laptops,Dell XPS 13,5,7106.84,Apple Pay,Riyadh
2650,2024-06-28 00:00:00,5007.0,TVs,Samsung 55-inch QLED,4,1988.03,Apple Pay,
2651,2024-09-16 00:00:00,5314.0,Accessories,USB-C Cable,3,142.16,Cash on Delivery,Dammam
2652,2024-05-03 00:00:00,5015.0,TVs,Sony 65-inch Bravia,1,3168.19,Apple Pay,Riyadh
2653,"October 07, 2024",5174.0,Phones,Samsung Galaxy S23,5,2760.48,Cash on Delivery,Dammam
2654,05-03-2024,5631.0,Cameras,Nikon D3500,5,1215.51,Apple Pay,Jeddah
2655,2024-10-22 00:00:00,5745.0,TVs,Samsung 55-inch QLED,4,6672.18,Debit Card,Makkah
2656,2024-06-11 00:00:00,5236.0,Laptops,Lenovo ThinkPad E14,5,6099.71,Debit Card,
2657,09-15-2024,5566.0,PHONES,   Samsung Galaxy S23   ,1,60584.878348637496,Apple Pay,Dammam
2658,2024-04-14 00:00:00,5447.0,Laptops, HP Pavilion 15 ,1,5080.38,,Riyadh
2659,2024-01-15 00:00:00,5391.0,Phones ,Samsung Galaxy S23   ,5,3065.21,Credit Card,
2660,"August 20, 2024",5668.0,Phones,Samsung Galaxy S23,3,3602.08,Debit Card,Jeddah
2661,2024-04-09 00:00:00,5788.0,Laptop,HP Pavilion 15,5,5851.92,Debit Card,Makkah
2662,2024-05-20 00:00:00,5653.0,Accessories,Wireless Mouse,1,370.18,Debit Card,Riyadh
2663,2024-02-26 00:00:00,5145.0,Cameras,Canon EOS 200D,4,2689.07,Credit Card,Riyadh
2664,2024-04-02 00:00:00,5370.0,Accessories,Bluetooth Headphones,1,397.1,Credit Card,Makkah
2665,2024-02-21 00:00:00,5075.0,Laptops,Lenovo ThinkPad E14,4,8034.26,Credit Card,Makkah
2666,2024-02-09 00:00:00,5321.0,TVs,Sony 65-inch Bravia,2,2884.25,Apple Pay,Makkah
2667,2024-04-02 00:00:00,5675.0,TV,Samsung 55-inch QLED,3,6639.1,Credit Card,Jeddah
2668,2024-11-06 00:00:00,5355.0,Cameras,GoPro Hero 11,1,1318.92,Credit Card,Dammam
2669,2024-11-03 00:00:00,5534.0,TVs,Sony 65-inch Bravia,5,6050.74,Credit Card,Jeddah
2670,2024-04-08,,Accessories,Wireless Mouse,-5,170.83,Credit Card,Madinah
2671,2024-03-19 00:00:00,5222.0,cameras,GoPro Hero 11,2,4060.71,Cash on Delivery,Riyadh
2672,2024-03-11 00:00:00,5274.0,Phones,Xiaomi Redmi Note 12,2,4538.2,Credit Card,Jeddah
2673,2024-04-12 00:00:00,5667.0,Accessories,Laptop Stand,1,328.19,Cash on Delivery,Madinah
2674,09-10-2024,5256.0,Accessories,Laptop Stand,4,322.31,Apple Pay,Jeddah
2675,2024-12-17 00:00:00,5597.0,Laptop,Dell XPS 13,3,4480.41,Apple Pay,Riyadh
2676,2024-03-25 00:00:00,5456.0,Cameras,Nikon D3500,2,1191.31,Apple Pay,Makkah
2677,2024-05-19 00:00:00,5392.0,TVs,Sony 65-inch Bravia,3,3895.5,Credit Card,Madinah
2678,2024-10-17,5460.0,TVs,Samsung 55-inch QLED,3,2702.33,Cash on Delivery,Riyadh
2679,2024-09-18 00:00:00,5618.0,Laptops,MacBook Air M2,3,7017.18,Apple Pay,Dammam
2680,2024-07-22 00:00:00,,Cameras,Nikon D3500,1,2145.96,Credit Card,Jeddah
2681,2024-07-02 00:00:00,5672.0,TVs,Samsung 55-inch QLED,-2,6873.17,Credit Card,Jeddah
2682,2024-03-15 00:00:00,5326.0,accessories, Bluetooth Headphones ,3,267.16,Credit Card,Riyadh
2683,2024-04-19 00:00:00,5575.0,Phones,Xiaomi Redmi Note 12,-4,4378.68,Cash on Delivery,Jeddah
2684,2024-05-25 00:00:00,5222.0, Phones,Oppo Reno 8,5,1963.84,Debit Card,Madinah
2685,2024-11-07 00:00:00,5325.0,Phones,Xiaomi Redmi Note 12,1,4517.05,Apple Pay,Makkah
2686,2024-04-10 00:00:00,5047.0,Accessories,USB-C Cable,1,371.42,Apple Pay,
2687,2024-03-02 00:00:00,,Accessories,Laptop Stand,1,210.21,Apple Pay,Jeddah
2688,2024-05-01 00:00:00,5018.0,Accessories,Laptop Stand,5,254.31,Credit Card,Dammam
2689,"August 24, 2024",5037.0,Cameras,Canon EOS 200D,3,3653.32,Debit Card,Makkah
2690,2024-01-21 00:00:00,,Cameras,GoPro Hero 11,3,1529.42,Credit Card,Riyadh
2691,2024-06-03 00:00:00,5409.0,Phones,Oppo Reno 8   ,3,3258.98,Cash on Delivery,
2692,2024-09-09 00:00:00,5305.0,Phones,Xiaomi Redmi Note 12,5,2895.32,Credit Card,Makkah
2693,"November 24, 2024",5105.0,TVs,LG 43-inch UHD,1,2561.14,,Madinah
2694,2024-01-25 00:00:00,5330.0,Phones,Samsung Galaxy S23,1,2786.37,Debit Card,Riyadh
2695,2024-03-28,5550.0, TVs, Samsung 55-inch QLED ,1,2154.5,Debit Card,Dammam
2696,2024-05-12 00:00:00,,phones,iPhone 14,1,1590.34,Credit Card,Riyadh
2697,2024-06-17 00:00:00,5715.0,Phones,Xiaomi Redmi Note 12,5,1973.08,Apple Pay,Dammam
2698,2024-10-25 00:00:00,5326.0,Laptops,Dell XPS 13,4,206566.15339100763,Credit Card,Jeddah
2699,2024-11-22 00:00:00,5540.0,Laptops,Lenovo ThinkPad E14,4,6071.94,Credit Card,Madinah
2700,04-12-2024,5791.0,Laptops,Lenovo ThinkPad E14,4,8777.84,Cash on Delivery,Dammam
2701,2024-02-17 00:00:00,5361.0, TVs,Samsung 55-inch QLED,3,4048.99,Cash on Delivery,Riyadh
2702,03-12-2024,5506.0,Cameras,Canon EOS 200D,-2,2022.54,Credit Card,Riyadh
2703,2024-01-07 00:00:00,5192.0,Phones ,Samsung Galaxy S23,2,3271.5,Apple Pay,Makkah
2704,2024-06-23 00:00:00,5725.0,TVs,Samsung 55-inch QLED,2,4085.46,Cash on Delivery,Dammam
2705,2024-03-19 00:00:00,5224.0,TVs,Sony 65-inch Bravia,5,2349.46,Credit Card,Jeddah
2706,2024-08-19 00:00:00,5192.0,Accessories,Laptop Stand,5,267.11,Debit Card,
2707,2024-08-04 00:00:00,5663.0,Phones,Xiaomi Redmi Note 12,2,2256.13,Cash on Delivery,
2708,2024-08-24 00:00:00,5016.0,Phones,Samsung Galaxy S23,1,3668.56,Credit Card,Jeddah
2709,16/05/2024,5463.0,TVs, Samsung 55-inch QLED ,1,5181.05,Apple Pay,Madinah
2710,2024-03-01 00:00:00,5441.0,Accessories,Bluetooth Headphones,5,86.25,Credit Card,Dammam
2711,22/07/2024,5341.0,Laptops,Dell XPS 13   ,5,2898.77,Apple Pay,Madinah
2712,05-19-2024,5664.0,Phones,Oppo Reno 8,3,4232.67,Credit Card,Riyadh
2713,2024-08-04,5412.0,TVs,Sony 65-inch Bravia,2,4190.96,Cash on Delivery,Jeddah
2714,"September 28, 2024",5443.0,Laptop,HP Pavilion 15,5,2878.06,Apple Pay,Madinah
2715,2024-11-26 00:00:00,5117.0,PHONES,iPhone 14  ,2,4982.03,Credit Card,Jeddah
2716,2024-10-21 00:00:00,5544.0,Phones,iPhone 14,3,1702.23,Debit Card,Riyadh
2717,2024-04-25 00:00:00,5402.0,Phones,Xiaomi Redmi Note 12,5,3932.62,Apple Pay,Makkah
2718,2024-12-20 00:00:00,5175.0,Phones,Samsung Galaxy S23,3,4942.88,Apple Pay,Jeddah
2719,"November 22, 2024",5096.0,Laptops,HP Pavilion 15,3,4054.67,Cash on Delivery,Riyadh
2720,2024-06-05 00:00:00,5697.0,Laptops,Lenovo ThinkPad E14,2,3424.62,Debit Card,Dammam
2721,"May 04, 2024",5013.0,Phones,Samsung Galaxy S23,3,1924.85,Apple Pay,Jeddah
2722,2024-06-20 00:00:00,5078.0,TVs,LG 43-inch UHD,1,3377.03,Debit Card,Dammam
2723,2024-10-31 00:00:00,5001.0,Laptops,MacBook Air M2,-3,3156.8,Apple Pay,Madinah
2724,08-29-2024,5580.0,TVs,Samsung 55-inch QLED,1,5399.24,Credit Card,Riyadh
2725,2024-09-25 00:00:00,5793.0,Accessories,USB-C Cable,5,1250.9157201441687,Debit Card,Jeddah
2726,2024-06-04 00:00:00,5752.0,Phones ,iPhone 14,3,3282.98,Apple Pay,Makkah
2727,2024-12-05 00:00:00,5469.0,accessories, Bluetooth Headphones ,4,398.78,Cash on Delivery,Dammam
2728,2024-06-03 00:00:00,5276.0,Phones,   Xiaomi Redmi Note 12   ,3,4348.9,Apple Pay,Riyadh
2729,2024-11-23 00:00:00,5225.0,Camera,GoPro Hero 11,1,3114.79,Debit Card,Makkah
2730,09-11-2024,5758.0,Laptops,HP Pavilion 15,1,4490.65,Debit Card,Madinah
2731,2024-04-15 00:00:00,5654.0,Tvs ,LG 43-inch UHD,1,5044.26,Debit Card,Makkah
2732,2024-11-16 00:00:00,5179.0,Phones,Xiaomi Redmi Note 12,5,3344.65,Apple Pay,Madinah
2733,18/06/2024,5316.0,Accessories,Bluetooth Headphones,-4,187.65,,Dammam
2734,2024-10-23 00:00:00,5125.0,laptops,MacBook Air M2  ,5,3349.62,,Madinah
2735,2024-10-17 00:00:00,5008.0,TVs,LG 43-inch UHD,3,6410.34,Cash on Delivery,Riyadh
2736,2024-03-16 00:00:00,5296.0,TVs,   Sony 65-inch Bravia,-4,4138.88,Debit Card,Madinah
2737,2024-12-06 00:00:00,5295.0,Cameras,GoPro Hero 11  ,2,1600.64,Cash on Delivery,Makkah
2738,08/01/2024,5289.0,Phones,Xiaomi Redmi Note 12,4,2787.16,Credit Card,Jeddah
2739,2024-01-28 00:00:00,5440.0,Cameras,   Canon EOS 200D,4,2390.87,Cash on Delivery,Riyadh
2740,2024-01-26 00:00:00,5290.0,accessories,Wireless Mouse,3,336.19,Debit Card,Dammam
2741,"October 14, 2024",5146.0,Cameras,GoPro Hero 11,2,3541.01,Credit Card,Dammam
2742,2024-10-26 00:00:00,5032.0,Laptops,Lenovo ThinkPad E14,1,7500.48,Cash on Delivery,Jeddah
2743,2024-05-07 00:00:00,5100.0,TVs,LG 43-inch UHD,4,1857.36,Apple Pay,Makkah
2744,2024-11-01 00:00:00,5446.0,Accessories,Bluetooth Headphones ,3,183.98,Debit Card,Madinah
2745,2024-12-15 00:00:00,5426.0,Accessories,USB-C Cable,2,208.1,Cash on Delivery,Jeddah
2746,2024-06-03 00:00:00,5580.0,Cameras,Canon EOS 200D,-3,969.09,Credit Card,Dammam
2747,"April 03, 2024",5141.0,TV,Sony 65-inch Bravia,4,3151.03,Apple Pay,Riyadh
2748,2024-12-21 00:00:00,5362.0, Cameras,Nikon D3500,-3,3637.04,Cash on Delivery,Makkah
2749,2024-08-03,5572.0,TVs,LG 43-inch UHD,4,2512.97,Apple Pay,Riyadh
2750,2024-02-15 00:00:00,5594.0,Phones,Oppo Reno 8,2,3373.59,Cash on Delivery,Jeddah
2751,2024-03-06 00:00:00,5773.0,Cameras,Nikon D3500,5,1674.73,Cash on Delivery,Riyadh
2752,25/07/2024,5471.0,TVs,Samsung 55-inch QLED,1,1863.03,Apple Pay,Madinah
2753,"January 29, 2024",5608.0,Phones,  iPhone 14  ,3,2344.21,Credit Card,Dammam
2754,2024-10-16 00:00:00,5124.0,Phones,Xiaomi Redmi Note 12,4,4915.56,Cash on Delivery,Riyadh
2755,2024-09-18 00:00:00,5147.0,Cameras,GoPro Hero 11,1,3785.53,Debit Card,Madinah
2756,2024-09-10 00:00:00,5308.0,Cameras,GoPro Hero 11,2,4354.48,Debit Card,
2757,2024-09-05,5068.0,Accessories,Wireless Mouse,5,210.51,Debit Card,Riyadh
2758,2024-11-05 00:00:00,5209.0,phones,Samsung Galaxy S23,1,1884.08,Credit Card,Jeddah
2759,2024-01-13 00:00:00,5056.0,Phones,Oppo Reno 8,5,3417.86,Apple Pay,Makkah
2760,2024-07-26 00:00:00,5559.0,Phones,Xiaomi Redmi Note 12,-4,3090.32,Debit Card,Jeddah
2761,12-02-2024,5149.0,Accessories,Laptop Stand,5,342.41,Credit Card,Makkah
2762,"March 13, 2024",5759.0,Phones,Samsung Galaxy S23,2,1843.29,Debit Card,Madinah
2763,"August 31, 2024",5683.0,Cameras,Canon EOS 200D,4,2657.67,Cash on Delivery,Dammam
2764,2024-07-07,5714.0,Phones,Oppo Reno 8,3,2025.17,Apple Pay,Makkah
2765,2024-08-01 00:00:00,5290.0,Phones ,Oppo Reno 8,4,2636.37,Debit Card,Riyadh
2766,2024-10-15 00:00:00,,TVs,Samsung 55-inch QLED,4,5634.26,Credit Card,Madinah
2767,2024-01-22 00:00:00,,Phones,Oppo Reno 8,3,3166.06,Debit Card,
2768,2024-01-05 00:00:00,5515.0,TVs,LG 43-inch UHD,2,3754.62,Cash on Delivery,Madinah
2769,2024-12-27 00:00:00,5064.0,Laptops,HP Pavilion 15,5,5064.1,Apple Pay,Madinah
2770,2024-06-29 00:00:00,5732.0,Laptops,Dell XPS 13,5,5486.4,Cash on Delivery,Makkah
2771,12-03-2024,5660.0,LAPTOPS,HP Pavilion 15,3,7602.61,Apple Pay,Riyadh
2772,2024-08-29 00:00:00,5725.0,Tvs ,LG 43-inch UHD,5,6438.84,Debit Card,Madinah
2773,"September 26, 2024",5602.0,Cameras,GoPro Hero 11,3,4339.2,Debit Card,Dammam
2774,2024-10-26 00:00:00,5046.0,Cameras,Nikon D3500,5,3732.85,Apple Pay,Riyadh
2775,2024-04-28 00:00:00,5695.0,Phones,Samsung Galaxy S23,1,2603.92,Credit Card,Makkah
2776,2024-04-28 00:00:00,5745.0,tvs,LG 43-inch UHD,2,5378.3,Credit Card,Jeddah
2777,2024-02-02 00:00:00,5038.0,TVs,LG 43-inch UHD,1,4075.54,Cash on Delivery,Riyadh
2778,2024-07-10 00:00:00,5328.0,Phones ,Oppo Reno 8,5,2391.35,Credit Card,Jeddah
2779,2024-07-12 00:00:00,5258.0,Phones, Oppo Reno 8 ,2,4443.05,Debit Card,Jeddah
2780,2024-12-13 00:00:00,5759.0,TVs,LG 43-inch UHD,3,1999.82,Debit Card,Jeddah
2781,2024-09-27 00:00:00,,LAPTOPS,Lenovo ThinkPad E14,2,8361.45,Credit Card,Madinah
2782,2024-01-18 00:00:00,5792.0,Phones,Samsung Galaxy S23,2,3115.17,Credit Card,Dammam
2783,2024-10-06 00:00:00,5698.0, TVs,Sony 65-inch Bravia,1,5113.45,Cash on Delivery,Jeddah
2784,2024-04-07 00:00:00,5360.0,Cameras,Nikon D3500,2,3273.67,Apple Pay,Madinah
2785,2024-02-04 00:00:00,5072.0,accessories,USB-C Cable,4,361.19,Apple Pay,Makkah
2786,2024-03-06 00:00:00,5120.0,Cameras,Canon EOS 200D,5,3192.01,Cash on Delivery,Riyadh
2787,2024-01-27 00:00:00,5229.0,TVs,Samsung 55-inch QLED,5,4992.45,Cash on Delivery,Riyadh
2788,2024-07-18 00:00:00,5294.0,Accessories,Bluetooth Headphones,3,54.66,Credit Card,Jeddah
2789,2024-09-22 00:00:00,5633.0,Phones,Samsung Galaxy S23,5,3314.43,Cash on Delivery,Makkah
2790,2024-10-25 00:00:00,5033.0,Phones,   iPhone 14,4,2025.59,Cash on Delivery,Riyadh
2791,"May 13, 2024",5142.0,Accessories,Laptop Stand,2,302.85,Cash on Delivery,Riyadh
2792,2024-12-05 00:00:00,5074.0,Laptops,HP Pavilion 15,1,5829.44,Debit Card,Makkah
2793,2024-12-25 00:00:00,5426.0,Cameras,GoPro Hero 11  ,1,3348.82,Cash on Delivery,
2794,2024-11-09 00:00:00,,Cameras,GoPro Hero 11,1,1050.02,Apple Pay,Jeddah
2795,2024-01-19 00:00:00,5441.0,Phones,iPhone 14,4,1796.77,Debit Card,Dammam
2796,2024-04-26,5792.0,TVs,   LG 43-inch UHD   ,1,5524.88,Credit Card,Riyadh
2797,2024-12-15 00:00:00,5396.0,Laptops,Lenovo ThinkPad E14,1,2968.55,Apple Pay,Riyadh
2798,05/03/2024,5141.0,TVs,Sony 65-inch Bravia,4,2170.53,Apple Pay,Madinah
2799,2024-03-01 00:00:00,5198.0,Phones,Oppo Reno 8 ,5,1542.38,Cash on Delivery,Dammam
2800,2024-01-30 00:00:00,5602.0,Accessories,Laptop Stand,2,383.91,Debit Card,Riyadh
2801,2024-07-30 00:00:00,5737.0,Phones,Samsung Galaxy S23,-5,4081.28,Credit Card,Riyadh
2802,2024-02-09 00:00:00,, Laptops,MacBook Air M2,1,4796.13,Debit Card,Makkah
2803,2024-06-09 00:00:00,5132.0,ACCESSORIES,Wireless Mouse,3,-36.59,Debit Card,Dammam
2804,09-02-2024,5256.0,Cameras,Nikon D3500,1,2158.93,Credit Card,Riyadh
2805,10/09/2024,5730.0,Cameras,Canon EOS 200D,3,3688.75,Debit Card,Makkah
2806,2024-10-09 00:00:00,5273.0,Accessories, Bluetooth Headphones,3,274.71,Debit Card,Madinah
2807,2024-01-28 00:00:00,5497.0, Accessories ,Wireless Mouse   ,3,98.52,Apple Pay,Madinah
2808,2024-04-14 00:00:00,5759.0,Accessories,Wireless Mouse,2,94.42,Debit Card,
2809,2024-03-03 00:00:00,5240.0,Cameras, Canon EOS 200D,3,1254.22,Debit Card,Riyadh
2810,2024-08-20 00:00:00,5034.0,TVs,Sony 65-inch Bravia,1,5233.57,Credit Card,Makkah
2811,2024-10-28 00:00:00,5061.0,Accessories,Bluetooth Headphones,4,312.82,Cash on Delivery,Riyadh
2812,2024-09-10 00:00:00,5454.0,accessories,Laptop Stand,1,128.07,Apple Pay,Makkah
2813,04-15-2024,5545.0,Phones,Samsung Galaxy S23 ,-4,1573.31,Debit Card,Makkah
2814,01-17-2024,,Phones,Xiaomi Redmi Note 12,5,1787.6,Cash on Delivery,Riyadh
2815,2024-10-29 00:00:00,5743.0, Accessories ,Bluetooth Headphones,2,388.11,Credit Card,Dammam
2816,2024-08-06 00:00:00,5397.0,Cameras,Nikon D3500,1,1963.6,Credit Card,Madinah
2817,2024-08-05 00:00:00,5390.0,Accessories,Laptop Stand,5,314.61,Cash on Delivery,Jeddah
2818,2024-05-01 00:00:00,5698.0,TVs,Sony 65-inch Bravia,2,5048.25,Credit Card,Dammam
2819,2024-05-07 00:00:00,5584.0,Accessories,Wireless Mouse,5,171.32,Cash on Delivery,Dammam
2820,2024-11-11 00:00:00,5675.0,TVs,Samsung 55-inch QLED,3,2869.57,Cash on Delivery,Dammam
2821,2024-03-04,5183.0,Accessories, Wireless Mouse ,3,74.91,Cash on Delivery,
2822,2024-01-09 00:00:00,5037.0,TVs,LG 43-inch UHD,4,4998.07,Credit Card,Makkah
2823,2024-11-22 00:00:00,5059.0,Accessories,Laptop Stand,-5,316.61,Debit Card,Makkah
2824,2024-05-21 00:00:00,5451.0,Cameras,Canon EOS 200D,-5,3218.06,Cash on Delivery,Riyadh
2825,2024-05-21 00:00:00,5232.0,Laptops,HP Pavilion 15,3,5946.96,Apple Pay,Jeddah
2826,2024-11-12 00:00:00,5670.0,Laptops,Dell XPS 13,1,2772.68,Debit Card,Riyadh
2827,12-16-2024,,Phones,Samsung Galaxy S23,5,4889.71,Apple Pay,Madinah
2828,02-01-2024,5694.0,Phones,Samsung Galaxy S23,3,4295.5,,Riyadh
2829,2024-11-03 00:00:00,5079.0,Accessories,Wireless Mouse,2,138.34,Cash on Delivery,Riyadh
2830,2024-02-27 00:00:00,5208.0,CAMERAS , Nikon D3500 ,5,4427.89,Credit Card,Jeddah
2831,2024-12-14 00:00:00,5289.0,Accessories,Bluetooth Headphones,4,252.7,Credit Card,Makkah
2832,2024-06-16 00:00:00,5417.0,Laptops,MacBook Air M2,5,6285.75,Cash on Delivery,Dammam
2833,2024-05-30,5377.0,Accessories, Laptop Stand,5,306.79,Credit Card,Jeddah
2834,2024-03-17 00:00:00,5623.0,Phones,  Xiaomi Redmi Note 12  ,5,4341.19,Credit Card,
2835,2024-09-18 00:00:00,5387.0,Laptops,HP Pavilion 15,5,6767.11,Cash on Delivery,
2836,2024-12-02 00:00:00,5079.0,Cameras,Canon EOS 200D,2,1361.14,Apple Pay,Riyadh
2837,2024-10-02 00:00:00,5483.0,Laptops,Lenovo ThinkPad E14,1,4698.74,Credit Card,Madinah
2838,"August 13, 2024",5589.0,Cameras,GoPro Hero 11 ,3,4241.1,Cash on Delivery,Jeddah
2839,2024-06-17 00:00:00,5466.0,Accessories,  USB-C Cable  ,2,113.11,Cash on Delivery,Jeddah
2840,2024-12-20 00:00:00,5370.0,Accessories,Wireless Mouse,2,167.7,Apple Pay,Makkah
2841,2024-10-13 00:00:00,5669.0,Phones,Xiaomi Redmi Note 12,5,3012.27,Credit Card,Dammam
2842,2024-04-27 00:00:00,5583.0,TVs,Sony 65-inch Bravia,4,4084.91,Apple Pay,Jeddah
2843,27/07/2024,5266.0,Laptops,Dell XPS 13,5,6484.11,Debit Card,Madinah
2844,2024-06-09 00:00:00,5431.0,Accessories,   Bluetooth Headphones   ,1,378.94,Credit Card,Makkah
2845,2024-10-21 00:00:00,5464.0,CAMERAS ,Canon EOS 200D,4,1766.49,Debit Card,Jeddah
2846,2024-03-02 00:00:00,5728.0,Phones,Samsung Galaxy S23,4,1925.25,Cash on Delivery,Madinah
2847,02-21-2024,5024.0,TV,Sony 65-inch Bravia,-2,2826.85,Credit Card,Makkah
2848,2024-03-08 00:00:00,5362.0,Laptops,   MacBook Air M2,5,8265.01,Apple Pay,Makkah
2849,2024-12-22 00:00:00,5121.0,Laptops,Lenovo ThinkPad E14,5,6697.77,Debit Card,Dammam
2850,2024-10-29 00:00:00,5075.0,Accessories,Bluetooth Headphones,5,135.79,Credit Card,Riyadh
2851,2024-07-28 00:00:00,5775.0,Accessories,Laptop Stand,4,331.9,Apple Pay,Dammam
2852,2024-03-09 00:00:00,5007.0,TV,Sony 65-inch Bravia,2,6279.12,Credit Card,Jeddah
2853,2024-07-08 00:00:00,5449.0,Cameras,GoPro Hero 11,4,3947.45,Apple Pay,Dammam
2854,2024-02-19 00:00:00,5349.0,Laptops,HP Pavilion 15,2,8473.02,Cash on Delivery,Makkah
2855,2024-05-26 00:00:00,5775.0,Phones,Oppo Reno 8,3,2382.84,Apple Pay,Dammam
2856,"January 22, 2024",,Laptops,Dell XPS 13,2,7407.77,Apple Pay,Madinah
2857,2024-06-09 00:00:00,5169.0,Cameras,GoPro Hero 11,1,2557.94,Cash on Delivery,Dammam
2858,2024-05-20 00:00:00,,Phones,Xiaomi Redmi Note 12,4,4446.99,Apple Pay,Jeddah
2859,2024-11-06 00:00:00,5144.0,Accessories,Bluetooth Headphones,1,299.54,Debit Card,Dammam
2860,2024-10-09 00:00:00,5612.0,Phones,  Samsung Galaxy S23  ,5,4217.57,Debit Card,Riyadh
2861,2024-01-04 00:00:00,5208.0,Phones,Samsung Galaxy S23,4,3796.57,Credit Card,Dammam
2862,2024-08-15 00:00:00,5302.0,Accessories,Laptop Stand,5,95.65,Debit Card,Makkah
2863,2024-08-15 00:00:00,5088.0,Phones,iPhone 14,4,3407.59,Apple Pay,Dammam
2864,2024-12-08 00:00:00,5762.0,Laptops,HP Pavilion 15,1,8900.35,Cash on Delivery,Riyadh
2865,2024-06-16 00:00:00,5464.0,Laptops,MacBook Air M2,2,8593.02,Cash on Delivery,Dammam
2866,2024-02-07 00:00:00,5102.0,Cameras,GoPro Hero 11,3,1055.43,Credit Card,Makkah
2867,"April 07, 2024",5251.0,Cameras,Nikon D3500,5,1493.33,Credit Card,Riyadh
2868,2024-04-22 00:00:00,5155.0,Laptops,Lenovo ThinkPad E14,2,3356.24,Cash on Delivery,Makkah
2869,2024-09-11 00:00:00,5650.0,TVs,Samsung 55-inch QLED,3,5575.1,Debit Card,Jeddah
2870,2024-01-02 00:00:00,5571.0,Phones,Samsung Galaxy S23,4,4362.25,Credit Card,Makkah
2871,2024-12-29 00:00:00,5704.0,cameras,Canon EOS 200D,2,1668.64,Credit Card,Makkah
2872,2024-11-19 00:00:00,5495.0,Accessory,Laptop Stand,5,217.17,Debit Card,Dammam
2873,02/04/2024,5684.0,Cameras,GoPro Hero 11,3,3926.53,,Dammam
2874,2024-11-18 00:00:00,5492.0,TV,LG 43-inch UHD,4,5610.57,Cash on Delivery,Madinah
2875,04-22-2024,5457.0,Accessories,Wireless Mouse,1,230.63,Cash on Delivery,Makkah
2876,2024-12-05 00:00:00,5475.0,Accessories,USB-C Cable   ,4,248.43,Credit Card,Jeddah
2877,2024-06-26 00:00:00,5500.0,Accessory,Wireless Mouse,4,218.09,Debit Card,Makkah
2878,2024-12-17 00:00:00,5274.0,Cameras,Nikon D3500,2,1971.17,Credit Card,Dammam
2879,2024-07-28 00:00:00,5691.0,Cameras,Canon EOS 200D,-1,2934.08,Cash on Delivery,Dammam
2880,2024-07-19 00:00:00,5266.0,Accessories,Laptop Stand,4,284.89,Apple Pay,Makkah
2881,09-05-2024,5315.0,Phone,Xiaomi Redmi Note 12,2,4556.63,,Riyadh
2882,2024-04-23 00:00:00,5211.0,TVs, LG 43-inch UHD ,-5,5108.72,Debit Card,Madinah
2883,2024-03-07 00:00:00,5388.0,Phones,Xiaomi Redmi Note 12,5,4163.93,Credit Card,Riyadh
2884,2024-06-29 00:00:00,5531.0,Phones,Xiaomi Redmi Note 12,5,2060.25,Credit Card,Riyadh
2885,01/10/2024,5405.0,Laptops,  HP Pavilion 15,2,5500.12,Debit Card,Madinah
2886,23/03/2024,5220.0,Laptops,HP Pavilion 15,3,2560.66,,Makkah
2887,2024-05-07 00:00:00,5773.0,Cameras,GoPro Hero 11,1,1788.04,Credit Card,Riyadh
2888,2024-09-13 00:00:00,5160.0,Cameras,Canon EOS 200D,4,3515.26,Apple Pay,Riyadh
2889,2024-01-13 00:00:00,5278.0,Accessories,Bluetooth Headphones,2,396.97,Debit Card,Riyadh
2890,2024-12-01 00:00:00,5086.0,Phones,Oppo Reno 8,4,1847.12,Debit Card,Dammam
2891,2024-09-15 00:00:00,5760.0,Phones,iPhone 14,4,2905.23,Credit Card,Riyadh
2892,2024-03-18 00:00:00,5620.0,Cameras,   GoPro Hero 11,1,3780.26,Apple Pay,Jeddah
2893,08-05-2024,5280.0,Accessories,Bluetooth Headphones,5,105.49,Credit Card,Dammam
2894,2024-02-21 00:00:00,5298.0,TVs,Samsung 55-inch QLED,3,4686.44,Apple Pay,Makkah
2895,23/04/2024,5291.0,TVs,Samsung 55-inch QLED,4,5611.97,Cash on Delivery,Makkah
2896,2024-05-05,5745.0,Cameras,GoPro Hero 11,4,3117.55,Credit Card,Makkah
2897,2024-10-06 00:00:00,5591.0,TVs,LG 43-inch UHD,1,2777.73,Apple Pay,Jeddah
2898,2024-04-28 00:00:00,5576.0,Phones,Oppo Reno 8,4,2743.85,Cash on Delivery,Makkah
2899,2024-06-19,5574.0,Phones,  Xiaomi Redmi Note 12  ,2,4243.27,Credit Card,Riyadh
2900,2024-09-07 00:00:00,5144.0,Laptop,Dell XPS 13,5,6102.47,Debit Card,Riyadh
2901,2024-08-30,5785.0,tvs,Sony 65-inch Bravia,5,1827.19,Debit Card,Riyadh
2902,2024-07-29,5037.0,TVs,LG 43-inch UHD,3,5757.15,Cash on Delivery,Jeddah
2903,2024-01-03 00:00:00,5500.0,Accessories,Laptop Stand,3,43.07,Debit Card,Madinah
2904,2024-06-09 00:00:00,5725.0,Cameras,Nikon D3500,2,3584.64,Cash on Delivery,Makkah
2905,2024-10-11 00:00:00,5716.0,TVs,  Sony 65-inch Bravia  ,1,2852.9,Credit Card,Makkah
2906,06/03/2024,,Phones,Oppo Reno 8,1,4853.26,Debit Card,Madinah
2907,2024-04-11,5434.0,Phones,Samsung Galaxy S23,4,2787.79,Credit Card,Riyadh
2908,2024-11-16 00:00:00,5766.0,TVs,Samsung 55-inch QLED,5,3500.04,Apple Pay,Jeddah
2909,"July 23, 2024",,Cameras,Nikon D3500,1,1436.0,Cash on Delivery,Riyadh
2910,"September 24, 2024",5665.0, Accessories ,Bluetooth Headphones,3,143.07,Cash on Delivery,Madinah
2911,2024-05-28 00:00:00,5731.0,Laptops,Dell XPS 13,5,8198.23,Debit Card,Madinah
2912,2024-08-29 00:00:00,5764.0,Accessories,Bluetooth Headphones,-4,398.64,Debit Card,Dammam
2913,2024-09-25 00:00:00,5426.0,Laptops,Dell XPS 13,4,4894.01,Credit Card,Dammam
2914,2024-08-28 00:00:00,5718.0,Laptop,Dell XPS 13,1,5415.97,Credit Card,Dammam
2915,2024-12-21 00:00:00,5096.0,LAPTOPS,Dell XPS 13,1,7193.46,Apple Pay,Dammam
2916,2024-10-31 00:00:00,5651.0,Phones,Oppo Reno 8,-2,4601.69,Credit Card,Dammam
2917,2024-06-25 00:00:00,5291.0,Cameras,Canon EOS 200D,1,3034.96,Debit Card,Dammam
2918,2024-06-05 00:00:00,5574.0,tvs,Sony 65-inch Bravia,3,3835.93,Apple Pay,Dammam
2919,2024-12-03 00:00:00,5156.0,Cameras,GoPro Hero 11,2,2385.44,Credit Card,Madinah
2920,2024-05-23 00:00:00,5104.0,Phones,Samsung Galaxy S23,2,3934.66,Cash on Delivery,Madinah
2921,2024-06-18 00:00:00,5684.0,Laptops,Lenovo ThinkPad E14,5,2520.92,Cash on Delivery,Madinah
2922,2024-03-27,5093.0,TV,Samsung 55-inch QLED,1,5021.86,Debit Card,Jeddah
2923,2024-03-14 00:00:00,5331.0,Cameras,Canon EOS 200D,2,2179.77,Apple Pay,Riyadh
2924,2024-03-11 00:00:00,5680.0,Phones,iPhone 14,5,4279.69,Apple Pay,Makkah
2925,2024-06-03,5573.0,TV,LG 43-inch UHD,5,2283.55,Credit Card,Jeddah
2926,2024-07-16 00:00:00,5534.0,TVs,LG 43-inch UHD,4,4858.65,Cash on Delivery,Dammam
2927,2024-11-05 00:00:00,5728.0,Accessories,Wireless Mouse,2,207.96,Debit Card,Dammam
2928,2024-10-13 00:00:00,5701.0,Laptops,Lenovo ThinkPad E14,4,6675.12,Apple Pay,Dammam
2929,2024-11-29,,Phones,Oppo Reno 8,3,1726.99,Debit Card,Riyadh
2930,2024-06-26 00:00:00,5573.0,TVs,Sony 65-inch Bravia,4,4815.92,Debit Card,Madinah
2931,2024-07-10 00:00:00,5452.0,Laptops,Lenovo ThinkPad E14,2,6149.65,Credit Card,Jeddah
2932,2024-01-03 00:00:00,5096.0,Accessories,USB-C Cable,5,237.44,Cash on Delivery,Dammam
2933,2024-09-14 00:00:00,5662.0,Accessories,Bluetooth Headphones,1,253.29,Cash on Delivery,Riyadh
2934,"July 22, 2024",5640.0,Accessories,Laptop Stand,1,280.29,Cash on Delivery,Dammam
2935,"August 29, 2024",5177.0,Phones,iPhone 14,5,4317.46,Apple Pay,Makkah
2936,2024-11-27 00:00:00,5378.0,TVs,Sony 65-inch Bravia,5,3203.07,Credit Card,Riyadh
2937,2024-12-27 00:00:00,5429.0,Phones,Samsung Galaxy S23,2,4387.67,Debit Card,Riyadh
2938,"August 15, 2024",5557.0,Phones,iPhone 14,1,3243.89,Cash on Delivery,Riyadh
2939,2024-12-01 00:00:00,5688.0,Accessories,USB-C Cable,5,58.51,Credit Card,Dammam
2940,10-27-2024,5426.0,Accessories,USB-C Cable,3,51.66,Credit Card,Makkah
2941,2024-04-08 00:00:00,5085.0,Phones,iPhone 14,5,2669.83,,Dammam
2942,2024-01-23 00:00:00,5419.0,LAPTOPS,Lenovo ThinkPad E14,3,7601.83,Debit Card,Madinah
2943,2024-06-08 00:00:00,5349.0,Laptops,MacBook Air M2 ,3,7099.93,Cash on Delivery,Riyadh
2944,2024-12-22 00:00:00,5119.0,TVs,  Sony 65-inch Bravia,1,5900.8,Apple Pay,Riyadh
2945,2024-02-14 00:00:00,5641.0,Phones,Samsung Galaxy S23,-2,3310.44,,Madinah
2946,2024-01-06 00:00:00,,Phones,Samsung Galaxy S23,2,3040.7,Cash on Delivery,Makkah
2947,2024-12-14 00:00:00,5054.0,LAPTOPS,HP Pavilion 15,2,3458.44,Debit Card,Dammam
2948,26/05/2024,5578.0,TVs, Sony 65-inch Bravia,2,3506.6,Cash on Delivery,Jeddah
2949,2024-04-25 00:00:00,5181.0,Accessories,   Laptop Stand   ,2,190.59,Cash on Delivery,Jeddah
2950,2024-12-23 00:00:00,5501.0,Accessories, Bluetooth Headphones ,4,62.78,Cash on Delivery,Riyadh
2951,2024-06-27 00:00:00,5037.0,Accessories,Bluetooth Headphones,5,111.63,Apple Pay,Jeddah
2952,2024-03-20 00:00:00,5355.0,Cameras,Nikon D3500,5,3053.61,Debit Card,Makkah
2953,2024-06-24 00:00:00,,Accessories,USB-C Cable,5,302.2,Cash on Delivery,Riyadh
2954,2024-04-21 00:00:00,5118.0,Laptops,HP Pavilion 15,4,8989.26,Cash on Delivery,Riyadh
2955,2024-11-19 00:00:00,5478.0, Cameras,GoPro Hero 11,2,4259.21,Apple Pay,Jeddah
2956,2024-07-09 00:00:00,5034.0,Cameras,Nikon D3500,5,3213.23,Apple Pay,Madinah
2957,2024-11-18 00:00:00,,Accessories,Wireless Mouse,-3,185.86,Credit Card,Jeddah
2958,2024-06-21 00:00:00,5313.0,Tvs ,LG 43-inch UHD,1,5108.12,Debit Card,Dammam
2959,2024-10-06 00:00:00,,Laptops,Lenovo ThinkPad E14,2,7606.74,Credit Card,Makkah
2960,2024-10-21 00:00:00,5249.0,TVs,Sony 65-inch Bravia,-4,2415.35,Apple Pay,Makkah
2961,03-11-2024,5307.0,ACCESSORIES,Bluetooth Headphones,3,181.66,Apple Pay,Makkah
2962,2024-09-16 00:00:00,5792.0,PHONES,Samsung Galaxy S23 ,1,4439.31,Apple Pay,Makkah
2963,10-30-2024,5170.0,Accessories,Laptop Stand,1,172.02,Debit Card,Madinah
2964,2024-10-17 00:00:00,,Accessories,USB-C Cable,2,241.59,Debit Card,Dammam
2965,2024-03-13 00:00:00,5169.0,Phones,Xiaomi Redmi Note 12,3,3557.19,Apple Pay,Makkah
2966,2024-12-03 00:00:00,5308.0,TVs,Samsung 55-inch QLED,2,2759.28,Debit Card,Jeddah
2967,2024-04-04 00:00:00,5092.0,Accessories,Wireless Mouse,2,164.03,Debit Card,Makkah
2968,2024-12-16 00:00:00,5488.0,Laptops,Dell XPS 13,5,4674.32,Cash on Delivery,Riyadh
2969,21/02/2024,5483.0,Laptops,HP Pavilion 15,4,2670.28,Apple Pay,Jeddah
2970,2024-12-27,5131.0,TVs,LG 43-inch UHD,-2,1925.8,,Makkah
2971,2024-07-23 00:00:00,5611.0,Accessories,USB-C Cable,3,337.73,Cash on Delivery,
2972,2024-02-06 00:00:00,5027.0,TVs,Sony 65-inch Bravia,3,3219.97,Apple Pay,Madinah
2973,2024-04-30 00:00:00,5513.0,Laptops,  Dell XPS 13  ,3,5867.51,Cash on Delivery,Dammam
2974,2024-02-09 00:00:00,5192.0,Phones,  Oppo Reno 8,2,2545.54,Debit Card,Makkah
2975,2024-06-03 00:00:00,5393.0,Phones,Samsung Galaxy S23,4,4792.38,Credit Card,Dammam
2976,"March 18, 2024",5691.0,Laptops,   Lenovo ThinkPad E14   ,3,4185.43,Cash on Delivery,Makkah
2977,2024-05-13 00:00:00,5407.0,TVs,Samsung 55-inch QLED,4,4034.22,Debit Card,Jeddah
2978,2024-08-26 00:00:00,5671.0,Cameras,Canon EOS 200D,1,4041.83,Cash on Delivery,Riyadh
2979,2024-03-23,5519.0,tvs,Samsung 55-inch QLED,3,6178.05,Debit Card,Madinah
2980,2024-08-20 00:00:00,5432.0,TVs,Sony 65-inch Bravia,1,2767.73,Apple Pay,Makkah
2981,2024-08-05 00:00:00,5461.0,Phones,Xiaomi Redmi Note 12,3,4309.25,Credit Card,Madinah
2982,2024-08-30 00:00:00,5183.0,Cameras,Nikon D3500,3,2549.47,Cash on Delivery,Riyadh
2983,15/07/2024,5345.0,TVs,Sony 65-inch Bravia,1,4311.44,Debit Card,Riyadh
2984,2024-04-11 00:00:00,5049.0,Cameras,Nikon D3500,5,1380.53,Apple Pay,Makkah
2985,2024-01-21 00:00:00,5375.0,TVs,LG 43-inch UHD,1,2219.13,Apple Pay,Makkah
2986,2024-09-05,5785.0,Phones,  Xiaomi Redmi Note 12,4,4047.79,Cash on Delivery,
2987,2024-04-01,5017.0,Phones ,Xiaomi Redmi Note 12,-3,3237.61,Cash on Delivery,Makkah
2988,2024-06-01 00:00:00,5749.0,TVs,LG 43-inch UHD,1,4071.62,Credit Card,Dammam
2989,2024-05-07 00:00:00,5096.0,Phones,Oppo Reno 8,2,4053.28,Credit Card,Madinah
2990,2024-11-20 00:00:00,5353.0,Laptops,Dell XPS 13,4,7475.83,Apple Pay,Dammam
2991,2024-11-12 00:00:00,5078.0,TVs,Sony 65-inch Bravia,2,2626.32,,Riyadh
2992,2024-01-20 00:00:00,5524.0,Accessories,Bluetooth Headphones,2,255.78,Credit Card,Makkah
2993,2024-11-22,5022.0,Phones,Xiaomi Redmi Note 12,3,1973.74,Apple Pay,Makkah
2994,30/11/2024,5196.0,Laptops,HP Pavilion 15,1,7383.94,Apple Pay,Riyadh
2995,04-06-2024,5383.0,Cameras,Nikon D3500,5,3265.04,,Riyadh
2996,2024-04-20 00:00:00,5283.0,Cameras,Nikon D3500,4,4343.81,Cash on Delivery,Jeddah
2997,"January 24, 2024",5694.0,Cameras,GoPro Hero 11,5,1148.25,Apple Pay,Jeddah
2998,2024-01-03,5800.0,Accessories,  Bluetooth Headphones,4,51.11,Debit Card,Riyadh
2999,2024-03-07 00:00:00,5613.0,TVs,Sony 65-inch Bravia,3,3267.37,Cash on Delivery,Makkah
3000,2024-04-23 00:00:00,5226.0,Accessories,Wireless Mouse,2,126.83,Credit Card,Dammam
3001,2024-12-30 00:00:00,5430.0,Phones,   Xiaomi Redmi Note 12   ,5,2364.43,Apple Pay,Madinah
3002,2024-10-04 00:00:00,5012.0,Cameras,  Nikon D3500,4,4162.52,Apple Pay,Madinah
3003,2024-06-12 00:00:00,5473.0,Accessories,Bluetooth Headphones,3,122.33,Apple Pay,Jeddah
3004,2024-09-29 00:00:00,5412.0,TVs,  Samsung 55-inch QLED  ,2,3214.14,Apple Pay,Dammam
3005,2024-11-19 00:00:00,5212.0,Phones,iPhone 14,4,4157.89,Cash on Delivery,Riyadh
3006,2024-06-04 00:00:00,5690.0,Cameras,Nikon D3500,3,2519.06,Cash on Delivery,Makkah
3007,2024-03-20 00:00:00,5360.0,TVs,Samsung 55-inch QLED,5,5838.89,Debit Card,
3008,31/07/2024,5761.0,Cameras,Nikon D3500,1,1135.32,Cash on Delivery,Madinah
3009,2024-07-11 00:00:00,5621.0,TVs,Samsung 55-inch QLED,5,4335.37,Debit Card,Makkah
3010,2024-07-21 00:00:00,5584.0,Phones,iPhone 14,2,1617.65,Debit Card,Riyadh
3011,2024-03-22,5769.0,ACCESSORIES,USB-C Cable,4,53.18,Apple Pay,Dammam
3012,2024-11-02 00:00:00,5645.0,Laptops, Lenovo ThinkPad E14,-3,8391.84,Cash on Delivery,Dammam
3013,2024-09-14 00:00:00,5413.0,Phones,Xiaomi Redmi Note 12,5,1987.36,Apple Pay,Jeddah
3014,2024-05-26 00:00:00,5409.0,Tvs ,LG 43-inch UHD,4,4568.59,Debit Card,Jeddah
3015,2024-09-29 00:00:00,5699.0,Accessories,Wireless Mouse,3,182.11,Apple Pay,Jeddah
3016,2024-10-24,5193.0,Phones,Oppo Reno 8,-4,2715.7,Apple Pay,Makkah
3017,2024-03-11 00:00:00,5584.0,Phone,  Samsung Galaxy S23  ,5,4649.42,Credit Card,Madinah
3018,2024-06-15 00:00:00,5582.0,TVs,Samsung 55-inch QLED,5,-5.22,Debit Card,Jeddah
3019,2024-02-16 00:00:00,5669.0, TVs,Sony 65-inch Bravia,3,5251.71,Credit Card,Madinah
3020,2024-09-18 00:00:00,5377.0,tvs,Sony 65-inch Bravia,2,6809.65,Debit Card,Makkah
3021,29/08/2024,5300.0,Laptop,Dell XPS 13,2,6141.09,Cash on Delivery,Jeddah
3022,2024-04-15 00:00:00,5250.0,Phones,iPhone 14,5,4778.88,Apple Pay,Makkah
3023,2024-05-03 00:00:00,5656.0,Cameras,Nikon D3500,2,1088.13,Apple Pay,Madinah
3024,2024-03-22 00:00:00,5007.0,Phones,Xiaomi Redmi Note 12,2,2965.78,Apple Pay,Riyadh
3025,2024-09-23 00:00:00,5427.0,Phones,Oppo Reno 8,4,2410.55,Apple Pay,Riyadh
3026,2024-11-06 00:00:00,5492.0,Accessories,Wireless Mouse,5,300.4,Credit Card,Makkah
3027,2024-07-22 00:00:00,,phones,Xiaomi Redmi Note 12,1,4934.54,,Makkah
3028,2024-11-28,5106.0,Cameras,GoPro Hero 11,4,1823.51,Apple Pay,Riyadh
3029,2024-10-23 00:00:00,5422.0,Laptops,HP Pavilion 15,1,6752.13,Debit Card,Dammam
3030,2024-05-04 00:00:00,5099.0,Accessories, USB-C Cable,4,103.3,Debit Card,Dammam
3031,"August 22, 2024",5350.0,accessories,Wireless Mouse,4,239.17,Debit Card,Dammam
3032,2024-06-18 00:00:00,5281.0,Accessories,Laptop Stand,4,4755.130332220039,Cash on Delivery,Madinah
3033,2024-03-12 00:00:00,5226.0,Cameras,Canon EOS 200D,2,4399.22,Cash on Delivery,Riyadh
3034,2024-12-31 00:00:00,5581.0,Accessories,Bluetooth Headphones,3,255.16,Cash on Delivery,Jeddah
3035,2024-12-31 00:00:00,5761.0,Accessories,Laptop Stand,4,159.32,Cash on Delivery,Jeddah
3036,2024-11-07 00:00:00,5652.0,Laptops,Dell XPS 13,3,3241.62,Apple Pay,Dammam
3037,2024-04-18 00:00:00,5598.0,Laptops,MacBook Air M2,5,3483.1,Cash on Delivery,Jeddah
3038,2024-07-05 00:00:00,5633.0,Phones,Xiaomi Redmi Note 12,5,2288.61,Apple Pay,Makkah
3039,2024-11-25 00:00:00,5383.0,laptops,HP Pavilion 15,2,4131.28,Cash on Delivery,Madinah
3040,2024-11-27 00:00:00,5495.0,TV,LG 43-inch UHD,2,6223.2,Apple Pay,Jeddah
3041,2024-12-08 00:00:00,5316.0,TVs, Samsung 55-inch QLED,1,4718.36,Cash on Delivery,Jeddah
3042,2024-03-17 00:00:00,5365.0,Laptops,Dell XPS 13,3,5902.04,Credit Card,Jeddah
3043,2024-10-18,5372.0, TVs,LG 43-inch UHD,1,2396.8,Debit Card,Jeddah
3044,2024-11-16 00:00:00,5068.0,Phones,Oppo Reno 8,1,4510.49,Cash on Delivery,Madinah
3045,2024-01-29 00:00:00,5262.0,Accessories,Wireless Mouse,4,297.44,Debit Card,Jeddah
3046,2024-04-26 00:00:00,5623.0,Laptops,Dell XPS 13,4,2939.84,Debit Card,Riyadh
3047,2024-02-16 00:00:00,5535.0,Accessories,Bluetooth Headphones,2,291.9,Credit Card,Jeddah
3048,2024-04-16 00:00:00,5779.0,Accessories,Wireless Mouse,2,231.11,Debit Card,Madinah
3049,25/08/2024,5649.0,Cameras,Nikon D3500,1,1194.21,Credit Card,Dammam
3050,2024-09-01 00:00:00,5487.0,PHONES,Samsung Galaxy S23,1,3104.05,Apple Pay,Riyadh
3051,2024-10-04 00:00:00,5498.0,Laptops,MacBook Air M2,5,5650.53,Debit Card,Madinah
3052,2024-10-24 00:00:00,5796.0,Accessories,Wireless Mouse,4,91.34,Credit Card,
3053,2024-01-01 00:00:00,5277.0,Laptops,Lenovo ThinkPad E14,3,8647.04,Apple Pay,Madinah
3054,31/03/2024,5290.0,Tvs ,Sony 65-inch Bravia,3,6219.87,Apple Pay,Madinah
3055,2024-09-29 00:00:00,5694.0,Accessory,Bluetooth Headphones,2,277.54,Cash on Delivery,Dammam
3056,2024-06-07 00:00:00,5499.0,Cameras,GoPro Hero 11,4,2564.26,Credit Card,Jeddah
3057,2024-09-17 00:00:00,5183.0,Phones ,Xiaomi Redmi Note 12,4,69352.84255935205,Apple Pay,Jeddah
3058,2024-12-10 00:00:00,5350.0,Phones,Oppo Reno 8,3,3778.41,Credit Card,Makkah
3059,04/09/2024,5314.0,Cameras,Canon EOS 200D,1,2863.55,Debit Card,Jeddah
3060,12-06-2024,5701.0,Cameras,Nikon D3500,5,1124.18,Apple Pay,Riyadh
3061,2024-10-19 00:00:00,5196.0,Accessories,USB-C Cable,2,219.63,Cash on Delivery,Jeddah
3062,"March 21, 2024",5528.0,TVs,Samsung 55-inch QLED,5,5993.3,Debit Card,Dammam
3063,2024-10-31 00:00:00,5269.0,tvs,  Sony 65-inch Bravia  ,4,4188.05,Cash on Delivery,Jeddah
3064,2024-07-08 00:00:00,5744.0,TVs,LG 43-inch UHD,2,2070.17,Cash on Delivery,Dammam
3065,2024-08-18 00:00:00,5402.0, Accessories ,Bluetooth Headphones,3,320.92,Apple Pay,Madinah
3066,2024-07-25 00:00:00,5661.0,TVs,Samsung 55-inch QLED,1,2847.09,Apple Pay,Dammam
3067,20/05/2024,5677.0,Laptops,Lenovo ThinkPad E14,1,4181.04,Debit Card,Jeddah
3068,2024-07-10 00:00:00,5391.0,Accessories,Bluetooth Headphones ,-1,90.94,Cash on Delivery,Makkah
3069,"April 20, 2024",5109.0,Accessories,USB-C Cable,5,152.18,Apple Pay,Dammam
3070,2024-03-23 00:00:00,5481.0,Phones,Samsung Galaxy S23,3,4148.63,Apple Pay,Madinah
3071,18/12/2024,5621.0,Phones,Oppo Reno 8,4,3317.85,Debit Card,Dammam
3072,2024-01-31 00:00:00,5282.0,Cameras,   Nikon D3500   ,1,1637.57,Credit Card,Dammam
3073,08-12-2024,5137.0,Cameras,Nikon D3500,3,4060.19,Credit Card,Makkah
3074,2024-07-30 00:00:00,5306.0,Phones ,Xiaomi Redmi Note 12,2,4578.54,Debit Card,Madinah
3075,2024-10-14 00:00:00,5335.0,Cameras,Canon EOS 200D,1,4034.08,Apple Pay,Jeddah
3076,2024-12-04 00:00:00,5143.0,Cameras,GoPro Hero 11,3,1759.67,Cash on Delivery,Riyadh
3077,2024-07-03 00:00:00,5328.0,PHONES,Xiaomi Redmi Note 12,4,3079.34,Debit Card,Jeddah
3078,23/08/2024,5693.0,TVs,Samsung 55-inch QLED,3,6921.95,Cash on Delivery,Jeddah
3079,2024-11-05 00:00:00,5657.0,Accessories, Bluetooth Headphones ,1,315.64,Debit Card,Riyadh
3080,07-21-2024,5061.0,TVs,LG 43-inch UHD,4,1941.27,Credit Card,Madinah
3081,01-09-2024,5516.0,Cameras,Nikon D3500,5,1134.74,Apple Pay,Riyadh
3082,2024-05-24,5752.0, Accessories ,Laptop Stand,5,201.65,Cash on Delivery,Riyadh
3083,10-12-2024,5089.0,Phones,iPhone 14,1,4682.27,,Madinah
3084,2024-11-08 00:00:00,5283.0, Cameras,Nikon D3500  ,2,2839.33,Credit Card,Makkah
3085,18/03/2024,5663.0, TVs,LG 43-inch UHD,3,4388.63,Credit Card,Jeddah
3086,2024-08-20 00:00:00,5411.0,cameras,Nikon D3500,5,1279.71,Apple Pay,Riyadh
3087,2024-01-04 00:00:00,5008.0,Cameras,Nikon D3500,5,3264.41,Apple Pay,Riyadh
3088,2024-08-06 00:00:00,5598.0,Laptops,HP Pavilion 15,2,7843.67,Cash on Delivery,Jeddah
3089,2024-11-30,5156.0,Accessories,Laptop Stand,-2,170.76,Cash on Delivery,Madinah
3090,2024-04-15 00:00:00,5026.0,LAPTOPS,Dell XPS 13,3,7541.48,Debit Card,Riyadh
3091,2024-01-21 00:00:00,5335.0,Cameras,   GoPro Hero 11,2,4372.12,Cash on Delivery,Riyadh
3092,2024-12-02 00:00:00,5167.0, Accessories ,USB-C Cable,2,105.39,Debit Card,Dammam
3093,2024-04-29 00:00:00,5140.0,TVs,LG 43-inch UHD,2,4521.31,Cash on Delivery,Riyadh
3094,2024-07-11 00:00:00,5389.0,TVs,  Samsung 55-inch QLED  ,1,3293.12,Apple Pay,Jeddah
3095,2024-12-08,5789.0,Phones,Oppo Reno 8,4,4274.99,Debit Card,Jeddah
3096,2024-03-04 00:00:00,5592.0,TVs,Sony 65-inch Bravia,1,4803.49,Debit Card,Madinah
3097,24/03/2024,5758.0,Cameras,  Canon EOS 200D  ,2,3184.5,Credit Card,Makkah
3098,2024-06-11 00:00:00,5092.0,Cameras,Nikon D3500,4,3772.49,Debit Card,Jeddah
3099,2024-09-01 00:00:00,5016.0,Cameras,  Nikon D3500,3,2325.49,Credit Card,Makkah
3100,2024-08-03 00:00:00,5369.0,Phones,Oppo Reno 8,4,4702.82,Credit Card,Dammam
3101,2024-08-10 00:00:00,5666.0,Accessories,Wireless Mouse,3,227.22,Debit Card,Riyadh
3102,2024-01-09 00:00:00,, TVs,LG 43-inch UHD,3,2621.37,Cash on Delivery,Riyadh
3103,2024-10-16 00:00:00,5159.0,Laptops,Dell XPS 13,1,7023.34,Debit Card,Madinah
3104,2024-01-20 00:00:00,5380.0,Laptops,Lenovo ThinkPad E14   ,1,7656.2,Debit Card,Dammam
3105,2024-03-21 00:00:00,5531.0,Cameras,Nikon D3500,4,2040.34,Debit Card,Jeddah
3106,2024-07-05 00:00:00,5509.0,Laptop,Dell XPS 13,1,8071.67,Debit Card,Riyadh
3107,2024-07-25 00:00:00,5328.0,Laptops,HP Pavilion 15,3,8389.93,Cash on Delivery,Madinah
3108,2024-06-18 00:00:00,5752.0, Phones,iPhone 14,1,2469.17,Apple Pay,Riyadh
3109,2024-01-24 00:00:00,5739.0,Laptops,Lenovo ThinkPad E14,5,8892.89,Apple Pay,Madinah
3110,2024-03-21 00:00:00,5228.0,Cameras,  Canon EOS 200D,1,1406.56,Credit Card,Dammam
3111,2024-02-03 00:00:00,5425.0,Phones,Oppo Reno 8,1,2207.05,Apple Pay,Makkah
3112,2024-03-09 00:00:00,5487.0,Cameras,Nikon D3500,5,1563.21,Credit Card,Dammam
3113,06/03/2024,5684.0,TVs,LG 43-inch UHD,3,6448.75,Cash on Delivery,Madinah
3114,2024-09-09 00:00:00,5224.0,phones,Oppo Reno 8,5,3790.02,Debit Card,Jeddah
3115,2024-03-14 00:00:00,5734.0,Cameras,Canon EOS 200D,2,1447.58,Credit Card,Riyadh
3116,2024-11-10 00:00:00,5256.0,TVs,LG 43-inch UHD,1,4089.68,Debit Card,Jeddah
3117,2024-06-17 00:00:00,5335.0,Laptops,HP Pavilion 15  ,4,6499.44,Cash on Delivery,Jeddah
3118,04/12/2024,5647.0,TVs,LG 43-inch UHD,2,2234.01,Credit Card,Makkah
3119,2024-04-03 00:00:00,5243.0,Phones,Samsung Galaxy S23,1,4588.46,Debit Card,Riyadh
3120,2024-06-14 00:00:00,5352.0,Laptops,Lenovo ThinkPad E14,1,7723.42,Apple Pay,Makkah
3121,2024-08-19 00:00:00,5269.0,Laptops,Lenovo ThinkPad E14,2,5783.84,,Madinah
3122,2024-03-01 00:00:00,5190.0,Cameras,   Nikon D3500   ,3,4381.66,Cash on Delivery,Dammam
3123,2024-09-06,5684.0,Accessories,Bluetooth Headphones,5,184.57,Apple Pay,Riyadh
3124,2024-02-02 00:00:00,,Accessories,Bluetooth Headphones,3,394.12,Apple Pay,Riyadh
3125,2024-04-26 00:00:00,5563.0,Laptops,MacBook Air M2,4,6841.48,Credit Card,Riyadh
3126,2024-06-26 00:00:00,,Accessories,USB-C Cable,3,264.83,Apple Pay,Makkah
3127,2024-07-22 00:00:00,5696.0,Phones,Samsung Galaxy S23,5,2080.84,Debit Card,Jeddah
3128,"April 11, 2024",5543.0,Laptops,MacBook Air M2,3,8232.53,Debit Card,Madinah
3129,2024-09-29 00:00:00,5170.0,Cameras,Canon EOS 200D,3,2438.96,Debit Card,Madinah
3130,21/02/2024,5553.0,Accessories,USB-C Cable,2,90.03,Debit Card,Jeddah
3131,2024-04-13 00:00:00,5303.0,Cameras,Nikon D3500,3,945.39,Credit Card,
3132,2024-08-03 00:00:00,5139.0, TVs,  Sony 65-inch Bravia,4,4710.73,,Dammam
3133,2024-02-08 00:00:00,5751.0,Accessories,Wireless Mouse,3,225.14,Cash on Delivery,Jeddah
3134,02-04-2024,5147.0,cameras,GoPro Hero 11,1,3489.67,Apple Pay,Jeddah
3135,2024-05-04 00:00:00,5400.0,TVs,Samsung 55-inch QLED,4,6429.34,Debit Card,Makkah
3136,2024-05-07 00:00:00,5282.0, Cameras,Canon EOS 200D,3,1185.86,Credit Card,Jeddah
3137,2024-03-04 00:00:00,5454.0,Laptops,Lenovo ThinkPad E14,5,7254.73,Debit Card,Jeddah
3138,2024-06-16 00:00:00,5318.0,Laptops,HP Pavilion 15,1,3718.18,Credit Card,Madinah
3139,2024-11-17 00:00:00,5676.0,Cameras,Canon EOS 200D,5,3989.44,Apple Pay,Jeddah
3140,2024-03-04 00:00:00,5072.0,TVs,LG 43-inch UHD,5,6059.13,Apple Pay,Jeddah
3141,2024-01-21 00:00:00,5641.0,ACCESSORIES,Bluetooth Headphones,4,230.09,Cash on Delivery,Riyadh
3142,2024-10-26 00:00:00,5230.0,TVs,LG 43-inch UHD,2,5493.26,Apple Pay,Dammam
3143,2024-02-15 00:00:00,5680.0,Cameras,  Canon EOS 200D,5,2031.66,Cash on Delivery,Jeddah
3144,2024-08-09 00:00:00,5788.0,tvs,Sony 65-inch Bravia,4,4250.07,Credit Card,Riyadh
3145,2024-05-08 00:00:00,5682.0,Accessories,  Bluetooth Headphones  ,5,334.01,Cash on Delivery,
3146,2024-02-12 00:00:00,5248.0,Accessories,Bluetooth Headphones,1,199.93,Credit Card,Makkah
3147,2024-04-23 00:00:00,5106.0,Cameras,Nikon D3500,5,2188.07,Apple Pay,Dammam
3148,2024-11-06 00:00:00,5531.0,TVs,Sony 65-inch Bravia,5,4369.9,Apple Pay,Madinah
3149,2024-11-04 00:00:00,5097.0,TVs,Samsung 55-inch QLED,1,6106.9,Credit Card,Madinah
3150,"July 03, 2024",5735.0,Phones,  Samsung Galaxy S23,5,2673.23,Apple Pay,Makkah
3151,2024-11-27 00:00:00,5535.0,Phones,Xiaomi Redmi Note 12,4,2108.17,Apple Pay,Madinah
3152,2024-11-17 00:00:00,5580.0,Phones, Oppo Reno 8,4,3992.05,Credit Card,Jeddah
3153,11-18-2024,5422.0,Laptops,MacBook Air M2,3,7868.86,Credit Card,Dammam
3154,2024-05-09 00:00:00,5254.0,Phones,Oppo Reno 8,3,1852.23,Cash on Delivery,Dammam
3155,2024-01-25 00:00:00,5787.0,Accessories,Laptop Stand,3,118.75,Apple Pay,Dammam
3156,2024-10-12 00:00:00,5771.0,Laptops,Dell XPS 13,5,3422.82,Cash on Delivery,Makkah
3157,2024-09-12 00:00:00,5631.0,Accessories,USB-C Cable,1,158.74,Cash on Delivery,Dammam
3158,"April 26, 2024",5739.0,Cameras,GoPro Hero 11,3,2521.26,Cash on Delivery,Riyadh
3159,2024-06-09 00:00:00,,Phones,Oppo Reno 8,5,4120.89,Apple Pay,Jeddah
3160,2024-05-15 00:00:00,5448.0,TVs,Samsung 55-inch QLED,4,5185.97,Cash on Delivery,Dammam
3161,2024-03-27 00:00:00,5194.0,Accessory,USB-C Cable,3,259.74,Credit Card,Riyadh
3162,2024-09-16 00:00:00,5551.0,Cameras,Nikon D3500,5,2168.55,Cash on Delivery,Madinah
3163,2024-11-12 00:00:00,5092.0,laptops,Lenovo ThinkPad E14,1,7969.41,Debit Card,Riyadh
3164,2024-07-26 00:00:00,5545.0,CAMERAS ,GoPro Hero 11,3,2596.63,Debit Card,Dammam
3165,09/03/2024,5628.0,ACCESSORIES,Laptop Stand   ,-4,392.27,Credit Card,Dammam
3166,"June 14, 2024",5251.0,Camera,Canon EOS 200D,2,3182.91,Apple Pay,Riyadh
3167,2024-12-07 00:00:00,5229.0,Cameras,Canon EOS 200D,3,1354.55,Credit Card,Makkah
3168,"April 25, 2024",5012.0,LAPTOPS,Dell XPS 13,4,6895.15,Debit Card,Jeddah
3169,11/01/2024,5424.0,Accessories,USB-C Cable,-5,150.29,Apple Pay,Makkah
3170,2024-10-17 00:00:00,5531.0,Cameras,GoPro Hero 11,2,3370.78,Apple Pay,Jeddah
3171,2024-11-17 00:00:00,5723.0,Cameras,Nikon D3500,5,1150.71,Apple Pay,Dammam
3172,2024-08-08 00:00:00,5327.0,Accessories,Bluetooth Headphones,3,94.71,Cash on Delivery,Jeddah
3173,"February 09, 2024",5551.0,CAMERAS ,Nikon D3500,2,3980.65,Cash on Delivery,Jeddah
3174,2024-02-19 00:00:00,5321.0,Cameras,Canon EOS 200D,5,1717.85,Apple Pay,Madinah
3175,2024-06-27 00:00:00,5275.0,Phones ,Samsung Galaxy S23,5,4429.64,Debit Card,
3176,2024-08-23 00:00:00,5605.0,Cameras,Canon EOS 200D,5,1905.39,Apple Pay,Makkah
3177,2024-03-28 00:00:00,5665.0,TVs,Samsung 55-inch QLED,1,5142.99,Apple Pay,Madinah
3178,2024-09-01 00:00:00,5066.0, Phones, Xiaomi Redmi Note 12,2,3929.53,Credit Card,Dammam
3179,2024-01-15 00:00:00,5721.0,Accessories,Bluetooth Headphones,5,219.68,Apple Pay,
3180,2024-04-20 00:00:00,5713.0,Laptops,Lenovo ThinkPad E14,4,4484.52,Cash on Delivery,Madinah
3181,2024-04-29 00:00:00,5784.0,Accessories,Bluetooth Headphones   ,5,108.68,Apple Pay,Jeddah
3182,2024-10-27 00:00:00,5054.0,Cameras,GoPro Hero 11,3,1019.48,Credit Card,Madinah
3183,"June 02, 2024",5423.0,Accessories,Wireless Mouse,5,142.46,Credit Card,Madinah
3184,2024-05-07 00:00:00,5030.0,Laptops,   Dell XPS 13,5,6745.56,Debit Card,Jeddah
3185,2024-03-02 00:00:00,,TV,Sony 65-inch Bravia,3,6679.19,Credit Card,Riyadh
3186,2024-12-16 00:00:00,5713.0,Cameras,GoPro Hero 11,4,4036.34,Apple Pay,Makkah
3187,2024-06-24 00:00:00,5363.0,TVs,Samsung 55-inch QLED   ,2,5783.54,Credit Card,Dammam
3188,09/05/2024,5266.0,laptops,Lenovo ThinkPad E14,4,7624.91,Credit Card,Jeddah
3189,"April 26, 2024",5462.0,TVs,Samsung 55-inch QLED,3,5257.92,Credit Card,
3190,2024-01-11 00:00:00,5060.0,phones,Xiaomi Redmi Note 12,5,2411.0,Credit Card,Madinah
3191,2024-03-27 00:00:00,5334.0,Accessories,Wireless Mouse,1,365.66,Credit Card,Riyadh
3192,15/01/2024,5176.0,TVs,LG 43-inch UHD,5,5287.81,Cash on Delivery,Riyadh
3193,2024-04-03 00:00:00,5099.0,Laptops,Lenovo ThinkPad E14,5,6142.86,Debit Card,Dammam
3194,2024-10-20 00:00:00,5519.0,Laptop,HP Pavilion 15,2,3221.43,Apple Pay,Jeddah
3195,2024-01-16 00:00:00,5123.0,Laptop,Lenovo ThinkPad E14,5,5405.86,Credit Card,Madinah
3196,2024-02-25 00:00:00,5530.0,Accessories,Bluetooth Headphones,3,200.33,Debit Card,Madinah
3197,09-11-2024,5345.0,Laptops,MacBook Air M2,2,8119.66,Debit Card,Madinah
3198,2024-10-07 00:00:00,5684.0,TVs,Sony 65-inch Bravia,4,4642.57,Apple Pay,Riyadh
3199,2024-06-22 00:00:00,5245.0, Cameras,  Canon EOS 200D  ,-2,2269.44,Cash on Delivery,
3200,25/07/2024,5491.0,TVs,Samsung 55-inch QLED   ,1,6879.36,Cash on Delivery,Riyadh
3201,2024-09-23 00:00:00,5576.0,Cameras,Canon EOS 200D ,-1,1298.59,Cash on Delivery,Madinah
3202,2024-09-29 00:00:00,5658.0, Cameras,  GoPro Hero 11  ,5,2421.17,Apple Pay,Madinah
3203,2024-06-13,5299.0,Laptops,HP Pavilion 15,2,2773.16,Apple Pay,Jeddah
3204,10-08-2024,5024.0,TVs,LG 43-inch UHD,4,5647.5,Credit Card,Makkah
3205,2024-06-13 00:00:00,5398.0,TVs,Samsung 55-inch QLED,5,6574.0,,Madinah
3206,2024-05-27 00:00:00,5091.0,Accessories,Laptop Stand,1,133.61,Credit Card,Jeddah
3207,2024-11-24 00:00:00,5028.0,Accessories, USB-C Cable,3,347.59,Credit Card,Madinah
3208,2024-07-16,5053.0,Phones,Xiaomi Redmi Note 12,2,2522.76,Cash on Delivery,Madinah
3209,2024-09-17 00:00:00,,TVs,Sony 65-inch Bravia,5,6536.0,Debit Card,Madinah
3210,"February 20, 2024",5729.0,Phones,Samsung Galaxy S23,4,4138.87,Debit Card,Jeddah
3211,2024-12-31 00:00:00,5584.0,Accessories,Wireless Mouse,2,327.82,Apple Pay,Jeddah
3212,2024-01-24 00:00:00,5297.0,cameras,Canon EOS 200D,4,964.82,Debit Card,Riyadh
3213,03/12/2024,5233.0,Phones,Samsung Galaxy S23,3,4869.84,Debit Card,Makkah
3214,2024-01-23 00:00:00,5252.0,Accessories,Laptop Stand,2,298.87,Debit Card,Madinah
3215,2024-05-12,5669.0, Cameras,GoPro Hero 11,4,1997.1,Cash on Delivery,Jeddah
3216,2024-12-19 00:00:00,5386.0,Accessories,Laptop Stand,1,336.88,Apple Pay,Makkah
3217,2024-09-06 00:00:00,5042.0,Accessories,  USB-C Cable,-3,134.16,Credit Card,Makkah
3218,2024-12-05 00:00:00,5118.0, TVs,Samsung 55-inch QLED,2,6338.32,Credit Card,Riyadh
3219,2024-02-04 00:00:00,5757.0,Laptops,Lenovo ThinkPad E14,2,3231.77,Cash on Delivery,Jeddah
3220,2024-05-25 00:00:00,5583.0,Accessories,Laptop Stand,5,290.36,Cash on Delivery,Dammam
3221,2024-03-02 00:00:00,5568.0, Accessories ,Wireless Mouse,4,230.06,Debit Card,Riyadh
3222,2024-03-06 00:00:00,5490.0,TVs,Samsung 55-inch QLED,5,2301.98,Credit Card,Makkah
3223,2024-04-27 00:00:00,5085.0,phones,iPhone 14,1,2346.63,Apple Pay,Jeddah
3224,2024-08-11 00:00:00,5756.0,Phones,Samsung Galaxy S23,-5,1543.41,Cash on Delivery,Makkah
3225,2024-11-01 00:00:00,5742.0, Laptops,Lenovo ThinkPad E14,1,5546.99,Debit Card,Jeddah
3226,18/10/2024,5256.0,Accessories,Wireless Mouse,1,141.47,Debit Card,Dammam
3227,2024-08-24 00:00:00,5389.0,laptops,HP Pavilion 15,2,6389.32,Credit Card,Makkah
3228,2024-09-15 00:00:00,5642.0,LAPTOPS, HP Pavilion 15 ,-1,4432.05,Debit Card,Jeddah
3229,2024-12-02 00:00:00,5071.0,Laptops,HP Pavilion 15,-4,4449.47,Credit Card,Makkah
3230,2024-10-12 00:00:00,5325.0,Laptops,HP Pavilion 15,2,7330.76,Debit Card,Madinah
3231,2024-12-16 00:00:00,5547.0,Phones,iPhone 14,1,1668.5,Apple Pay,Madinah
3232,2024-06-13 00:00:00,5106.0,Phones,Samsung Galaxy S23,3,4660.13,Credit Card,Jeddah
3233,2024-07-14 00:00:00,5787.0, Laptops,MacBook Air M2,1,8039.72,Credit Card,Makkah
3234,2024-04-24 00:00:00,5664.0,cameras,Canon EOS 200D,1,3304.1,Credit Card,Riyadh
3235,2024-11-26 00:00:00,5396.0,TVs,Sony 65-inch Bravia,4,4884.75,Cash on Delivery,
3236,2024-05-01 00:00:00,5651.0, TVs,Sony 65-inch Bravia,4,6439.97,Cash on Delivery,Dammam
3237,2024-03-19 00:00:00,5147.0,TVs,LG 43-inch UHD,4,2763.72,Cash on Delivery,Jeddah
3238,07-17-2024,5757.0,Accessories,USB-C Cable,3,59.22,Debit Card,Dammam
3239,02/06/2024,5420.0,Phones,Oppo Reno 8,2,2338.29,Credit Card,Makkah
3240,2024-07-24 00:00:00,5415.0,Cameras,   Canon EOS 200D   ,2,3760.48,Cash on Delivery,Jeddah
3241,08-23-2024,,TVs,LG 43-inch UHD,4,1980.29,Apple Pay,
3242,2024-06-15,5210.0,Accessory, Bluetooth Headphones,4,245.64,Debit Card,Madinah
3243,2024-12-30,5372.0,Laptops,   Dell XPS 13   ,2,8970.34,Debit Card,Madinah
3244,"July 28, 2024",5402.0,TVs,Sony 65-inch Bravia,3,6249.62,Cash on Delivery,Jeddah
3245,2024-02-25 00:00:00,5793.0, Laptops,Lenovo ThinkPad E14,5,5889.4,Apple Pay,Dammam
3246,2024-01-27 00:00:00,5564.0,Cameras,Nikon D3500 ,2,1129.11,Debit Card,Dammam
3247,09-21-2024,5024.0,Laptops,Lenovo ThinkPad E14,4,7903.93,Debit Card,Makkah
3248,2024-10-17 00:00:00,5787.0,Laptops,Lenovo ThinkPad E14,2,6393.36,,Madinah
3249,2024-10-21 00:00:00,5324.0,Laptops,Lenovo ThinkPad E14,2,3247.06,Debit Card,Makkah
3250,2024-03-07 00:00:00,5781.0,TVs,Samsung 55-inch QLED,4,2288.06,Cash on Delivery,Madinah
3251,"November 17, 2024",5087.0,Cameras,GoPro Hero 11,1,4174.66,Credit Card,Riyadh
3252,2024-01-28 00:00:00,5365.0, Phones,iPhone 14,3,3842.2,,
3253,2024-04-19 00:00:00,5638.0,Laptops,Dell XPS 13,3,7890.36,Credit Card,Dammam
3254,2024-08-31 00:00:00,5310.0,Accessory,Laptop Stand,-3,355.22,Debit Card,Dammam
3255,2024-03-18 00:00:00,5545.0,Phones,Samsung Galaxy S23,2,3501.2,Apple Pay,Riyadh
3256,2024-03-22 00:00:00,5706.0,Cameras,Nikon D3500,-5,2762.81,Apple Pay,Dammam
3257,2024-12-05,5773.0,Laptops,MacBook Air M2,2,5297.78,Apple Pay,Riyadh
3258,2024-07-14 00:00:00,5174.0,Phones,Samsung Galaxy S23,4,2609.31,Apple Pay,Makkah
3259,"August 13, 2024",5020.0,Phones ,Xiaomi Redmi Note 12,5,3021.09,Debit Card,Makkah
3260,10-17-2024,5378.0,TVs,Sony 65-inch Bravia,3,5824.17,Cash on Delivery,Riyadh
3261,2024-03-10 00:00:00,5153.0,Phones,Samsung Galaxy S23,5,3606.73,Cash on Delivery,Makkah
3262,11-20-2024,5363.0,Phones,Samsung Galaxy S23,3,4623.83,Cash on Delivery,Riyadh
3263,"January 09, 2024",5373.0,Cameras,Nikon D3500,-5,2496.17,Apple Pay,Jeddah
3264,19/09/2024,5326.0,Accessory,USB-C Cable,3,254.62,Credit Card,Makkah
3265,2024-11-28 00:00:00,5459.0,Laptops,MacBook Air M2 ,2,6603.5,Cash on Delivery,Dammam
3266,2024-01-21 00:00:00,5340.0,TVs,LG 43-inch UHD,3,4876.83,Apple Pay,Riyadh
3267,07-03-2024,5019.0,CAMERAS ,  Canon EOS 200D  ,5,3429.48,Credit Card,Madinah
3268,2024-04-12 00:00:00,5036.0,Accessory,Laptop Stand   ,4,117.85,Apple Pay,Makkah
3269,2024-06-20 00:00:00,5724.0,Accessories,Laptop Stand,3,219.57,Apple Pay,Makkah
3270,2024-06-26,,Accessories,USB-C Cable,3,68.56,Debit Card,Makkah
3271,2024-08-18 00:00:00,5116.0,Accessories,Wireless Mouse,1,172.27,Cash on Delivery,Madinah
3272,2024-02-24 00:00:00,5382.0,Phones,Samsung Galaxy S23,2,3206.83,Credit Card,Jeddah
3273,19/10/2024,5009.0,Phones,Samsung Galaxy S23,2,3782.78,Credit Card,Riyadh
3274,2024-11-12 00:00:00,5641.0,Phones,Xiaomi Redmi Note 12,1,4826.86,Debit Card,Madinah
3275,2024-06-18 00:00:00,5721.0,TVs,Sony 65-inch Bravia,1,4923.39,Credit Card,Riyadh
3276,2024-02-11 00:00:00,5003.0,Laptops,Dell XPS 13,2,7333.36,Credit Card,Riyadh
3277,29/04/2024,5396.0,TVs,Sony 65-inch Bravia,2,4432.58,Credit Card,Riyadh
3278,2024-08-31 00:00:00,5723.0,Accessories,USB-C Cable,2,264.62,Apple Pay,Madinah
3279,2024-05-27 00:00:00,5189.0,Laptops,Lenovo ThinkPad E14,5,2961.06,Credit Card,Makkah
3280,2024-10-02,5147.0,cameras,Canon EOS 200D  ,2,1815.81,Debit Card,Dammam
3281,2024-04-06 00:00:00,5191.0,Cameras,GoPro Hero 11,1,2202.67,Credit Card,Jeddah
3282,2024-03-24 00:00:00,5422.0,Accessories,USB-C Cable,4,204.82,Cash on Delivery,Madinah
3283,2024-05-26 00:00:00,5353.0,Cameras,GoPro Hero 11,2,1064.34,Apple Pay,Dammam
3284,2024-12-01,5066.0,Laptops,MacBook Air M2,3,3410.16,Cash on Delivery,
3285,2024-09-09 00:00:00,5773.0,Phones, iPhone 14 ,3,2468.85,Credit Card,Madinah
3286,2024-12-11 00:00:00,5326.0,TVs,Samsung 55-inch QLED,4,6851.97,Credit Card,Riyadh
3287,23/12/2024,5268.0,Cameras,Nikon D3500,5,2092.85,Credit Card,Madinah
3288,2024-07-02 00:00:00,5307.0,Accessories,Laptop Stand,4,208.36,Cash on Delivery,Makkah
3289,06-10-2024,5174.0,TVs,LG 43-inch UHD,2,2819.71,Debit Card,Madinah
3290,2024-07-28 00:00:00,,Phones,   Xiaomi Redmi Note 12,4,3637.73,Apple Pay,Dammam
3291,2024-08-19 00:00:00,5429.0,TVs,LG 43-inch UHD,-2,3259.55,Debit Card,Makkah
3292,2024-06-11 00:00:00,5374.0,Phones,Samsung Galaxy S23,4,2224.47,Debit Card,Makkah
3293,2024-12-04 00:00:00,5188.0,PHONES,Oppo Reno 8,2,3308.0,Debit Card,Madinah
3294,2024-01-09 00:00:00,5277.0,Laptops,MacBook Air M2,4,2535.79,Apple Pay,Jeddah
3295,2024-01-12 00:00:00,5310.0,Accessories,USB-C Cable,4,32.84,Apple Pay,Jeddah
3296,2024-04-26 00:00:00,5741.0,Cameras,Nikon D3500,2,1688.65,Apple Pay,Madinah
3297,2024-08-10 00:00:00,5361.0,TVs,LG 43-inch UHD,2,1990.95,Apple Pay,Riyadh
3298,2024-06-14 00:00:00,5240.0,Phones,iPhone 14 ,4,1878.09,Cash on Delivery,Jeddah
3299,2024-04-20 00:00:00,5315.0,Cameras,Nikon D3500,4,49987.110935600824,Apple Pay,Riyadh
3300,2024-11-18 00:00:00,,Laptops,HP Pavilion 15,3,7716.81,Apple Pay,Madinah
3301,28/09/2024,5705.0,Cameras,Canon EOS 200D,3,2959.38,Cash on Delivery,Dammam
3302,"October 16, 2024",5457.0,Laptops,HP Pavilion 15,4,5832.34,Credit Card,Riyadh
3303,2024-05-06 00:00:00,5320.0,Accessories,Laptop Stand,2,138.59,Cash on Delivery,Jeddah
3304,2024-10-11 00:00:00,5130.0,TVs,LG 43-inch UHD,3,6645.12,Cash on Delivery,Jeddah
3305,2024-12-28 00:00:00,5500.0,Accessories,USB-C Cable ,-5,176.9,Debit Card,Jeddah
3306,2024-01-10,5768.0,Cameras,Nikon D3500,-3,1213.53,Credit Card,Makkah
3307,"February 11, 2024",5617.0,Laptops,HP Pavilion 15,5,6510.93,Apple Pay,
3308,2024-08-18 00:00:00,5728.0,Accessories,Wireless Mouse,4,72.12,Debit Card,Dammam
3309,31/01/2024,5648.0,Laptops,HP Pavilion 15,4,4743.95,Debit Card,Jeddah
3310,2024-07-01 00:00:00,5149.0,Phones,Xiaomi Redmi Note 12,5,3275.94,Apple Pay,Madinah
3311,2024-09-05 00:00:00,5611.0,Accessories,Bluetooth Headphones,3,353.46,,Jeddah
3312,"May 31, 2024",5516.0,Cameras,Canon EOS 200D,1,2676.77,Debit Card,Madinah
3313,2024-07-11 00:00:00,5267.0,Accessories,USB-C Cable,4,289.84,Credit Card,Dammam
3314,2024-05-31 00:00:00,5080.0,Laptops,Dell XPS 13,1,8953.31,Credit Card,Makkah
3315,2024-03-16,5160.0,Accessories,Laptop Stand,4,78.65,Apple Pay,Madinah
3316,2024-06-09 00:00:00,5282.0,Cameras,Nikon D3500,1,1889.03,Cash on Delivery,
3317,2024-05-25 00:00:00,5017.0,Laptops,Lenovo ThinkPad E14  ,2,5064.74,Debit Card,Dammam
3318,"June 16, 2024",5145.0,phones,iPhone 14,5,2976.4,Apple Pay,Dammam
3319,2024-10-08 00:00:00,5405.0,Accessories, Laptop Stand ,1,182.08,Apple Pay,Dammam
3320,09-11-2024,5579.0,Laptops,HP Pavilion 15,1,8399.47,Cash on Delivery,Dammam
3321,"September 18, 2024",5065.0,Cameras,Canon EOS 200D,-1,3470.52,Debit Card,Makkah
3322,2024-03-18 00:00:00,5094.0,Phones,Samsung Galaxy S23,1,3627.67,Debit Card,Jeddah
3323,2024-06-22 00:00:00,5768.0,Accessories,Bluetooth Headphones,1,144.47,Apple Pay,Dammam
3324,2024-07-24 00:00:00,5426.0,Phones,Oppo Reno 8,5,4383.27,,Madinah
3325,2024-03-20 00:00:00,5459.0,TVs,Sony 65-inch Bravia,5,6766.31,Credit Card,Jeddah
3326,2024-05-13 00:00:00,5660.0,laptops,MacBook Air M2,2,7837.79,Debit Card,Riyadh
3327,2024-01-27 00:00:00,5043.0,Cameras,Canon EOS 200D  ,-2,905.63,Apple Pay,Riyadh
3328,2024-03-19 00:00:00,5396.0,Laptops,Dell XPS 13,2,6636.61,Cash on Delivery,Dammam
3329,2024-09-18 00:00:00,5685.0,TVs,Samsung 55-inch QLED,3,2065.9,Apple Pay,Riyadh
3330,2024-02-04 00:00:00,5036.0,TVs,Sony 65-inch Bravia,1,3139.56,Debit Card,Madinah
3331,10-25-2024,5718.0,Laptops,Dell XPS 13,4,2886.91,Credit Card,Dammam
3332,2024-09-17 00:00:00,5155.0,Phones ,Xiaomi Redmi Note 12,2,3613.28,Apple Pay,Jeddah
3333,17/11/2024,5569.0, Cameras,Canon EOS 200D,5,3371.72,Cash on Delivery,Dammam
3334,2024-03-22 00:00:00,5200.0,ACCESSORIES, Laptop Stand,2,72.36,Cash on Delivery,Dammam
3335,2024-07-20,5029.0,Accessory,Bluetooth Headphones,1,172.02,Cash on Delivery,Makkah
3336,11-29-2024,5189.0,TVs,Sony 65-inch Bravia  ,5,4172.43,Apple Pay,Jeddah
3337,2024-07-17 00:00:00,5777.0,Phones,iPhone 14,1,2791.69,Debit Card,Jeddah
3338,2024-06-01 00:00:00,5474.0,CAMERAS ,GoPro Hero 11,2,1335.69,Cash on Delivery,Dammam
3339,2024-10-17 00:00:00,5024.0,Phones,Samsung Galaxy S23,3,2966.32,Debit Card,Madinah
3340,2024-04-20 00:00:00,5511.0,Accessories,Wireless Mouse  ,2,307.94,Cash on Delivery,Jeddah
3341,2024-06-16 00:00:00,5771.0,TVs,Sony 65-inch Bravia   ,4,2169.24,Apple Pay,Madinah
3342,02/09/2024,5079.0,Laptops,Lenovo ThinkPad E14 ,5,3021.17,Cash on Delivery,Jeddah
3343,01/01/2024,5280.0,Cameras,Canon EOS 200D,1,2177.18,Credit Card,Riyadh
3344,"August 15, 2024",5054.0,Phones,Xiaomi Redmi Note 12,4,4796.04,Debit Card,Riyadh
3345,2024-11-26 00:00:00,5077.0,ACCESSORIES,USB-C Cable,2,277.37,Apple Pay,Dammam
3346,2024-11-30 00:00:00,5122.0, Accessories ,Laptop Stand,1,281.11,Cash on Delivery,Riyadh
3347,05-14-2024,5651.0,Accessories,USB-C Cable,4,163.91,Debit Card,Riyadh
3348,2024-03-30 00:00:00,5742.0, Phones,Oppo Reno 8,1,3577.81,Credit Card,Riyadh
3349,2024-10-23 00:00:00,5023.0,Laptops,   Lenovo ThinkPad E14   ,5,2565.85,Cash on Delivery,Dammam
3350,2024-02-02 00:00:00,5407.0,Cameras,Nikon D3500,2,3189.95,Debit Card,Riyadh
3351,2024-01-20 00:00:00,5422.0,TVs,   Samsung 55-inch QLED   ,4,6549.09,Apple Pay,Makkah
3352,2024-10-22 00:00:00,5726.0,Laptops,MacBook Air M2,1,6481.73,Credit Card,Dammam
3353,2024-04-13 00:00:00,5192.0,Accessories,Laptop Stand,3,353.27,Credit Card,Dammam
3354,2024-01-01 00:00:00,5719.0,LAPTOPS,Lenovo ThinkPad E14,1,7205.82,Apple Pay,Madinah
3355,25/01/2024,5612.0,TVs,Samsung 55-inch QLED,3,2426.9,Cash on Delivery,Riyadh
3356,2024-08-29,5674.0,Accessories,Laptop Stand,5,363.91,Debit Card,Dammam
3357,2024-06-13 00:00:00,5594.0,ACCESSORIES,USB-C Cable,3,54.58,Apple Pay,Jeddah
3358,27/08/2024,5688.0,TVs,LG 43-inch UHD,-3,4576.63,Cash on Delivery,Jeddah
3359,2024-10-04 00:00:00,5088.0,TVs,Sony 65-inch Bravia,4,2539.11,Cash on Delivery,Makkah
3360,2024-03-11 00:00:00,5461.0,Cameras,Nikon D3500,3,942.14,Cash on Delivery,Makkah
3361,2024-03-25 00:00:00,5640.0,CAMERAS ,GoPro Hero 11,1,2419.32,Cash on Delivery,Madinah
3362,2024-10-03 00:00:00,5709.0,Laptops,HP Pavilion 15,2,4417.76,Debit Card,Jeddah
3363,2024-08-02 00:00:00,5106.0,TVs,Samsung 55-inch QLED,1,4327.2,Credit Card,Madinah
3364,"October 05, 2024",5700.0,Cameras,Canon EOS 200D,5,2977.92,Debit Card,Jeddah
3365,2024-02-29 00:00:00,5404.0,Accessories,Laptop Stand,3,46.18,Cash on Delivery,Madinah
3366,2024-07-20 00:00:00,5704.0,Cameras,  GoPro Hero 11  ,2,1342.81,Cash on Delivery,Makkah
3367,2024-11-23 00:00:00,5733.0,Phones,Samsung Galaxy S23,4,3455.25,Debit Card,Jeddah
3368,2024-09-10 00:00:00,5247.0,Phones,iPhone 14   ,2,2701.09,Credit Card,Dammam
3369,2024-04-17 00:00:00,5024.0, TVs,LG 43-inch UHD,5,5591.7,Credit Card,Jeddah
3370,2024-05-31 00:00:00,5794.0,Phones,iPhone 14,1,3783.02,Debit Card,Jeddah
3371,2024-05-09 00:00:00,5366.0,Phones,iPhone 14,4,4459.62,Credit Card,Makkah
3372,2024-12-23 00:00:00,5397.0,TV,  Samsung 55-inch QLED,5,5400.96,Cash on Delivery,Dammam
3373,2024-06-04 00:00:00,5607.0,accessories,USB-C Cable,4,189.07,Apple Pay,Madinah
3374,2024-01-17 00:00:00,5031.0,Phones,Oppo Reno 8,4,3855.38,Cash on Delivery,Dammam
3375,2024-07-15 00:00:00,5705.0,Accessories,Laptop Stand,5,131.89,Credit Card,
3376,2024-06-28 00:00:00,5039.0,Cameras,GoPro Hero 11,4,2002.73,Credit Card,Makkah
3377,2024-08-31 00:00:00,5251.0,TVs,Samsung 55-inch QLED,3,5902.72,Credit Card,Riyadh
3378,2024-07-13 00:00:00,5480.0,Phones,Oppo Reno 8,-3,3062.47,Debit Card,Madinah
3379,2024-06-07 00:00:00,5628.0,Phones,Xiaomi Redmi Note 12,5,4294.33,Apple Pay,Jeddah
3380,2024-01-06 00:00:00,5455.0,TVs,Samsung 55-inch QLED,2,6076.6,Credit Card,Madinah
3381,2024-08-25 00:00:00,5669.0,Phones,Samsung Galaxy S23,3,4501.47,Apple Pay,Madinah
3382,"October 26, 2024",5462.0,PHONES,Xiaomi Redmi Note 12,1,4708.22,,Jeddah
3383,2024-01-21 00:00:00,5112.0,Accessories,USB-C Cable,3,189.46,Cash on Delivery,Makkah
3384,2024-04-11 00:00:00,5005.0,Laptops,MacBook Air M2,4,4572.63,Apple Pay,Jeddah
3385,2024-11-30 00:00:00,5309.0,TVs,Sony 65-inch Bravia,2,4827.43,Apple Pay,Riyadh
3386,23/06/2024,5730.0,Laptops,Dell XPS 13,5,4912.62,Apple Pay,Jeddah
3387,2024-02-29 00:00:00,5135.0,TV,Sony 65-inch Bravia,1,4925.59,Debit Card,Jeddah
3388,2024-01-13 00:00:00,5715.0,Cameras,GoPro Hero 11,-4,3440.11,Apple Pay,Dammam
3389,2024-12-28 00:00:00,,TVs,Samsung 55-inch QLED,5,5379.71,Cash on Delivery,Madinah
3390,2024-01-18 00:00:00,5718.0,TVs,LG 43-inch UHD,3,3747.68,Apple Pay,Madinah
3391,2024-02-03 00:00:00,5486.0,TVs,Samsung 55-inch QLED,1,2667.67,Cash on Delivery,Dammam
3392,2024-05-04 00:00:00,5165.0,Tvs ,Sony 65-inch Bravia,2,4038.75,Credit Card,Riyadh
3393,2024-12-06 00:00:00,5382.0,Phones,Samsung Galaxy S23,2,1999.08,Apple Pay,Madinah
3394,01/09/2024,5423.0,Cameras,   Nikon D3500   ,1,4104.35,Debit Card,Madinah
3395,2024-04-28,,Phones ,iPhone 14,2,2710.57,Debit Card,Dammam
3396,07-09-2024,5537.0,TVs,Samsung 55-inch QLED,1,2603.19,Credit Card,Riyadh
3397,2024-06-04 00:00:00,5491.0,accessories,   Wireless Mouse   ,2,39.42,Cash on Delivery,Jeddah
3398,2024-12-05 00:00:00,5219.0,LAPTOPS,Dell XPS 13,4,6697.85,Apple Pay,Makkah
3399,2024-07-17 00:00:00,5683.0,Phones,Samsung Galaxy S23,5,3729.16,,Jeddah
3400,2024-04-02,5168.0,Laptops,Dell XPS 13,4,4713.93,Credit Card,Madinah
3401,11-16-2024,5416.0,Laptops,Lenovo ThinkPad E14,3,2966.13,,Dammam
3402,2024-01-22 00:00:00,5197.0,Phones,Oppo Reno 8,3,2933.7,Apple Pay,Riyadh
3403,2024-08-18 00:00:00,5490.0,Accessories,Laptop Stand,5,145.15,Debit Card,Jeddah
3404,2024-07-27 00:00:00,5533.0,Cameras,GoPro Hero 11,-2,3337.63,Debit Card,Madinah
3405,2024-02-08 00:00:00,5067.0,Accessories,Laptop Stand,4,254.14,Credit Card,Makkah
3406,2024-12-26 00:00:00,5284.0, Cameras,Canon EOS 200D,2,2212.54,Credit Card,Dammam
3407,2024-08-25 00:00:00,5619.0,TVs,   LG 43-inch UHD   ,3,2933.04,Cash on Delivery,Madinah
3408,08-28-2024,5775.0,Accessories,Bluetooth Headphones,5,395.57,Apple Pay,Makkah
3409,2024-10-13 00:00:00,5345.0, Cameras,GoPro Hero 11,5,2534.41,Debit Card,Makkah
3410,2024-06-24 00:00:00,5644.0,Phones,Oppo Reno 8,5,3908.96,Credit Card,Dammam
3411,2024-05-27 00:00:00,5331.0,Accessories,Bluetooth Headphones,5,82.0,Debit Card,
3412,2024-06-27 00:00:00,5530.0,Laptops,Dell XPS 13,3,5656.33,Debit Card,Dammam
3413,2024-05-15 00:00:00,5786.0,TVs,LG 43-inch UHD,5,1943.19,Apple Pay,Jeddah
3414,2024-12-18 00:00:00,5729.0,Cameras,Canon EOS 200D,3,2719.64,Debit Card,Dammam
3415,2024-06-13 00:00:00,5532.0,Camera,GoPro Hero 11,2,4370.46,Apple Pay,Madinah
3416,2024-05-29 00:00:00,5648.0,laptops,MacBook Air M2,2,4997.34,Debit Card,Madinah
3417,2024-11-27 00:00:00,5401.0,Accessories,USB-C Cable,4,44.43,Cash on Delivery,Jeddah
3418,05-18-2024,5349.0,tvs,Sony 65-inch Bravia  ,5,1960.97,Apple Pay,Madinah
3419,2024-11-06 00:00:00,5385.0,Laptops,HP Pavilion 15,1,5021.91,Cash on Delivery,Riyadh
3420,02-01-2024,5506.0,Cameras,Nikon D3500,1,1476.09,Debit Card,Dammam
3421,10-25-2024,5272.0,TVs,Sony 65-inch Bravia,-3,1921.43,Apple Pay,Jeddah
3422,"November 17, 2024",5447.0,Phones,Oppo Reno 8,-4,97780.10862408731,Credit Card,Makkah
3423,2024-03-02 00:00:00,5370.0, TVs,LG 43-inch UHD,2,4184.32,Debit Card,Riyadh
3424,2024-02-05 00:00:00,5548.0,Phones,iPhone 14,3,2512.36,Credit Card,Madinah
3425,2024-02-19 00:00:00,5676.0, Accessories ,   USB-C Cable   ,4,363.03,Debit Card,Riyadh
3426,2024-01-06 00:00:00,5736.0,CAMERAS ,Canon EOS 200D,1,1318.1,Cash on Delivery,Madinah
3427,2024-08-08 00:00:00,5633.0,Accessories,Bluetooth Headphones,2,383.69,Debit Card,Jeddah
3428,2024-05-16 00:00:00,5155.0,Cameras,GoPro Hero 11,5,2030.28,Cash on Delivery,Jeddah
3429,2024-04-22 00:00:00,5554.0,Phones,Xiaomi Redmi Note 12,2,4609.41,Apple Pay,Jeddah
3430,23/03/2024,5127.0,Cameras,Canon EOS 200D,1,3070.59,Cash on Delivery,Makkah
3431,2024-07-27 00:00:00,5624.0,Phones,Samsung Galaxy S23,2,4393.48,Debit Card,Makkah
3432,2024-04-22 00:00:00,5244.0,Laptops,Dell XPS 13,3,8896.09,Credit Card,Riyadh
3433,2024-10-23 00:00:00,5218.0,Accessories,Laptop Stand   ,5,136.71,Apple Pay,Makkah
3434,2024-02-11 00:00:00,5153.0,LAPTOPS,MacBook Air M2  ,4,8747.38,Apple Pay,Makkah
3435,13/07/2024,5689.0,TVs,Sony 65-inch Bravia,-1,3825.31,Cash on Delivery,Jeddah
3436,2024-09-25 00:00:00,5511.0,TVs,LG 43-inch UHD,3,3804.66,Cash on Delivery,Riyadh
3437,2024-07-17 00:00:00,5147.0,Cameras,GoPro Hero 11,4,2125.39,Debit Card,Dammam
3438,"March 27, 2024",5321.0,Phones,Oppo Reno 8,-4,3394.93,Debit Card,Jeddah
3439,05-20-2024,5388.0,Accessories,Laptop Stand,2,87.03,Cash on Delivery,Jeddah
3440,2024-01-13 00:00:00,5463.0,Cameras,Nikon D3500,5,2893.36,Debit Card,Riyadh
3441,2024-10-19 00:00:00,5020.0,Phones,Oppo Reno 8,3,3395.97,Cash on Delivery,Makkah
3442,2024-08-16 00:00:00,5261.0,TVs,LG 43-inch UHD,4,5761.89,Credit Card,Makkah
3443,17/05/2024,5161.0,Accessories,USB-C Cable,3,338.45,Cash on Delivery,Makkah
3444,2024-10-26 00:00:00,,Laptops,Dell XPS 13,5,5362.87,Debit Card,Riyadh
3445,2024-04-27 00:00:00,5630.0,Accessories,   Wireless Mouse   ,1,141.86,Debit Card,Riyadh
3446,2024-05-08 00:00:00,5152.0,Cameras,Canon EOS 200D,-1,1833.61,Cash on Delivery,Makkah
3447,2024-08-11 00:00:00,5419.0,Accessories,USB-C Cable,3,102.01,Debit Card,Jeddah
3448,2024-09-23 00:00:00,,Accessories,USB-C Cable,-1,51.33,Debit Card,Riyadh
3449,2024-05-27 00:00:00,5171.0,Phone,Samsung Galaxy S23,5,2698.57,Apple Pay,Makkah
3450,2024-04-10 00:00:00,5791.0,Laptops,MacBook Air M2,5,4256.61,Credit Card,Riyadh
3451,2024-04-01 00:00:00,5566.0,PHONES,Xiaomi Redmi Note 12,5,4882.46,Credit Card,Makkah
3452,2024-03-19 00:00:00,5008.0,accessories,USB-C Cable,5,236.35,Debit Card,Jeddah
3453,"May 19, 2024",5516.0,Accessories,USB-C Cable,5,158.49,Credit Card,Madinah
3454,2024-03-10 00:00:00,5159.0,Phones,Oppo Reno 8,2,3531.64,Credit Card,Makkah
3455,2024-11-07 00:00:00,5251.0,Laptops,Dell XPS 13,3,3404.78,Cash on Delivery,Makkah
3456,2024-12-29 00:00:00,5655.0,TVs,Samsung 55-inch QLED,1,4109.03,Debit Card,Jeddah
3457,2024-02-04 00:00:00,5294.0,Cameras,Canon EOS 200D,-4,3154.44,Debit Card,Riyadh
3458,2024-09-07 00:00:00,5477.0,TVs,Sony 65-inch Bravia,4,4342.27,Apple Pay,Madinah
3459,2024-11-06 00:00:00,5536.0,Cameras,Nikon D3500,5,2346.4,Apple Pay,Dammam
3460,14/09/2024,5211.0,TVs,Samsung 55-inch QLED,4,6968.01,Debit Card,Riyadh
3461,2024-06-01 00:00:00,5384.0,Phones,Xiaomi Redmi Note 12,1,4581.1,Apple Pay,Makkah
3462,2024-01-13 00:00:00,5768.0, Accessories ,Bluetooth Headphones,3,260.66,Apple Pay,Jeddah
3463,2024-08-10 00:00:00,5776.0,Phones,Samsung Galaxy S23,2,3492.82,Apple Pay,Madinah
3464,2024-07-21,5232.0,Laptops,HP Pavilion 15,2,6534.29,Debit Card,Riyadh
3465,"June 09, 2024",5380.0,TVs,LG 43-inch UHD,4,2846.82,Apple Pay,Makkah
3466,2024-03-07 00:00:00,5149.0,laptops,Lenovo ThinkPad E14,4,5068.4,Credit Card,Jeddah
3467,2024-07-10 00:00:00,5395.0,phones,Xiaomi Redmi Note 12,1,1638.11,Cash on Delivery,Makkah
3468,2024-11-02 00:00:00,5564.0,TVs,Samsung 55-inch QLED,3,4272.84,Cash on Delivery,Madinah
3469,"September 02, 2024",5198.0,TVs,  Samsung 55-inch QLED  ,1,-5.7,Cash on Delivery,Dammam
3470,2024-01-06 00:00:00,5276.0,Accessories,USB-C Cable ,1,114.27,Debit Card,Madinah
3471,2024-09-17 00:00:00,5459.0,Phones,iPhone 14,2,4874.1,Cash on Delivery,Riyadh
3472,2024-11-09 00:00:00,5334.0,TVs,LG 43-inch UHD,4,6529.16,Cash on Delivery,Madinah
3473,2024-01-27,,Accessories,Bluetooth Headphones,5,297.19,Credit Card,Makkah
3474,20/09/2024,5386.0,TV,   LG 43-inch UHD   ,1,4573.61,Credit Card,Jeddah
3475,21/11/2024,5780.0,Accessories,Laptop Stand,3,351.89,Debit Card,Jeddah
3476,11-11-2024,5225.0,Laptops,MacBook Air M2,4,3349.24,Cash on Delivery,Makkah
3477,2024-06-04 00:00:00,5428.0,Phones,iPhone 14,1,4266.78,Debit Card,
3478,2024-08-01 00:00:00,5581.0,cameras,Canon EOS 200D,2,1349.35,Apple Pay,Madinah
3479,2024-01-01 00:00:00,5271.0,ACCESSORIES,USB-C Cable,1,323.86,Debit Card,Riyadh
3480,2024-04-22 00:00:00,,Tvs ,Samsung 55-inch QLED,4,3233.99,Debit Card,Makkah
3481,2024-06-24 00:00:00,5264.0,Phones,Oppo Reno 8,5,4569.82,Cash on Delivery,Makkah
3482,2024-10-07 00:00:00,5159.0,Cameras,GoPro Hero 11,3,4298.55,Cash on Delivery,
3483,2024-12-15 00:00:00,5022.0,Cameras,GoPro Hero 11,3,1435.67,Debit Card,Jeddah
3484,19/05/2024,5741.0,TVs,LG 43-inch UHD,-3,99175.09776647617,Cash on Delivery,Makkah
3485,2024-10-29 00:00:00,5151.0,TVs,Samsung 55-inch QLED,3,6901.13,Cash on Delivery,Riyadh
3486,22/04/2024,5100.0,Cameras,Canon EOS 200D,2,2640.27,Apple Pay,Jeddah
3487,2024-04-07,5580.0,Cameras,GoPro Hero 11,4,4008.77,Apple Pay,Makkah
3488,2024-02-11 00:00:00,5492.0,Accessories,Bluetooth Headphones,2,247.83,Debit Card,Madinah
3489,30/01/2024,5157.0,Phones,Xiaomi Redmi Note 12,4,2813.65,Apple Pay,Makkah
3490,2024-01-16 00:00:00,5315.0,TVs,LG 43-inch UHD,3,3286.07,Cash on Delivery,Riyadh
3491,2024-09-08 00:00:00,5440.0,Laptops,Lenovo ThinkPad E14,4,3820.95,Debit Card,Makkah
3492,04/05/2024,5163.0,Laptops,HP Pavilion 15,5,7451.69,Debit Card,Dammam
3493,2024-10-30,5084.0,Cameras,Nikon D3500,4,2291.55,Credit Card,Riyadh
3494,2024-03-17 00:00:00,5094.0, Phones,iPhone 14,5,3289.46,Apple Pay,Makkah
3495,02/01/2024,5136.0,Laptops,MacBook Air M2,4,5700.12,Debit Card,Riyadh
3496,13/12/2024,5169.0,Accessories,Bluetooth Headphones,3,243.59,,Riyadh
3497,"February 21, 2024",5629.0,Accessories,Bluetooth Headphones,1,350.26,,Riyadh
3498,2024-03-28 00:00:00,5273.0,PHONES,Samsung Galaxy S23,4,4932.59,Apple Pay,Riyadh
3499,2024-11-11 00:00:00,5291.0,Cameras,Nikon D3500,5,2367.3,Credit Card,Madinah
3500,2024-08-24 00:00:00,5658.0,Laptops,MacBook Air M2,5,7878.87,Cash on Delivery,Jeddah
3501,2024-09-11 00:00:00,5032.0,Cameras,Canon EOS 200D,5,3652.3,Debit Card,Dammam
3502,2024-12-06 00:00:00,5367.0,TVs,LG 43-inch UHD,2,4782.35,Apple Pay,Makkah
3503,2024-05-30 00:00:00,5316.0,Cameras,Nikon D3500,-4,4341.77,Apple Pay,Jeddah
3504,2024-05-03 00:00:00,5037.0,Accessories,USB-C Cable,4,104.18,Debit Card,Jeddah
3505,2024-10-27 00:00:00,5459.0,phones,iPhone 14,1,1882.42,Debit Card,Riyadh
3506,2024-02-07 00:00:00,5593.0, Laptops,   Dell XPS 13,3,189836.1872563745,Cash on Delivery,Dammam
3507,2024-08-10 00:00:00,5746.0,Laptops,Lenovo ThinkPad E14,4,5354.47,Credit Card,Madinah
3508,2024-12-29,5372.0,CAMERAS , Nikon D3500,2,3949.09,Apple Pay,Riyadh
3509,2024-04-08 00:00:00,5032.0,Laptops,Lenovo ThinkPad E14,3,8305.09,Credit Card,Riyadh
3510,2024-04-05 00:00:00,5726.0,Accessories,Laptop Stand,4,53.11,Apple Pay,Makkah
3511,2024-03-09 00:00:00,5769.0,Accessory,Laptop Stand,3,356.88,Apple Pay,Dammam
3512,"April 04, 2024",5425.0,Cameras,GoPro Hero 11,1,2513.95,Debit Card,Dammam
3513,2024-06-20 00:00:00,,phones,Oppo Reno 8,2,3286.51,Credit Card,Jeddah
3514,2024-09-10,5427.0,Cameras,GoPro Hero 11,3,3155.73,Debit Card,Jeddah
3515,2024-11-19 00:00:00,5381.0,Phones,iPhone 14,3,4742.34,Cash on Delivery,Madinah
3516,2024-02-23 00:00:00,5151.0,accessories,Wireless Mouse   ,4,37.07,Debit Card,Jeddah
3517,2024-09-28 00:00:00,5788.0,Accessories,Bluetooth Headphones,4,206.43,Debit Card,Makkah
3518,29/10/2024,5773.0,Phones,Oppo Reno 8  ,5,3907.03,Cash on Delivery,Madinah
3519,"May 25, 2024",5603.0,TV,Samsung 55-inch QLED,3,5558.08,Credit Card,Makkah
3520,2024-08-01 00:00:00,5605.0,phones,Oppo Reno 8,4,3923.86,Debit Card,Dammam
3521,2024-05-15 00:00:00,5684.0,Laptops, Lenovo ThinkPad E14,3,3373.83,Credit Card,Jeddah
3522,2024-07-21 00:00:00,5234.0, Cameras,Nikon D3500,3,1977.82,Credit Card,Madinah
3523,2024-08-18 00:00:00,5440.0,Phones,Samsung Galaxy S23,2,2755.5,Apple Pay,Riyadh
3524,2024-05-20 00:00:00,5513.0,Phones,   iPhone 14,5,4315.53,Apple Pay,Riyadh
3525,11/09/2024,5677.0,Accessories,Wireless Mouse,5,133.14,Debit Card,Madinah
3526,2024-02-29 00:00:00,5743.0,CAMERAS ,Nikon D3500,2,1658.54,Apple Pay,Madinah
3527,06/10/2024,5081.0,Accessories,  USB-C Cable  ,2,384.26,Credit Card,Makkah
3528,2024-09-02,5767.0,Accessories, USB-C Cable ,1,33.28,Credit Card,Jeddah
3529,2024-12-02 00:00:00,5165.0,Accessories,USB-C Cable  ,3,399.19,Cash on Delivery,Makkah
3530,2024-03-24 00:00:00,5316.0,TV,Samsung 55-inch QLED,3,5319.47,,Dammam
3531,2024-10-07 00:00:00,5124.0,Cameras,GoPro Hero 11,1,3882.49,Credit Card,Jeddah
3532,2024-02-03 00:00:00,5783.0,Phones,Samsung Galaxy S23,3,2531.17,Debit Card,Riyadh
3533,2024-03-03 00:00:00,5125.0,TVs,LG 43-inch UHD  ,5,1874.44,Apple Pay,Madinah
3534,2024-11-10 00:00:00,5094.0,TVs,Sony 65-inch Bravia,3,5636.92,Credit Card,Dammam
3535,07-17-2024,5635.0,Accessories,USB-C Cable,2,338.63,Cash on Delivery,Riyadh
3536,2024-03-24 00:00:00,5534.0,Phones,iPhone 14,2,4091.67,Cash on Delivery,Jeddah
3537,09/02/2024,5398.0,Cameras,Canon EOS 200D,3,1414.26,Credit Card,Dammam
3538,2024-09-19 00:00:00,5194.0,TVs,Samsung 55-inch QLED,4,5717.83,Debit Card,Jeddah
3539,2024-09-04 00:00:00,5672.0, Cameras,GoPro Hero 11,5,3668.12,Credit Card,Jeddah
3540,2024-08-22 00:00:00,5203.0, TVs,Sony 65-inch Bravia,4,5224.41,Cash on Delivery,Dammam
3541,2024-08-19 00:00:00,5363.0,Phones,iPhone 14,2,4181.41,Credit Card,Madinah
3542,2024-11-28 00:00:00,5322.0,Phones,Xiaomi Redmi Note 12,3,4460.73,Apple Pay,Riyadh
3543,2024-03-09,5139.0,Tvs ,Samsung 55-inch QLED,1,4990.74,Credit Card,Madinah
3544,2024-10-10 00:00:00,5639.0,Tvs ,LG 43-inch UHD,5,2260.74,Cash on Delivery,Riyadh
3545,2024-05-05 00:00:00,5039.0,Phones,Xiaomi Redmi Note 12,3,3206.7,,Dammam
3546,02-06-2024,5156.0,Phones,iPhone 14,2,1771.77,Cash on Delivery,Makkah
3547,2024-07-29 00:00:00,5510.0,Accessories,Bluetooth Headphones,1,180.79,Cash on Delivery,Riyadh
3548,27/07/2024,5335.0,ACCESSORIES,   Bluetooth Headphones   ,1,180.63,Credit Card,Dammam
3549,2024-03-11 00:00:00,5116.0,Laptops,MacBook Air M2,5,2929.06,Credit Card,Dammam
3550,2024-06-19 00:00:00,5590.0,Phones,Xiaomi Redmi Note 12,3,2720.87,Credit Card,Jeddah
3551,28/04/2024,5778.0,Laptops,MacBook Air M2,1,3221.49,Cash on Delivery,Dammam
3552,2024-02-10 00:00:00,5673.0,cameras,GoPro Hero 11,5,3809.65,Cash on Delivery,Madinah
3553,2024-07-25 00:00:00,5095.0,Accessories,Wireless Mouse,1,380.64,Cash on Delivery,Makkah
3554,2024-01-27 00:00:00,5602.0,Accessories,   Bluetooth Headphones   ,2,56.76,Credit Card,Riyadh
3555,2024-09-01 00:00:00,5415.0,Phones,iPhone 14,1,4842.9,,Dammam
3556,2024-05-15 00:00:00,5342.0, Cameras,   Canon EOS 200D,2,2781.28,Debit Card,Riyadh
3557,"November 28, 2024",5481.0, Laptops,Dell XPS 13,5,4447.18,Credit Card,Riyadh
3558,2024-03-27 00:00:00,,Laptop,Dell XPS 13,5,2999.6,Debit Card,Makkah
3559,2024-10-22 00:00:00,5243.0,Cameras,Nikon D3500,2,2702.25,Apple Pay,Madinah
3560,2024-04-18 00:00:00,5540.0,Phones,Oppo Reno 8,5,4280.8,Apple Pay,Jeddah
3561,"March 10, 2024",5294.0,Accessories,Bluetooth Headphones,4,291.62,Apple Pay,Madinah
3562,2024-11-11 00:00:00,5663.0,Accessories,USB-C Cable,1,48.58,Apple Pay,Dammam
3563,2024-01-01 00:00:00,5195.0,Cameras,Nikon D3500,1,1162.45,Apple Pay,Madinah
3564,2024-10-22 00:00:00,5135.0,Accessories,USB-C Cable,2,179.06,Credit Card,Jeddah
3565,2024-05-07 00:00:00,5136.0,Phones,Samsung Galaxy S23,1,2533.52,Credit Card,Makkah
3566,2024-02-27 00:00:00,5734.0,Laptops,HP Pavilion 15,5,4010.5,Credit Card,Jeddah
3567,2024-07-30,5457.0,Phones,iPhone 14,1,2483.52,Cash on Delivery,Jeddah
3568,2024-11-27 00:00:00,5420.0,Laptops,Dell XPS 13   ,1,7722.64,Cash on Delivery,Dammam
3569,2024-09-22 00:00:00,5650.0,TVs,Sony 65-inch Bravia,3,6631.99,Apple Pay,Jeddah
3570,2024-07-18 00:00:00,5501.0,Laptops,Dell XPS 13,3,5133.17,Debit Card,Jeddah
3571,"August 11, 2024",5443.0,TVs,LG 43-inch UHD,1,6511.78,Cash on Delivery,Riyadh
3572,2024-02-01 00:00:00,5296.0,TVs,Samsung 55-inch QLED,1,3471.78,Apple Pay,
3573,2024-02-26 00:00:00,,LAPTOPS,Lenovo ThinkPad E14,3,5596.84,Debit Card,Dammam
3574,2024-01-08 00:00:00,5465.0,Laptops,Lenovo ThinkPad E14,4,3969.19,Credit Card,
3575,2024-11-25 00:00:00,5704.0,Accessories,Bluetooth Headphones,-2,266.98,Apple Pay,Jeddah
3576,2024-07-18 00:00:00,5225.0, Accessories ,Laptop Stand,3,392.22,Debit Card,Makkah
3577,"January 09, 2024",5224.0,TVs,Samsung 55-inch QLED,2,4938.16,Apple Pay,Makkah
3578,2024-11-24 00:00:00,5738.0,Cameras,GoPro Hero 11,2,2188.13,Credit Card,Dammam
3579,19/12/2024,5317.0,Accessories,Bluetooth Headphones,1,269.69,Cash on Delivery,Madinah
3580,2024-02-02 00:00:00,5289.0,TVs,Samsung 55-inch QLED,5,2439.19,Credit Card,Jeddah
3581,2024-12-08 00:00:00,5541.0,Accessories,  USB-C Cable,5,358.8,Debit Card,Makkah
3582,2024-01-11 00:00:00,5349.0,Phones,Samsung Galaxy S23,3,3260.79,Apple Pay,Madinah
3583,2024-04-09 00:00:00,5738.0,Phones,Oppo Reno 8,2,3072.72,Credit Card,Dammam
3584,22/12/2024,5685.0,Tvs ,LG 43-inch UHD,3,4846.5,Debit Card,Makkah
3585,2024-10-15 00:00:00,5483.0,Cameras,GoPro Hero 11,3,3149.22,Credit Card,Makkah
3586,2024-05-05 00:00:00,5365.0,Cameras,Canon EOS 200D,3,1158.39,Credit Card,Dammam
3587,2024-09-29 00:00:00,5441.0,TVs,Samsung 55-inch QLED ,3,5349.61,Apple Pay,Jeddah
3588,2024-12-19 00:00:00,5140.0,Cameras,  Canon EOS 200D,1,1770.95,Credit Card,Madinah
3589,2024-01-23 00:00:00,5547.0,Laptops,Lenovo ThinkPad E14,2,7140.69,Apple Pay,Makkah
3590,2024-12-14 00:00:00,5226.0,phones,iPhone 14,5,4378.87,Apple Pay,Jeddah
3591,2024-07-08 00:00:00,5011.0,Laptops,Dell XPS 13,1,7725.73,Credit Card,Dammam
3592,2024-03-02 00:00:00,5095.0,Camera,Nikon D3500,3,2889.0,Apple Pay,Jeddah
3593,2024-11-09 00:00:00,5612.0,accessories,USB-C Cable,1,222.46,Credit Card,Dammam
3594,11-18-2024,5705.0,Cameras,GoPro Hero 11,2,1414.35,Credit Card,Makkah
3595,2024-12-02 00:00:00,5421.0,Accessories,USB-C Cable,1,316.88,Apple Pay,Jeddah
3596,2024-02-15,5284.0,Accessories,Wireless Mouse,5,130.42,Debit Card,Madinah
3597,2024-12-22 00:00:00,5569.0,Phones,Oppo Reno 8,3,3238.43,Cash on Delivery,Makkah
3598,2024-02-19 00:00:00,5197.0,Laptops,MacBook Air M2,5,4347.78,Credit Card,Dammam
3599,2024-04-29 00:00:00,5214.0,Laptops,Dell XPS 13,1,3369.88,Debit Card,Jeddah
3600,2024-05-31 00:00:00,5231.0,Laptops,Dell XPS 13 ,4,6592.13,Credit Card,Makkah
3601,2024-01-17 00:00:00,5642.0,Cameras,Canon EOS 200D,1,1095.6,Debit Card,Dammam
3602,2024-03-19 00:00:00,5387.0,Accessories,Laptop Stand,1,307.0,Debit Card,Makkah
3603,2024-07-10 00:00:00,5111.0,Phones,Samsung Galaxy S23,1,2611.55,Debit Card,Makkah
3604,2024-04-18 00:00:00,,Phones,Samsung Galaxy S23,1,1500.47,Debit Card,Makkah
3605,2024-12-24 00:00:00,5730.0,TVs,Samsung 55-inch QLED,2,4457.87,Cash on Delivery,Madinah
3606,2024-09-28,5161.0,Cameras,   GoPro Hero 11,5,1068.67,Cash on Delivery,Makkah
3607,2024-12-04 00:00:00,5435.0,Cameras,GoPro Hero 11,5,1894.21,Debit Card,Makkah
3608,2024-05-22 00:00:00,5219.0,Laptops,Lenovo ThinkPad E14  ,3,7095.35,Cash on Delivery,Madinah
3609,2024-07-26,5476.0,Phones, Samsung Galaxy S23,3,1719.41,Apple Pay,Madinah
3610,2024-12-21 00:00:00,5754.0,Phones,iPhone 14,2,4437.68,Credit Card,Jeddah
3611,2024-10-13 00:00:00,5729.0,Cameras,  Canon EOS 200D,4,913.75,Apple Pay,Madinah
3612,2024-09-22 00:00:00,5246.0,Laptops,MacBook Air M2,2,4104.36,Debit Card,Jeddah
3613,2024-05-03 00:00:00,5537.0,Phones,iPhone 14,5,4093.16,Credit Card,Dammam
3614,2024-05-12 00:00:00,5139.0,Cameras,Canon EOS 200D,3,2038.57,Cash on Delivery,Madinah
3615,2024-08-06 00:00:00,5225.0,Laptops,MacBook Air M2,4,3162.3,Debit Card,Jeddah
3616,2024-11-15 00:00:00,5738.0,Phones,Samsung Galaxy S23,4,2760.82,Credit Card,Makkah
3617,2024-06-13 00:00:00,5345.0,Cameras,Canon EOS 200D,4,1873.42,Debit Card,Dammam
3618,2024-01-06 00:00:00,5085.0,Phones,  iPhone 14  ,1,4449.49,Credit Card,Riyadh
3619,2024-11-22 00:00:00,5704.0,Accessories,USB-C Cable,5,145.94,Credit Card,Riyadh
3620,2024-02-20 00:00:00,5645.0,laptops,Lenovo ThinkPad E14,4,7628.06,Cash on Delivery,Riyadh
3621,03-17-2024,5688.0,Cameras,Canon EOS 200D,3,4110.74,Cash on Delivery,Makkah
3622,2024-05-29 00:00:00,5558.0, Phones,Xiaomi Redmi Note 12,3,71172.74218764098,Debit Card,
3623,27/05/2024,5179.0,Laptops,Lenovo ThinkPad E14,4,8414.63,Credit Card,Jeddah
3624,2024-06-09,5519.0,Accessories,Wireless Mouse,4,169.61,Apple Pay,
3625,2024-01-14 00:00:00,5677.0,TVs,LG 43-inch UHD   ,1,6813.21,Credit Card,Riyadh
3626,2024-07-12,5370.0,Accessories,USB-C Cable,3,63.04,Cash on Delivery,Riyadh
3627,2024-09-28 00:00:00,5576.0,Cameras,Nikon D3500,2,3373.27,Apple Pay,Makkah
3628,2024-07-30 00:00:00,5233.0,Phones,Samsung Galaxy S23,2,3228.35,Cash on Delivery,Madinah
3629,2024-12-04,5174.0,Accessories,Bluetooth Headphones,1,173.43,Cash on Delivery,Dammam
3630,2024-01-22 00:00:00,,Cameras,Nikon D3500,5,3177.76,Credit Card,Makkah
3631,2024-05-03 00:00:00,5363.0,TVs,Samsung 55-inch QLED,4,5460.06,Apple Pay,Madinah
3632,2024-03-05 00:00:00,5048.0,Phones,Samsung Galaxy S23,1,1515.27,Credit Card,Dammam
3633,2024-05-09 00:00:00,,Phone,Oppo Reno 8,5,2084.34,Credit Card,Madinah
3634,2024-11-16 00:00:00,5485.0,Phones,Xiaomi Redmi Note 12,3,3995.66,Debit Card,Madinah
3635,2024-09-21 00:00:00,5541.0,TVs,Samsung 55-inch QLED,2,5265.2,Apple Pay,Jeddah
3636,2024-05-17 00:00:00,5144.0,Phones,Oppo Reno 8,2,4881.17,Debit Card,Riyadh
3637,2024-12-13 00:00:00,5585.0,TVs,Sony 65-inch Bravia,3,5757.4,Debit Card,Madinah
3638,"January 06, 2024",5429.0,Accessories,  Laptop Stand  ,2,381.79,Credit Card,Jeddah
3639,"September 27, 2024",5317.0,laptops,HP Pavilion 15,4,7066.51,Debit Card,Riyadh
3640,2024-08-24 00:00:00,5646.0,Accessories,Wireless Mouse,1,140.28,Apple Pay,Dammam
3641,2024-06-30 00:00:00,5191.0,TVs,Samsung 55-inch QLED,3,2347.9,Cash on Delivery,Riyadh
3642,2024-12-11 00:00:00,5699.0,TVs,Samsung 55-inch QLED,3,5865.48,Cash on Delivery,
3643,2024-04-08 00:00:00,5386.0,Laptops,HP Pavilion 15,1,6686.97,Credit Card,Makkah
3644,2024-05-23 00:00:00,5748.0,ACCESSORIES,Laptop Stand,3,47.83,Credit Card,Jeddah
3645,2024-05-03 00:00:00,5339.0,Phones,Xiaomi Redmi Note 12,5,2760.18,Debit Card,
3646,2024-11-08 00:00:00,,Laptops,Lenovo ThinkPad E14,1,8719.2,Cash on Delivery,Riyadh
3647,2024-05-02 00:00:00,5783.0,Phones,Xiaomi Redmi Note 12,2,3251.4,Debit Card,Jeddah
3648,2024-09-26 00:00:00,5404.0,Accessories,USB-C Cable,3,190.11,Cash on Delivery,Riyadh
3649,2024-02-22,5465.0,Laptops,Dell XPS 13,1,5475.05,Credit Card,Madinah
3650,2024-03-04 00:00:00,5203.0,CAMERAS ,Nikon D3500  ,5,1651.98,Credit Card,Madinah
3651,2024-11-19 00:00:00,5137.0,Laptops,MacBook Air M2,2,4896.6,Apple Pay,Jeddah
3652,2024-06-14 00:00:00,5035.0,TVs,   Sony 65-inch Bravia   ,2,3723.03,Credit Card,Makkah
3653,2024-11-09 00:00:00,5398.0,Phones,iPhone 14,5,1683.24,Apple Pay,Dammam
3654,2024-09-13 00:00:00,5189.0,Phones,Oppo Reno 8,-4,98717.17536713216,Credit Card,Riyadh
3655,"January 16, 2024",5797.0,LAPTOPS,MacBook Air M2,5,5207.28,Credit Card,Dammam
3656,2024-10-08,5704.0,TVs,Samsung 55-inch QLED,2,6075.34,Credit Card,Jeddah
3657,2024-08-29 00:00:00,5610.0,TVs,LG 43-inch UHD ,4,6221.81,Cash on Delivery,Dammam
3658,2024-01-02 00:00:00,5376.0,Phones,Oppo Reno 8,5,2241.98,Debit Card,Makkah
3659,2024-03-09 00:00:00,5618.0,Cameras,Nikon D3500,1,3266.47,,Dammam
3660,2024-09-26 00:00:00,5552.0,Phones,iPhone 14,5,3152.99,Cash on Delivery,Riyadh
3661,2024-04-28 00:00:00,5027.0,Accessories,USB-C Cable,4,355.66,Apple Pay,Dammam
3662,27/07/2024,5220.0,Cameras,   Canon EOS 200D   ,2,1676.67,Debit Card,
3663,15/09/2024,5462.0,Cameras,GoPro Hero 11,2,3340.13,Credit Card,Jeddah
3664,2024-06-21 00:00:00,5261.0,Accessories,Bluetooth Headphones,4,254.87,Credit Card,Riyadh
3665,03/07/2024,5375.0,Phones,Xiaomi Redmi Note 12,5,2533.56,Apple Pay,Riyadh
3666,2024-05-01 00:00:00,5445.0,Phones,Xiaomi Redmi Note 12,4,1978.1,Apple Pay,Makkah
3667,02-29-2024,,Phones,iPhone 14,2,3780.74,Apple Pay,Riyadh
3668,2024-09-23 00:00:00,5407.0,Laptops,MacBook Air M2,2,7300.88,Cash on Delivery,Makkah
3669,2024-01-14 00:00:00,5074.0,Cameras,Canon EOS 200D,4,2036.26,Debit Card,Makkah
3670,2024-02-21 00:00:00,5348.0,Accessories,USB-C Cable,2,268.59,Debit Card,Dammam
3671,2024-08-08 00:00:00,5585.0,Accessories,Wireless Mouse,5,176.2,Debit Card,Makkah
3672,2024-11-16 00:00:00,5659.0,Phones,Oppo Reno 8,-4,3996.22,Apple Pay,
3673,2024-09-25 00:00:00,5118.0,Laptops, Dell XPS 13 ,3,3794.9,Cash on Delivery,Riyadh
3674,"October 10, 2024",5350.0,Laptops,HP Pavilion 15,-1,8286.4,Apple Pay,Jeddah
3675,2024-09-01 00:00:00,5047.0,Accessories,USB-C Cable,-5,136.34,Debit Card,Makkah
3676,26/11/2024,5104.0,Laptops,Dell XPS 13,3,4890.61,Credit Card,Riyadh
3677,2024-12-19 00:00:00,5377.0,Accessories,Laptop Stand,1,51.49,Credit Card,Madinah
3678,"December 28, 2024",5587.0,Camera,GoPro Hero 11,1,1301.44,Cash on Delivery,Dammam
3679,2024-12-31 00:00:00,5169.0,Laptops,MacBook Air M2,4,5853.1,Cash on Delivery,
3680,2024-12-27 00:00:00,5586.0,TVs,Sony 65-inch Bravia  ,5,3191.48,Apple Pay,Madinah
3681,2024-05-31 00:00:00,,TVs,Sony 65-inch Bravia,5,6144.5,Apple Pay,Riyadh
3682,2024-10-01,5254.0,Accessories,USB-C Cable,3,35.44,Apple Pay,Madinah
3683,2024-10-16 00:00:00,5790.0,Laptop,HP Pavilion 15,1,4964.11,Cash on Delivery,Riyadh
3684,2024-10-18 00:00:00,5194.0,Cameras,Nikon D3500,5,2114.44,Debit Card,Jeddah
3685,2024-04-24 00:00:00,5413.0,Phone,Samsung Galaxy S23,3,1567.65,Debit Card,Makkah
3686,2024-01-29 00:00:00,5484.0,Cameras,GoPro Hero 11,4,1347.73,Credit Card,
3687,2024-11-23 00:00:00,5031.0,Laptops,Lenovo ThinkPad E14,1,5188.68,Apple Pay,Makkah
3688,2024-04-20 00:00:00,5621.0,tvs,Samsung 55-inch QLED,3,4362.9,Debit Card,Madinah
3689,2024-12-09 00:00:00,5532.0,Laptops,HP Pavilion 15,5,5127.88,Cash on Delivery,Jeddah
3690,2024-05-25 00:00:00,5679.0,Laptops,MacBook Air M2,1,5951.09,Cash on Delivery,Makkah
3691,2024-12-21,5030.0,Phones,  Samsung Galaxy S23  ,5,3582.96,Apple Pay,Dammam
3692,2024-07-26 00:00:00,5692.0,Cameras,Canon EOS 200D,5,935.73,Cash on Delivery,Madinah
3693,2024-12-04 00:00:00,5391.0,Laptops,Lenovo ThinkPad E14,3,5516.62,Credit Card,
3694,2024-06-25 00:00:00,5015.0,Cameras,Nikon D3500,4,4368.6,Credit Card,Jeddah
3695,2024-08-06 00:00:00,5541.0,Cameras,Nikon D3500,1,2768.52,Debit Card,Jeddah
3696,2024-03-02 00:00:00,5408.0,Accessories,Bluetooth Headphones,3,280.69,Debit Card,Dammam
3697,2024-05-03 00:00:00,5278.0,Camera,Canon EOS 200D,5,2022.71,,Madinah
3698,2024-03-25 00:00:00,5006.0,phones,iPhone 14,4,4208.97,Debit Card,Riyadh
3699,2024-11-03 00:00:00,5056.0,Cameras,Nikon D3500,4,3682.52,Apple Pay,Riyadh
3700,2024-09-14,,Phones,Oppo Reno 8,2,3324.54,Credit Card,Riyadh
3701,2024-01-14 00:00:00,5540.0, Laptops,HP Pavilion 15,1,8844.09,Credit Card,Makkah
3702,02/11/2024,5055.0,Phones,Xiaomi Redmi Note 12,3,1939.43,Credit Card,Dammam
3703,2024-03-31 00:00:00,5453.0,TVs,LG 43-inch UHD,5,1888.13,Debit Card,Madinah
3704,2024-03-14 00:00:00,5652.0,tvs,Sony 65-inch Bravia,1,5804.82,Cash on Delivery,Jeddah
3705,2024-01-09 00:00:00,5613.0,Accessories,Bluetooth Headphones,4,328.65,Apple Pay,Makkah
3706,03-24-2024,5743.0,Accessories,Laptop Stand,1,74.48,Apple Pay,Jeddah
3707,2024-12-09 00:00:00,5019.0,TVs,LG 43-inch UHD,2,3181.03,Debit Card,Dammam
3708,2024-09-08 00:00:00,5164.0,Cameras, Canon EOS 200D,4,963.19,Apple Pay,
3709,2024-11-04 00:00:00,5406.0,Cameras,GoPro Hero 11,1,1955.91,Cash on Delivery,Riyadh
3710,2024-09-30 00:00:00,5203.0,Cameras,GoPro Hero 11,3,3683.31,Credit Card,Jeddah
3711,2024-04-28 00:00:00,5366.0,Laptops,   Lenovo ThinkPad E14,1,5866.74,Debit Card,Dammam
3712,2024-06-25 00:00:00,,Laptop,Dell XPS 13,4,4762.62,,Makkah
3713,2024-01-06 00:00:00,5080.0,PHONES,Oppo Reno 8,2,2801.09,Debit Card,Riyadh
3714,01-01-2024,5768.0,Cameras,Canon EOS 200D,4,904.87,Credit Card,Jeddah
3715,2024-09-19 00:00:00,5507.0,TVs,Samsung 55-inch QLED,3,3358.96,Debit Card,Makkah
3716,25/06/2024,5223.0,Cameras,GoPro Hero 11,4,3227.25,Credit Card,Jeddah
3717,2024-12-07 00:00:00,5270.0,TVs,Samsung 55-inch QLED,5,6865.81,Cash on Delivery,Dammam
3718,2024-03-27 00:00:00,5144.0,Cameras,Canon EOS 200D,5,3949.42,Cash on Delivery,Riyadh
3719,2024-09-18 00:00:00,5282.0,TVs,LG 43-inch UHD,1,1922.69,Credit Card,Makkah
3720,2024-05-01 00:00:00,5104.0,Accessories,Wireless Mouse,4,362.47,Debit Card,Dammam
3721,2024-09-30 00:00:00,5758.0,TVs,LG 43-inch UHD,1,5872.63,Debit Card,Makkah
3722,2024-09-19 00:00:00,5014.0,TVs,Sony 65-inch Bravia,2,5857.96,Debit Card,Riyadh
3723,"September 08, 2024",5643.0,Laptops,MacBook Air M2,5,5476.97,Debit Card,Riyadh
3724,2024-09-22 00:00:00,5559.0,Laptops,HP Pavilion 15,4,5087.03,Debit Card,Madinah
3725,2024-12-17 00:00:00,,Accessories,   Laptop Stand   ,5,142.08,Apple Pay,Jeddah
3726,2024-10-03 00:00:00,5181.0,TVs,Samsung 55-inch QLED,2,2141.61,Credit Card,Madinah
3727,2024-06-12 00:00:00,,Camera,GoPro Hero 11,4,-16.02,Credit Card,Dammam
3728,01/12/2024,5697.0, Cameras,Nikon D3500,4,1787.77,Apple Pay,Makkah
3729,"September 01, 2024",5241.0, Phones,   Oppo Reno 8   ,1,3194.27,Apple Pay,Makkah
3730,16/03/2024,5385.0,TVs,Sony 65-inch Bravia,1,5686.71,Cash on Delivery,Riyadh
3731,13/02/2024,5644.0,Cameras,Canon EOS 200D,2,2605.72,Debit Card,Jeddah
3732,2024-12-11 00:00:00,5695.0,ACCESSORIES,Bluetooth Headphones,2,51.4,Credit Card,Makkah
3733,2024-06-20,5703.0, Accessories ,Wireless Mouse,5,384.38,Apple Pay,Riyadh
3734,2024-10-18 00:00:00,5666.0,Accessories,   Laptop Stand,2,378.81,Credit Card,Madinah
3735,2024-10-19,5407.0,Laptops,   MacBook Air M2,2,7603.73,Cash on Delivery,Madinah
3736,21/01/2024,5440.0,TVs,  Sony 65-inch Bravia  ,5,6954.91,Cash on Delivery,Jeddah
3737,2024-10-04 00:00:00,5129.0,Cameras,GoPro Hero 11,3,2860.14,Credit Card,Jeddah
3738,2024-01-18 00:00:00,5443.0,Phones,Xiaomi Redmi Note 12,5,4869.69,Debit Card,Madinah
3739,2024-12-20 00:00:00,5305.0,Cameras,  GoPro Hero 11  ,3,1172.18,Cash on Delivery,Jeddah
3740,2024-11-08 00:00:00,5290.0,Cameras,Nikon D3500,5,2216.45,Credit Card,Riyadh
3741,2024-11-16 00:00:00,5711.0,accessories,Laptop Stand,5,113.39,Apple Pay,Riyadh
3742,01/07/2024,5411.0,TV,Samsung 55-inch QLED,2,2818.33,Debit Card,Madinah
3743,2024-09-01 00:00:00,5630.0,TVs,LG 43-inch UHD,2,2532.18,Debit Card,Riyadh
3744,2024-07-13 00:00:00,5506.0,TVs,LG 43-inch UHD,1,5036.55,Credit Card,Makkah
3745,2024-09-09 00:00:00,5588.0,Camera,GoPro Hero 11,4,3712.76,Debit Card,Madinah
3746,2024-09-11 00:00:00,5528.0,TVs,Sony 65-inch Bravia  ,2,4807.15,Debit Card,Dammam
3747,2024-09-09 00:00:00,5000.0,Cameras,Canon EOS 200D,1,1429.07,Cash on Delivery,Madinah
3748,04-05-2024,5712.0,TVs,Sony 65-inch Bravia,2,6017.84,Cash on Delivery,Riyadh
3749,2024-12-05 00:00:00,5745.0,Accessories,Wireless Mouse,3,265.3,Apple Pay,Makkah
3750,2024-12-17 00:00:00,5689.0,Cameras,Nikon D3500,4,2297.4,Credit Card,Riyadh
3751,2024-05-23 00:00:00,5383.0,Phones,Samsung Galaxy S23,5,3859.46,Debit Card,Dammam
3752,2024-04-03 00:00:00,5607.0,Accessory,Bluetooth Headphones,5,126.16,Apple Pay,Makkah
3753,2024-03-12 00:00:00,, TVs,Samsung 55-inch QLED,3,3595.0,Cash on Delivery,Jeddah
3754,2024-12-15 00:00:00,5227.0,Laptops,Dell XPS 13,5,8463.66,Cash on Delivery,Makkah
3755,06-23-2024,5081.0,Laptop, MacBook Air M2 ,4,4388.28,Debit Card,Dammam
3756,2024-09-29,5351.0,Accessories,USB-C Cable,3,203.9,Apple Pay,Jeddah
3757,2024-10-21 00:00:00,5226.0,Tvs ,Samsung 55-inch QLED,2,6428.73,Apple Pay,Madinah
3758,28/09/2024,5228.0,Laptops,HP Pavilion 15,5,7100.19,Cash on Delivery,Riyadh
3759,2024-10-13 00:00:00,5026.0,Cameras,Canon EOS 200D,4,1123.93,Cash on Delivery,Dammam
3760,2024-05-14 00:00:00,5624.0,TVs,Sony 65-inch Bravia,4,2565.98,Cash on Delivery,Riyadh
3761,2024-12-14 00:00:00,5007.0,Accessories,Laptop Stand,3,32.9,Cash on Delivery,Jeddah
3762,2024-11-17 00:00:00,5590.0,Laptops,  HP Pavilion 15,5,6600.99,Credit Card,Madinah
3763,2024-09-03 00:00:00,5048.0,phones,iPhone 14,5,3066.86,Apple Pay,Jeddah
3764,2024-10-24 00:00:00,5088.0,Laptops,HP Pavilion 15,2,3372.79,Cash on Delivery,Riyadh
3765,2024-07-20 00:00:00,5300.0,ACCESSORIES,USB-C Cable,3,384.44,Credit Card,Dammam
3766,2024-06-16 00:00:00,, TVs,Samsung 55-inch QLED,-3,4554.23,Debit Card,Riyadh
3767,2024-11-13 00:00:00,,Laptops, HP Pavilion 15 ,2,4072.31,Apple Pay,Makkah
3768,05-01-2024,5046.0,Cameras,Canon EOS 200D,4,2702.17,Apple Pay,Dammam
3769,2024-03-17 00:00:00,5036.0,Phones,Xiaomi Redmi Note 12,1,3878.67,Cash on Delivery,Riyadh
3770,2024-08-21 00:00:00,5536.0,Accessories,   USB-C Cable   ,-4,58.21,Credit Card,Madinah
3771,01-31-2024,,TVs,Sony 65-inch Bravia,5,3228.46,Debit Card,Makkah
3772,2024-03-07 00:00:00,5166.0,ACCESSORIES,Bluetooth Headphones   ,2,328.58,Cash on Delivery,Makkah
3773,2024-10-12 00:00:00,5332.0, Laptops,HP Pavilion 15,4,5487.82,Apple Pay,Riyadh
3774,2024-07-31 00:00:00,5305.0,CAMERAS ,GoPro Hero 11,4,2867.68,Apple Pay,Dammam
3775,2024-09-09 00:00:00,5554.0,Laptops,Dell XPS 13,3,5313.3,Cash on Delivery,Dammam
3776,2024-07-05 00:00:00,5514.0,Accessories,Laptop Stand,3,46.24,Cash on Delivery,Jeddah
3777,2024-11-10 00:00:00,5340.0,Laptops,HP Pavilion 15,1,3577.37,Credit Card,Makkah
3778,2024-01-04 00:00:00,5314.0,Phones,Samsung Galaxy S23,1,3059.4,Credit Card,Jeddah
3779,2024-10-27 00:00:00,5134.0,Accessories,USB-C Cable,2,107.4,Credit Card,Jeddah
3780,06-11-2024,5331.0,Phones,Xiaomi Redmi Note 12,1,1674.93,Debit Card,Riyadh
3781,2024-01-18 00:00:00,5568.0,Accessories,Laptop Stand,-5,342.15,Debit Card,Makkah
3782,2024-05-25 00:00:00,5537.0,Laptops,MacBook Air M2,3,8877.75,Cash on Delivery,Madinah
3783,2024-07-16,5511.0,Camera,Nikon D3500,5,3755.31,Apple Pay,Jeddah
3784,2024-08-17 00:00:00,5153.0,Laptops,Lenovo ThinkPad E14,4,8049.6,Cash on Delivery,Makkah
3785,2024-07-06 00:00:00,5294.0,Phones,Samsung Galaxy S23,5,2346.92,Debit Card,Dammam
3786,2024-09-26 00:00:00,,LAPTOPS,MacBook Air M2,2,8744.08,Debit Card,Madinah
3787,2024-02-02 00:00:00,5146.0,Laptops, Dell XPS 13 ,2,3780.02,Debit Card,Madinah
3788,2024-11-15 00:00:00,5756.0,Phones,Xiaomi Redmi Note 12,1,4830.0,Credit Card,Makkah
3789,2024-09-23 00:00:00,5501.0,Phones,iPhone 14,2,4981.87,Apple Pay,Dammam
3790,2024-10-10 00:00:00,5545.0,Laptops,Dell XPS 13,4,7126.2,Cash on Delivery,Riyadh
3791,2024-07-25 00:00:00,5181.0,Laptops,Lenovo ThinkPad E14,5,8877.43,Credit Card,Makkah
3792,2024-09-02 00:00:00,5764.0,Laptops,HP Pavilion 15,4,6202.01,Cash on Delivery,Dammam
3793,2024-09-04 00:00:00,5584.0,Accessories,Bluetooth Headphones,2,126.03,Apple Pay,Jeddah
3794,03-13-2024,,Phones,  Xiaomi Redmi Note 12  ,5,3029.49,Credit Card,Madinah
3795,2024-12-02 00:00:00,5401.0,TVs,LG 43-inch UHD,5,4886.52,Debit Card,Riyadh
3796,08-13-2024,5064.0,Phones,Samsung Galaxy S23,1,1755.79,,Jeddah
3797,2024-04-20 00:00:00,5578.0,TVs,Sony 65-inch Bravia,2,5036.18,Apple Pay,
3798,2024-01-15 00:00:00,5158.0,Cameras,Canon EOS 200D,3,4432.24,Debit Card,Jeddah
3799,2024-11-10 00:00:00,5103.0,Cameras,GoPro Hero 11,2,1584.39,Apple Pay,Jeddah
3800,2024-12-02 00:00:00,5241.0,TVs,LG 43-inch UHD,5,5921.49,Credit Card,Dammam
3801,"March 14, 2024",5668.0,Cameras,GoPro Hero 11   ,2,4168.44,Debit Card,Dammam
3802,2024-10-22 00:00:00,5569.0,Accessories,USB-C Cable,5,8940.805157531848,Debit Card,Dammam
3803,2024-08-01 00:00:00,5754.0,ACCESSORIES,Bluetooth Headphones,1,385.25,Apple Pay,Makkah
3804,2024-03-23 00:00:00,5020.0,TVs,Samsung 55-inch QLED,4,4511.59,Cash on Delivery,Jeddah
3805,2024-05-13 00:00:00,5732.0,Cameras,Nikon D3500,3,4418.31,Apple Pay,Madinah
3806,2024-08-16 00:00:00,5191.0,Phones,   Samsung Galaxy S23   ,5,4150.59,Apple Pay,Riyadh
3807,2024-08-13 00:00:00,5339.0, Cameras,Canon EOS 200D,1,1482.02,Debit Card,Riyadh
3808,2024-09-26,5502.0,Laptops,Lenovo ThinkPad E14,4,5599.85,Credit Card,Jeddah
3809,2024-10-23 00:00:00,5152.0,Accessories,USB-C Cable,5,295.78,Debit Card,Jeddah
3810,2024-03-09 00:00:00,5561.0,Phones,iPhone 14,3,2365.69,Apple Pay,Riyadh
3811,2024-01-20 00:00:00,5500.0,Laptops,Dell XPS 13,1,6664.0,Cash on Delivery,
3812,2024-08-26 00:00:00,5700.0,Cameras,GoPro Hero 11,5,3299.76,Apple Pay,Dammam
3813,07/12/2024,5242.0,Laptops,HP Pavilion 15,5,3557.55,Cash on Delivery,Jeddah
3814,2024-02-01 00:00:00,5284.0,Cameras,Nikon D3500,1,2934.31,Debit Card,Riyadh
3815,2024-07-17 00:00:00,5471.0,Accessories,USB-C Cable,1,315.5,Cash on Delivery,Riyadh
3816,2024-03-24 00:00:00,5797.0,Phones,Xiaomi Redmi Note 12,2,3246.13,Credit Card,Riyadh
3817,10-27-2024,5310.0,Laptops,Dell XPS 13,3,2578.67,Credit Card,Riyadh
3818,2024-05-21 00:00:00,5626.0,Laptops,Lenovo ThinkPad E14,5,2558.75,Debit Card,Riyadh
3819,2024-10-22 00:00:00,,Laptops,MacBook Air M2,4,4820.69,Apple Pay,Riyadh
3820,2024-02-17 00:00:00,5407.0,Cameras,Nikon D3500,5,4234.3,Credit Card,Jeddah
3821,03-18-2024,5120.0,Phones,Samsung Galaxy S23,1,2300.37,Debit Card,Jeddah
3822,26/08/2024,5620.0,TVs,LG 43-inch UHD,2,5098.69,Credit Card,Riyadh
3823,2024-02-27 00:00:00,5132.0,Phones,iPhone 14,4,2277.27,Apple Pay,Riyadh
3824,2024-03-02 00:00:00,5139.0,Laptops,MacBook Air M2,5,4590.85,Credit Card,Makkah
3825,2024-05-07 00:00:00,5300.0,Accessories,Laptop Stand,2,343.78,Debit Card,Riyadh
3826,2024-08-08 00:00:00,5549.0,Cameras,Canon EOS 200D,4,3523.9,Cash on Delivery,
3827,2024-08-21,5782.0,Phones,  Samsung Galaxy S23,3,1833.9,Credit Card,Jeddah
3828,"February 21, 2024",,Accessories,USB-C Cable,1,188.62,Cash on Delivery,Riyadh
3829,2024-09-25 00:00:00,5590.0,TVs,Sony 65-inch Bravia,2,1951.68,Cash on Delivery,Riyadh
3830,2024-03-17 00:00:00,5131.0,Accessories,USB-C Cable,5,207.93,Cash on Delivery,Makkah
3831,2024-12-24 00:00:00,5067.0,Phone,Samsung Galaxy S23,3,3818.52,Cash on Delivery,Makkah
3832,2024-12-07 00:00:00,5797.0,Phones,Samsung Galaxy S23,5,1914.76,Cash on Delivery,Jeddah
3833,2024-01-09 00:00:00,,Cameras,Nikon D3500,1,1939.99,Debit Card,Makkah
3834,2024-04-07,5334.0,Laptops,HP Pavilion 15,4,5085.94,Cash on Delivery,Madinah
3835,2024-07-17,5027.0, Cameras,Nikon D3500,3,4210.31,Debit Card,Jeddah
3836,2024-03-20 00:00:00,5055.0,Accessories,Wireless Mouse,1,397.5,Debit Card,Makkah
3837,2024-07-04 00:00:00,5236.0,TVs, Samsung 55-inch QLED ,5,2033.54,Debit Card,Makkah
3838,2024-05-22 00:00:00,5634.0,Cameras,Nikon D3500,1,3639.63,Debit Card,Madinah
3839,02-13-2024,5022.0,Phones,Oppo Reno 8,4,2801.03,Apple Pay,Madinah
3840,2024-03-07 00:00:00,5665.0,TVs,Samsung 55-inch QLED,2,3840.78,Cash on Delivery,Madinah
3841,2024-06-12 00:00:00,5227.0,Phones,Xiaomi Redmi Note 12,3,4139.93,Debit Card,Riyadh
3842,2024-05-07 00:00:00,5630.0,Accessories,Wireless Mouse,1,369.82,Credit Card,Riyadh
3843,2024-09-11 00:00:00,5433.0,Accessories,Laptop Stand,5,381.84,Apple Pay,Dammam
3844,08/07/2024,5291.0,ACCESSORIES,Wireless Mouse,4,243.54,Cash on Delivery,Dammam
3845,06/05/2024,5140.0,TVs,Samsung 55-inch QLED,3,3657.03,Apple Pay,Riyadh
3846,2024-08-10 00:00:00,5568.0,ACCESSORIES,Laptop Stand,1,321.39,Credit Card,Riyadh
3847,2024-09-20 00:00:00,5027.0,Phones,iPhone 14,1,2378.5,Credit Card,Jeddah
3848,2024-04-27 00:00:00,5282.0,TVs,Sony 65-inch Bravia,1,4733.18,Apple Pay,Makkah
3849,"March 23, 2024",,Phones,Oppo Reno 8,4,2755.02,Credit Card,Madinah
3850,2024-12-09 00:00:00,5151.0,Cameras,Canon EOS 200D,3,3263.87,Apple Pay,Riyadh
3851,25/02/2024,5086.0,Cameras,Canon EOS 200D,3,1765.44,Credit Card,Makkah
3852,2024-07-28 00:00:00,5055.0,Laptops,MacBook Air M2,4,3745.35,Credit Card,Jeddah
3853,2024-04-27 00:00:00,5294.0,TVs,Sony 65-inch Bravia,3,6574.84,Credit Card,Riyadh
3854,2024-09-08 00:00:00,5179.0,ACCESSORIES,Bluetooth Headphones,3,67.67,Debit Card,Makkah
3855,2024-01-13 00:00:00,,Phones,Samsung Galaxy S23,1,3270.85,Apple Pay,Jeddah
3856,2024-12-12 00:00:00,5720.0,Cameras,GoPro Hero 11   ,3,1695.07,Apple Pay,Makkah
3857,2024-05-09 00:00:00,5123.0,TVs,Sony 65-inch Bravia,4,2002.44,Credit Card,Jeddah
3858,2024-06-19 00:00:00,5412.0,Cameras,Canon EOS 200D ,2,1029.67,Debit Card,Madinah
3859,2024-05-10 00:00:00,5152.0,Laptops,Lenovo ThinkPad E14,4,3638.94,Apple Pay,Makkah
3860,2024-10-26 00:00:00,5716.0,Phones,Xiaomi Redmi Note 12,1,4533.7,Debit Card,Jeddah
3861,2024-01-17 00:00:00,5424.0,TVs,Samsung 55-inch QLED  ,1,3268.89,Cash on Delivery,Makkah
3862,2024-06-08 00:00:00,5119.0,TVs,Samsung 55-inch QLED,-3,6742.39,Credit Card,Riyadh
3863,2024-10-28 00:00:00,5258.0,PHONES,Oppo Reno 8,4,3535.68,Apple Pay,Riyadh
3864,2024-12-01 00:00:00,5786.0,Phones,iPhone 14,3,3028.15,Debit Card,Madinah
3865,2024-10-15 00:00:00,5255.0,Cameras,Canon EOS 200D,3,2988.32,Credit Card,Dammam
3866,2024-03-29,5623.0,Phones,Xiaomi Redmi Note 12,-1,3308.44,Cash on Delivery,Madinah
3867,2024-10-28 00:00:00,5620.0,Cameras,Canon EOS 200D  ,3,3631.59,Apple Pay,Makkah
3868,2024-11-23 00:00:00,5474.0,Cameras,  Nikon D3500  ,2,1916.99,Credit Card,Jeddah
3869,2024-12-16 00:00:00,5617.0,Cameras,Nikon D3500,-1,2170.98,Apple Pay,Makkah
3870,2024-05-29 00:00:00,5101.0,Cameras,GoPro Hero 11,1,4118.74,Apple Pay,Makkah
3871,09-05-2024,5491.0,Laptops,Dell XPS 13,3,8651.97,Credit Card,Makkah
3872,2024-05-07 00:00:00,5447.0,Cameras,Nikon D3500,2,4113.21,Debit Card,Dammam
3873,2024-12-18,5582.0,laptops,Dell XPS 13,5,5226.41,Cash on Delivery,Madinah
3874,2024-01-08 00:00:00,,Phones,Oppo Reno 8,1,4231.28,Cash on Delivery,
3875,2024-04-19 00:00:00,5471.0,Laptops,MacBook Air M2,4,5596.18,Credit Card,Madinah
3876,"February 24, 2024",5162.0, Cameras,Canon EOS 200D,1,2691.14,Apple Pay,Riyadh
3877,2024-02-18,5378.0,Phones,Xiaomi Redmi Note 12,5,2216.38,Credit Card,Jeddah
3878,2024-09-19 00:00:00,5114.0,Cameras,GoPro Hero 11,5,3028.07,Apple Pay,Jeddah
3879,2024-01-12 00:00:00,,Phones,Oppo Reno 8,5,2151.48,Cash on Delivery,Madinah
3880,2024-05-13 00:00:00,5776.0,Phones,Oppo Reno 8,3,2660.48,Debit Card,Jeddah
3881,2024-07-01 00:00:00,5450.0,Phones,Oppo Reno 8,5,4492.61,Debit Card,Madinah
3882,2024-08-12 00:00:00,5026.0,Cameras,Nikon D3500,1,1645.47,Debit Card,Riyadh
3883,2024-08-02 00:00:00,,Accessories,Wireless Mouse,4,56.33,Cash on Delivery,Makkah
3884,2024-04-06 00:00:00,5609.0,Phones,Samsung Galaxy S23,4,1741.53,Credit Card,Dammam
3885,2024-11-27 00:00:00,5511.0,TVs, Samsung 55-inch QLED ,-1,6692.08,,Madinah
3886,2024-03-25 00:00:00,5516.0, Cameras,Nikon D3500,5,2724.91,Apple Pay,Madinah
3887,2024-07-19 00:00:00,5273.0,Laptops,   Lenovo ThinkPad E14   ,5,5161.18,Apple Pay,Riyadh
3888,2024-04-27 00:00:00,5594.0,Phones,Xiaomi Redmi Note 12,1,4338.08,Cash on Delivery,Riyadh
3889,2024-06-30 00:00:00,5565.0,TVs,Samsung 55-inch QLED,4,6146.29,Credit Card,Makkah
3890,2024-09-06 00:00:00,5740.0,Laptops,Dell XPS 13,3,4659.24,Debit Card,Dammam
3891,2024-02-24 00:00:00,5299.0,TVs,LG 43-inch UHD,-4,5406.81,Apple Pay,Jeddah
3892,2024-12-25 00:00:00,5559.0,Phones,Oppo Reno 8,3,4198.93,Apple Pay,Makkah
3893,11/09/2024,5463.0,Laptops,HP Pavilion 15,4,6755.23,Credit Card,Dammam
3894,2024-03-18 00:00:00,5156.0,Cameras,Nikon D3500,1,1445.74,Apple Pay,Riyadh
3895,2024-02-22 00:00:00,5364.0,Cameras,Nikon D3500,4,4053.18,Debit Card,Jeddah
3896,18/11/2024,5559.0,CAMERAS ,Canon EOS 200D,4,2840.74,Cash on Delivery,Madinah
3897,"September 14, 2024",5547.0,Laptops,MacBook Air M2   ,5,4336.07,Debit Card,Dammam
3898,2024-12-22 00:00:00,5042.0,Tvs ,Sony 65-inch Bravia,5,4011.19,Debit Card,Madinah
3899,12/05/2024,5770.0,TVs, Samsung 55-inch QLED,4,1995.37,Apple Pay,Jeddah
3900,2024-11-04 00:00:00,5022.0,Cameras,Nikon D3500,5,1360.32,Credit Card,Makkah
3901,2024-02-15 00:00:00,5115.0,Cameras,Canon EOS 200D,3,3655.97,Credit Card,Jeddah
3902,05-07-2024,5731.0,Cameras, GoPro Hero 11,3,900.04,Debit Card,Jeddah
3903,2024-04-29 00:00:00,5000.0,TVs,Samsung 55-inch QLED,2,3966.14,Apple Pay,Makkah
3904,2024-05-07 00:00:00,5569.0,Accessories,USB-C Cable  ,1,223.33,Cash on Delivery,Dammam
3905,2024-07-24 00:00:00,5368.0,Cameras,Canon EOS 200D,3,1096.68,Credit Card,Jeddah
3906,2024-09-10 00:00:00,5631.0,Accessories,Bluetooth Headphones,2,390.04,Cash on Delivery,Riyadh
3907,2024-06-11 00:00:00,5280.0,Phones,Oppo Reno 8,1,2291.44,Debit Card,Dammam
3908,07-24-2024,5765.0,Phones,Oppo Reno 8,1,2564.7,Apple Pay,Makkah
3909,2024-12-24 00:00:00,5554.0,phones,Samsung Galaxy S23,3,2563.8,Credit Card,Madinah
3910,2024-08-24,5278.0,Phones,Oppo Reno 8,-5,2306.46,Debit Card,Riyadh
3911,2024-05-18 00:00:00,5334.0,Phones,Oppo Reno 8,4,-40.33,Credit Card,Jeddah
3912,2024-07-20 00:00:00,5432.0,Cameras,Canon EOS 200D,4,3525.64,Cash on Delivery,Madinah
3913,2024-10-02 00:00:00,5405.0,Cameras,GoPro Hero 11  ,5,4380.64,Debit Card,
3914,2024-08-13,5319.0,Cameras,GoPro Hero 11,3,1707.46,Apple Pay,
3915,2024-06-23 00:00:00,5675.0,Phones,Xiaomi Redmi Note 12,5,3820.67,Cash on Delivery,Dammam
3916,2024-03-04 00:00:00,5695.0,Phones,iPhone 14,5,4096.64,Debit Card,Madinah
3917,2024-12-17 00:00:00,5713.0,Laptops,MacBook Air M2,4,8014.76,Cash on Delivery,Jeddah
3918,2024-01-23 00:00:00,5485.0,TVs,Sony 65-inch Bravia,3,3997.67,Credit Card,Riyadh
3919,2024-12-15 00:00:00,5550.0,phones,Oppo Reno 8,1,2560.26,Debit Card,Madinah
3920,2024-04-16 00:00:00,5420.0,Cameras,Nikon D3500,4,2071.06,Cash on Delivery,Jeddah
3921,2024-09-20 00:00:00,5381.0,Laptops,MacBook Air M2,5,7132.04,Cash on Delivery,Dammam
3922,"July 13, 2024",5025.0,Cameras,Canon EOS 200D,4,3840.41,Credit Card,Riyadh
3923,2024-11-29 00:00:00,5305.0,Cameras,GoPro Hero 11,5,1553.81,Cash on Delivery,Jeddah
3924,2024-05-08 00:00:00,5385.0,Cameras,GoPro Hero 11,2,2235.39,Credit Card,Dammam
3925,2024-05-20 00:00:00,5509.0,TVs,Sony 65-inch Bravia,5,6490.09,Apple Pay,Makkah
3926,2024-06-16 00:00:00,5014.0,tvs,Samsung 55-inch QLED  ,4,5994.81,Cash on Delivery,Jeddah
3927,2024-08-04 00:00:00,5348.0,Accessories,Bluetooth Headphones,3,394.4,Apple Pay,
3928,2024-10-19 00:00:00,5226.0,Cameras,Canon EOS 200D,4,3615.29,Cash on Delivery,Dammam
3929,2024-08-05 00:00:00,5264.0,Laptops,MacBook Air M2   ,2,5055.77,Debit Card,Dammam
3930,07/03/2024,5717.0,TV,LG 43-inch UHD,2,4871.32,Apple Pay,Dammam
3931,2024-02-25 00:00:00,5622.0,accessories,Wireless Mouse,4,274.58,Cash on Delivery,
3932,"January 28, 2024",5191.0,Accessories,USB-C Cable,1,59.03,Apple Pay,Jeddah
3933,"March 18, 2024",,Phones,Samsung Galaxy S23,3,3405.74,Debit Card,Makkah
3934,2024-12-02 00:00:00,5137.0,TVs,Sony 65-inch Bravia,4,5488.47,Cash on Delivery,Makkah
3935,2024-07-18 00:00:00,5181.0,Accessories,Wireless Mouse,1,91.91,Credit Card,Riyadh
3936,2024-02-17 00:00:00,5529.0,Accessories,Wireless Mouse,3,318.83,Cash on Delivery,Madinah
3937,2024-01-04 00:00:00,5485.0,TVs,Samsung 55-inch QLED,-5,4835.62,Credit Card,Riyadh
3938,2024-07-21 00:00:00,,Cameras,GoPro Hero 11,4,-37.01,Apple Pay,Madinah
3939,03-29-2024,5013.0,Laptops,MacBook Air M2,-5,-9.73,Cash on Delivery,Makkah
3940,2024-03-10 00:00:00,5653.0,accessories,Laptop Stand,4,128.17,Cash on Delivery,Jeddah
3941,2024-03-16 00:00:00,5208.0,tvs,Samsung 55-inch QLED,1,4928.08,Debit Card,Riyadh
3942,27/04/2024,5440.0,Cameras,Nikon D3500,4,1967.62,Cash on Delivery,Jeddah
3943,2024-09-29 00:00:00,5358.0,Accessories,Laptop Stand  ,1,294.34,Apple Pay,Madinah
3944,2024-05-15 00:00:00,5130.0,Laptops,HP Pavilion 15,5,7433.53,Debit Card,Dammam
3945,2024-09-14,5770.0,Phones,Samsung Galaxy S23,3,1858.81,Cash on Delivery,Dammam
3946,2024-01-17 00:00:00,5668.0,Accessories, Wireless Mouse,4,220.13,Cash on Delivery,Dammam
3947,2024-11-29 00:00:00,5201.0,Accessories,Bluetooth Headphones,4,218.29,Cash on Delivery,Jeddah
3948,12-03-2024,5292.0,phones,iPhone 14,2,2792.48,Debit Card,Makkah
3949,2024-09-08 00:00:00,5448.0,Cameras,GoPro Hero 11,-5,4258.53,Credit Card,Makkah
3950,2024-05-04 00:00:00,5173.0,TVs,Samsung 55-inch QLED,3,6103.03,Debit Card,Makkah
3951,2024-10-11 00:00:00,5074.0,Phones,Samsung Galaxy S23,5,3940.23,,Jeddah
3952,2024-12-31 00:00:00,5621.0,TVs,LG 43-inch UHD,1,5514.5,Credit Card,Riyadh
3953,2024-01-22 00:00:00,5033.0,TVs,   Samsung 55-inch QLED   ,3,4200.92,Cash on Delivery,Jeddah
3954,2024-04-27,,Tvs ,Sony 65-inch Bravia,3,6589.17,Debit Card,Dammam
3955,2024-04-27 00:00:00,5716.0,Laptops,HP Pavilion 15,3,7014.87,Credit Card,Riyadh
3956,2024-07-21 00:00:00,5293.0,Phones,iPhone 14,4,4051.43,Apple Pay,Madinah
3957,08-05-2024,5260.0,Cameras,Canon EOS 200D,-3,4002.09,Debit Card,Dammam
3958,2024-05-13 00:00:00,5544.0, Accessories ,Bluetooth Headphones,3,131.41,Apple Pay,Riyadh
3959,2024-12-18 00:00:00,5634.0,Laptops,HP Pavilion 15,1,7745.96,Apple Pay,Madinah
3960,12-26-2024,5657.0,Laptops,Lenovo ThinkPad E14,5,3769.06,Credit Card,Riyadh
3961,2024-11-25 00:00:00,5549.0,Accessories,  USB-C Cable,-5,157.78,Credit Card,Jeddah
3962,2024-09-19 00:00:00,5581.0,TVs,Sony 65-inch Bravia,-3,3545.17,Apple Pay,Madinah
3963,2024-10-27 00:00:00,5062.0,Cameras,Nikon D3500,5,4422.69,Debit Card,Madinah
3964,"September 03, 2024",5107.0,Accessories,Bluetooth Headphones ,5,346.92,Debit Card,Makkah
3965,"December 14, 2024",5238.0,Accessories,Laptop Stand,2,289.43,Cash on Delivery,Makkah
3966,2024-11-02 00:00:00,5179.0,Phones,iPhone 14,5,4044.7,Apple Pay,Dammam
3967,2024-04-14 00:00:00,5460.0,accessories,USB-C Cable,5,237.97,Debit Card,Madinah
3968,05-01-2024,5115.0,Laptops,Dell XPS 13,5,8656.09,Credit Card,Jeddah
3969,2024-01-16,5215.0,cameras,Nikon D3500,-4,2686.53,,Madinah
3970,2024-12-30 00:00:00,5149.0,Laptops,MacBook Air M2,5,4973.37,Debit Card,Jeddah
3971,2024-02-29 00:00:00,5179.0,Phones,iPhone 14,1,2070.62,Debit Card,Jeddah
3972,"February 02, 2024",5444.0,phones,iPhone 14,5,4251.72,Apple Pay,Makkah
3973,2024-01-24,5124.0,TV,   Samsung 55-inch QLED   ,1,5619.11,Apple Pay,Makkah
3974,2024-05-31 00:00:00,5095.0, Phones,iPhone 14,-2,2845.24,Cash on Delivery,Makkah
3975,04-30-2024,5665.0,Accessories,Wireless Mouse,5,39.32,Cash on Delivery,Dammam
3976,2024-10-28 00:00:00,5282.0,Laptops,MacBook Air M2,5,7953.48,Credit Card,Makkah
3977,2024-11-24 00:00:00,5316.0,TVs,Sony 65-inch Bravia,2,1859.37,Debit Card,Dammam
3978,2024-06-10 00:00:00,5203.0,TVs,Sony 65-inch Bravia,1,5459.24,Credit Card,Riyadh
3979,2024-07-25 00:00:00,5285.0,PHONES,Oppo Reno 8,2,4895.9,Credit Card,Dammam
3980,2024-08-12 00:00:00,5705.0, Accessories ,Laptop Stand,1,191.93,Cash on Delivery,Riyadh
3981,2024-08-09 00:00:00,5094.0, Phones, Oppo Reno 8 ,4,2322.41,Apple Pay,Dammam
3982,2024-11-27 00:00:00,5088.0,Phones,iPhone 14,4,3967.05,Cash on Delivery,Dammam
3983,2024-05-24 00:00:00,5331.0,Phones,Samsung Galaxy S23,1,4359.95,Apple Pay,Madinah
3984,10/11/2024,5480.0,Phones,Oppo Reno 8,5,3412.51,Cash on Delivery,Madinah
3985,2024-07-07 00:00:00,5429.0,Phone,iPhone 14  ,5,4884.62,Debit Card,Makkah
3986,2024-05-30 00:00:00,5547.0,Cameras,Canon EOS 200D,5,1086.01,Debit Card,Makkah
3987,2024-11-14 00:00:00,5621.0,Cameras,GoPro Hero 11,4,2717.26,Debit Card,Makkah
3988,2024-09-27 00:00:00,5568.0,TVs,Samsung 55-inch QLED,2,5535.96,Apple Pay,Madinah
3989,2024-10-16 00:00:00,5698.0,Cameras,GoPro Hero 11,1,4005.51,Apple Pay,Madinah
3990,2024-02-07 00:00:00,5605.0,TVs, Sony 65-inch Bravia,3,2732.13,Credit Card,Dammam
3991,2024-07-04 00:00:00,5465.0,TVs,Samsung 55-inch QLED,-4,5960.02,Credit Card,Madinah
3992,2024-12-20 00:00:00,5022.0,Tvs ,Samsung 55-inch QLED,5,4674.08,Debit Card,Jeddah
3993,2024-08-08 00:00:00,5591.0,PHONES,Samsung Galaxy S23,3,2887.94,Apple Pay,Madinah
3994,2024-07-13 00:00:00,5566.0,Cameras, Canon EOS 200D ,1,1374.17,Cash on Delivery,Riyadh
3995,2024-03-12,5343.0,Phones,Xiaomi Redmi Note 12,-1,4528.54,Apple Pay,Dammam
3996,2024-03-01 00:00:00,5297.0,Cameras,Nikon D3500,4,1466.18,Apple Pay,Makkah
3997,"September 06, 2024",5189.0,Phones,Samsung Galaxy S23,3,2584.26,Apple Pay,Madinah
3998,04-10-2024,5094.0,Phones,iPhone 14,5,2515.16,Debit Card,Dammam
3999,2024-10-30 00:00:00,5272.0,Cameras,   GoPro Hero 11   ,4,4037.09,Debit Card,
4000,2024-03-13 00:00:00,5524.0,LAPTOPS,Dell XPS 13,5,6872.57,Apple Pay,Dammam
4001,2024-08-18 00:00:00,5272.0,Cameras,Canon EOS 200D,1,3768.05,,Dammam
4002,2024-10-10,5497.0,Laptops,MacBook Air M2,3,4128.04,Cash on Delivery,Dammam
4003,2024-08-10 00:00:00,5591.0,PHONES,Xiaomi Redmi Note 12,5,3687.06,Debit Card,Riyadh
4004,2024-07-06 00:00:00,5018.0,Laptops,Dell XPS 13,4,6216.35,,Madinah
4005,2024-11-19 00:00:00,5419.0,Phones,iPhone 14,4,4414.91,Debit Card,Dammam
4006,2024-08-23 00:00:00,5285.0,Accessories,Wireless Mouse,2,365.25,Debit Card,Jeddah
4007,2024-09-14 00:00:00,5005.0,TVs,Samsung 55-inch QLED,2,1863.22,Cash on Delivery,Dammam
4008,2024-09-05 00:00:00,5705.0,Phones,iPhone 14,5,3859.07,Debit Card,Jeddah
4009,2024-05-03,5074.0,accessories,Laptop Stand,1,49.18,Debit Card,Makkah
4010,2024-07-10 00:00:00,5060.0,TVs,Sony 65-inch Bravia,1,4654.07,Apple Pay,Riyadh
4011,16/02/2024,5625.0,Accessories,Wireless Mouse,1,136.42,Cash on Delivery,Riyadh
4012,02-25-2024,5437.0,Laptops,Lenovo ThinkPad E14,1,4494.05,Cash on Delivery,
4013,2024-07-04 00:00:00,5583.0,Phones,iPhone 14,2,2735.35,Apple Pay,Riyadh
4014,2024-01-23 00:00:00,5440.0,Laptops,Dell XPS 13,1,6538.4,Apple Pay,Riyadh
4015,2024-12-14 00:00:00,5262.0,Cameras,Nikon D3500,1,2102.58,Credit Card,Makkah
4016,2024-10-14 00:00:00,5661.0,Phones,Xiaomi Redmi Note 12,3,4064.45,,Jeddah
4017,2024-07-30 00:00:00,5352.0,Laptops,Lenovo ThinkPad E14,5,5129.43,Debit Card,Makkah
4018,2024-05-22 00:00:00,5750.0,Laptops,HP Pavilion 15,4,2944.3,Credit Card,Makkah
4019,2024-08-30 00:00:00,5084.0,Phones,Samsung Galaxy S23,2,4243.16,Cash on Delivery,Madinah
4020,2024-01-19 00:00:00,5157.0,Laptops,  MacBook Air M2,3,4357.43,Cash on Delivery,Riyadh
4021,"April 23, 2024",5303.0,Accessories,Laptop Stand,2,190.12,Credit Card,Makkah
4022,12/08/2024,5155.0,Laptops,HP Pavilion 15,3,6955.39,Debit Card,Dammam
4023,2024-01-31 00:00:00,5445.0,TVs,Sony 65-inch Bravia,4,3528.77,Cash on Delivery,Madinah
4024,2024-08-17,5306.0,Phones,  Oppo Reno 8,2,1698.05,Debit Card,Dammam
4025,2024-04-09 00:00:00,5325.0,Cameras,GoPro Hero 11,5,2246.12,Cash on Delivery,Jeddah
4026,2024-11-18 00:00:00,5553.0,Laptops,Lenovo ThinkPad E14,-3,8638.92,Apple Pay,Jeddah
4027,2024-06-20 00:00:00,5283.0,Phones,Xiaomi Redmi Note 12,1,-30.4,Apple Pay,Makkah
4028,2024-07-03 00:00:00,5081.0,Phones,Oppo Reno 8   ,4,3850.18,Cash on Delivery,Dammam
4029,2024-03-22,5608.0, Accessories ,Laptop Stand,2,263.94,Debit Card,Riyadh
4030,2024-06-15 00:00:00,5644.0,Phones,Xiaomi Redmi Note 12,1,2196.47,Credit Card,Makkah
4031,2024-12-07 00:00:00,5102.0,accessories,   Wireless Mouse,5,184.78,Credit Card,Jeddah
4032,2024-08-24,5615.0, Phones,iPhone 14,5,4128.29,Apple Pay,Riyadh
4033,06-17-2024,5055.0,Phone,Samsung Galaxy S23,3,1854.81,Apple Pay,Makkah
4034,2024-11-20 00:00:00,5379.0,Laptops,Dell XPS 13,1,4306.04,Apple Pay,Madinah
4035,2024-05-17 00:00:00,5084.0,Laptops,HP Pavilion 15,1,4296.07,Debit Card,Riyadh
4036,2024-08-12 00:00:00,5010.0,Laptops,Dell XPS 13,3,5308.12,Cash on Delivery,Riyadh
4037,2024-12-24 00:00:00,5113.0,Laptops,Lenovo ThinkPad E14,1,8872.4,,Dammam
4038,03-04-2024,5648.0,Accessories,USB-C Cable,3,54.98,Cash on Delivery,Makkah
4039,2024-01-17 00:00:00,5504.0,Cameras,Nikon D3500,4,2767.32,Cash on Delivery,Riyadh
4040,"December 26, 2024",5609.0,Phones,Oppo Reno 8,2,2127.78,Debit Card,Makkah
4041,2024-06-30 00:00:00,5236.0,Cameras,Canon EOS 200D,5,103620.62351046826,Cash on Delivery,Riyadh
4042,2024-05-01,5221.0,Phones,iPhone 14,4,1896.56,Cash on Delivery,Madinah
4043,2024-04-14 00:00:00,5284.0,Accessories,  Wireless Mouse  ,5,179.33,Credit Card,Riyadh
4044,2024-01-17 00:00:00,5518.0, Accessories ,   USB-C Cable   ,2,303.02,Apple Pay,Riyadh
4045,2024-05-25,5307.0,Cameras,GoPro Hero 11,-1,3436.4,Credit Card,Madinah
4046,2024-04-23 00:00:00,5367.0,Camera,Canon EOS 200D,3,2421.82,Debit Card,Madinah
4047,2024-07-10 00:00:00,5046.0,Accessory,USB-C Cable,5,158.21,Cash on Delivery,Jeddah
4048,2024-02-06 00:00:00,5498.0,Accessories,Laptop Stand,1,177.12,Credit Card,Makkah
4049,2024-01-07 00:00:00,5438.0,Cameras,GoPro Hero 11,1,1851.39,Apple Pay,Madinah
4050,2024-02-07 00:00:00,5488.0,cameras,   Canon EOS 200D,5,1639.2,Apple Pay,Makkah
4051,2024-12-22 00:00:00,5273.0,Accessories,Wireless Mouse,2,208.72,Apple Pay,Madinah
4052,2024-12-05 00:00:00,5594.0,Laptops,Dell XPS 13,2,4245.47,Cash on Delivery,Dammam
4053,2024-01-11,5469.0,Accessories,USB-C Cable  ,1,136.36,Apple Pay,Makkah
4054,"June 20, 2024",5164.0,Tvs ,Samsung 55-inch QLED,3,5215.13,Credit Card,Jeddah
4055,2024-02-07 00:00:00,5320.0,Accessories,Wireless Mouse,4,388.36,Debit Card,Makkah
4056,2024-07-19 00:00:00,5470.0,Accessories,USB-C Cable  ,2,253.35,Cash on Delivery,Riyadh
4057,"April 04, 2024",5677.0,Cameras,Nikon D3500,5,1177.13,Credit Card,Jeddah
4058,2024-03-17 00:00:00,5338.0,Cameras,GoPro Hero 11,2,1172.1,Debit Card,Dammam
4059,2024-01-08 00:00:00,5693.0,phones,iPhone 14,1,4829.98,Credit Card,Makkah
4060,2024-05-05 00:00:00,5259.0,Phone,Xiaomi Redmi Note 12,1,2540.52,Apple Pay,Madinah
4061,"March 18, 2024",5402.0,Laptops,MacBook Air M2,1,3098.44,Credit Card,Makkah
4062,2024-03-10 00:00:00,5694.0,Tvs ,Samsung 55-inch QLED,5,4915.03,Credit Card,Dammam
4063,2024-06-20 00:00:00,5579.0,Accessories,Laptop Stand,-5,260.75,Apple Pay,Dammam
4064,28/03/2024,5171.0,Laptops,MacBook Air M2,5,6715.28,Apple Pay,Dammam
4065,2024-04-28 00:00:00,5008.0,TVs,Samsung 55-inch QLED,2,3190.49,Apple Pay,Jeddah
4066,2024-07-08 00:00:00,5261.0,Laptops,Lenovo ThinkPad E14,3,2598.22,Debit Card,Riyadh
4067,13/01/2024,5455.0,TVs,   LG 43-inch UHD,5,6818.08,Debit Card,Riyadh
4068,2024-06-25 00:00:00,5006.0,Phones,iPhone 14,2,2378.13,Debit Card,Madinah
4069,2024-08-08 00:00:00,5742.0,Laptops,Dell XPS 13,2,6894.17,Credit Card,Madinah
4070,2024-06-29,5586.0,Laptops,MacBook Air M2,5,7093.09,Credit Card,Madinah
4071,2024-01-03 00:00:00,5108.0,TVs,Sony 65-inch Bravia,3,4972.04,Credit Card,Makkah
4072,18/04/2024,5563.0,Phones,Oppo Reno 8,5,2595.18,Cash on Delivery,Dammam
4073,2024-10-28 00:00:00,,Cameras,Canon EOS 200D,3,1875.95,Apple Pay,Makkah
4074,11-10-2024,5768.0,Phones,Oppo Reno 8  ,5,3591.84,Credit Card,Riyadh
4075,2024-09-02 00:00:00,5560.0,Accessories,USB-C Cable,5,350.46,Debit Card,Riyadh
4076,2024-03-20 00:00:00,5521.0,TVs,Sony 65-inch Bravia,5,6723.02,Apple Pay,Jeddah
4077,2024-06-08 00:00:00,5141.0,Accessories,Bluetooth Headphones,1,69.19,Credit Card,Madinah
4078,2024-03-24 00:00:00,5564.0,Laptops,Lenovo ThinkPad E14,1,3506.39,Credit Card,Jeddah
4079,2024-10-01 00:00:00,5678.0,Laptops,HP Pavilion 15,-2,8640.79,Debit Card,
4080,2024-05-09 00:00:00,5498.0,Laptops,MacBook Air M2,1,7287.48,Cash on Delivery,Dammam
4081,2024-03-08 00:00:00,5431.0,Accessories,USB-C Cable,5,356.71,Credit Card,Riyadh
4082,2024-12-24 00:00:00,5130.0,ACCESSORIES,   USB-C Cable,1,104.97,Debit Card,
4083,26/01/2024,5134.0,Phones,Samsung Galaxy S23,3,3556.55,Debit Card,Jeddah
4084,2024-09-11 00:00:00,5249.0,Laptops,Lenovo ThinkPad E14,3,7057.41,Debit Card,Riyadh
4085,2024-01-22 00:00:00,5343.0,Accessories,USB-C Cable,2,281.64,Credit Card,Makkah
4086,2024-05-09 00:00:00,5698.0,Phones ,Oppo Reno 8,4,2928.53,Debit Card,Riyadh
4087,31/10/2024,5470.0, Phones,Xiaomi Redmi Note 12,2,1553.88,Apple Pay,
4088,2024-10-26 00:00:00,5786.0,Accessories,Laptop Stand,1,5793.119210650696,,Jeddah
4089,2024-11-29 00:00:00,5699.0,Phones ,iPhone 14,2,2385.86,Credit Card,Makkah
4090,2024-06-01 00:00:00,5596.0,Phones,  Oppo Reno 8,-4,3075.89,Credit Card,Jeddah
4091,2024-03-02 00:00:00,5759.0,Cameras,Canon EOS 200D,-1,4347.29,Cash on Delivery,Jeddah
4092,2024-02-04 00:00:00,5166.0,Cameras,Nikon D3500,5,2336.53,Apple Pay,Makkah
4093,2024-04-13 00:00:00,5014.0,Laptops,MacBook Air M2,1,7958.71,Apple Pay,Makkah
4094,2024-07-06 00:00:00,5402.0,Cameras,Canon EOS 200D,4,1578.75,Cash on Delivery,Makkah
4095,2024-07-15 00:00:00,5086.0,TVs,Samsung 55-inch QLED,2,5296.79,Apple Pay,Jeddah
4096,2024-07-20 00:00:00,5310.0,Cameras,GoPro Hero 11,3,4417.23,Cash on Delivery,Riyadh
4097,2024-05-10 00:00:00,5441.0,cameras,Nikon D3500,3,1266.82,Credit Card,Makkah
4098,2024-12-16 00:00:00,5581.0,TVs,Samsung 55-inch QLED,3,1843.26,Debit Card,Jeddah
4099,2024-01-05 00:00:00,, TVs,LG 43-inch UHD,3,4054.63,Apple Pay,
4100,2024-03-27 00:00:00,5120.0,Laptops,Dell XPS 13,4,3102.07,Debit Card,Makkah
4101,03-16-2024,5681.0,Phones,Xiaomi Redmi Note 12  ,3,4119.35,Debit Card,Makkah
4102,2024-12-01 00:00:00,5689.0,Laptops,HP Pavilion 15,5,8444.57,Cash on Delivery,Dammam
4103,2024-12-13 00:00:00,5752.0,Laptops,MacBook Air M2 ,5,5321.14,Credit Card,Madinah
4104,2024-12-17 00:00:00,5417.0,TVs,Sony 65-inch Bravia,5,-42.31,Credit Card,Madinah
4105,2024-06-08 00:00:00,5225.0,Laptops,Dell XPS 13,1,5323.62,,Dammam
4106,2024-05-02 00:00:00,5191.0,Laptops,HP Pavilion 15,2,7202.41,Cash on Delivery,Makkah
4107,2024-07-05 00:00:00,5251.0,Accessories,Wireless Mouse,-5,33.35,Debit Card,Jeddah
4108,2024-01-18 00:00:00,5723.0,Accessories,USB-C Cable,2,248.1,Credit Card,Riyadh
4109,2024-07-26 00:00:00,5378.0,Accessories,Laptop Stand,1,256.92,Cash on Delivery,Dammam
4110,2024-07-18 00:00:00,5338.0,TV,Sony 65-inch Bravia,5,5115.98,Cash on Delivery,Makkah
4111,2024-10-27 00:00:00,5369.0,TVs,LG 43-inch UHD,3,3058.51,Cash on Delivery,Jeddah
4112,2024-07-08 00:00:00,5402.0,Laptops,Lenovo ThinkPad E14,5,7141.34,Apple Pay,Dammam
4113,"October 31, 2024",5441.0,TVs,Sony 65-inch Bravia,5,2275.24,Apple Pay,Riyadh
4114,2024-03-05 00:00:00,5292.0,Laptops,HP Pavilion 15,1,3795.26,Debit Card,Dammam
4115,2024-10-01 00:00:00,5313.0,Accessories,Wireless Mouse,1,354.66,Cash on Delivery,Madinah
4116,2024-06-23 00:00:00,5146.0,Cameras,Canon EOS 200D,2,3559.4,Apple Pay,Madinah
4117,21/10/2024,5457.0,Accessories,Bluetooth Headphones,4,35.09,Apple Pay,Dammam
4118,2024-05-02 00:00:00,5139.0,Laptops,MacBook Air M2,-1,4114.45,Apple Pay,Dammam
4119,2024-10-28 00:00:00,5394.0, Laptops,HP Pavilion 15,1,3893.64,Cash on Delivery,Jeddah
4120,2024-01-27 00:00:00,5161.0,Phones,Xiaomi Redmi Note 12,3,2447.82,Debit Card,Jeddah
4121,03/06/2024,5735.0,TVs,Samsung 55-inch QLED,3,3087.31,Cash on Delivery,Jeddah
4122,2024-10-17 00:00:00,5231.0,Phones,Oppo Reno 8,4,1718.84,Debit Card,Makkah
4123,"January 16, 2024",5543.0,Phones,iPhone 14,5,3106.29,Credit Card,Makkah
4124,2024-03-13,5747.0,Accessories,   USB-C Cable   ,1,301.11,Credit Card,Dammam
4125,2024-02-17 00:00:00,5160.0,Camera,Nikon D3500,5,3084.23,Cash on Delivery,Dammam
4126,2024-12-02 00:00:00,5517.0, Laptops,HP Pavilion 15,3,6873.67,Debit Card,Makkah
4127,16/05/2024,5509.0,TVs,LG 43-inch UHD,4,2221.98,Credit Card,Riyadh
4128,2024-11-27 00:00:00,5759.0,Laptops,Dell XPS 13,1,8684.69,Apple Pay,Dammam
4129,2024-08-15 00:00:00,,Laptops,Dell XPS 13,4,7950.2,Apple Pay,Jeddah
4130,2024-12-15 00:00:00,5199.0,TVs,LG 43-inch UHD,3,5986.47,Apple Pay,Jeddah
4131,2024-02-27,5781.0,TVs,Samsung 55-inch QLED,3,6079.52,Credit Card,Riyadh
4132,2024-08-12 00:00:00,5376.0,accessories,USB-C Cable,5,375.1,Credit Card,Riyadh
4133,2024-01-19 00:00:00,,Accessories,Wireless Mouse,1,231.37,Debit Card,Makkah
4134,02/03/2024,5474.0,Laptops,Dell XPS 13,3,3801.83,Debit Card,Dammam
4135,2024-08-05 00:00:00,5587.0,Laptops,  MacBook Air M2  ,1,6509.09,Cash on Delivery,Jeddah
4136,2024-07-22 00:00:00,5168.0,Phones,Samsung Galaxy S23,5,4100.09,Credit Card,Makkah
4137,2024-03-03 00:00:00,5354.0,Phones,Samsung Galaxy S23,-2,4082.71,Apple Pay,Madinah
4138,2024-09-22 00:00:00,5615.0,Accessories,USB-C Cable,4,222.94,Debit Card,Riyadh
4139,2024-05-06,5630.0,Laptops,Lenovo ThinkPad E14,3,2944.98,Debit Card,Dammam
4140,2024-04-30,5655.0,Accessories,USB-C Cable,2,167.31,Debit Card,Jeddah
4141,"December 24, 2024",5617.0,TV,Samsung 55-inch QLED,5,6587.99,Debit Card,Madinah
4142,2024-01-01 00:00:00,5707.0,Cameras,Canon EOS 200D,-3,3004.02,Cash on Delivery,Makkah
4143,2024-04-25 00:00:00,5437.0,LAPTOPS,HP Pavilion 15,2,5999.16,Debit Card,Makkah
4144,2024-01-18,5050.0,Phones,Xiaomi Redmi Note 12,4,2440.99,Apple Pay,Riyadh
4145,2024-01-24 00:00:00,5621.0, Cameras,Nikon D3500,-5,2226.42,Debit Card,Makkah
4146,2024-09-15 00:00:00,5039.0,TVs,Samsung 55-inch QLED,2,6455.8,Debit Card,Makkah
4147,2024-09-08 00:00:00,5102.0,Phones,iPhone 14,1,3832.62,Debit Card,Makkah
4148,2024-10-12 00:00:00,5504.0,accessories,USB-C Cable,5,321.33,Debit Card,Riyadh
4149,2024-05-14 00:00:00,5489.0,TVs,Sony 65-inch Bravia,5,4162.6,Cash on Delivery,Makkah
4150,2024-08-14 00:00:00,5214.0,Laptops,HP Pavilion 15,3,6596.61,Debit Card,Jeddah
4151,2024-03-13 00:00:00,5772.0,Laptops,Dell XPS 13,2,4114.49,Credit Card,Riyadh
4152,2024-05-09 00:00:00,5686.0,Cameras,Nikon D3500,2,3439.66,Cash on Delivery,Madinah
4153,2024-06-12,5414.0,Cameras,Canon EOS 200D,2,2439.36,Debit Card,Dammam
4154,2024-04-03 00:00:00,5380.0,Phones,Oppo Reno 8   ,5,3048.91,Cash on Delivery,Jeddah
4155,2024-04-05,5663.0,Phones,Oppo Reno 8,4,3772.63,Debit Card,Riyadh
4156,2024-05-19 00:00:00,5107.0,Phones,iPhone 14,4,4776.98,Apple Pay,Dammam
4157,2024-09-05 00:00:00,5312.0,laptops, MacBook Air M2,3,2916.04,Debit Card,Madinah
4158,2024-03-17 00:00:00,5793.0,Phones,Xiaomi Redmi Note 12,1,4386.6,Credit Card,
4159,2024-07-24 00:00:00,5234.0,TVs,Samsung 55-inch QLED   ,1,3320.39,Cash on Delivery,Makkah
4160,2024-08-30 00:00:00,5321.0,Cameras,GoPro Hero 11,3,2498.11,Apple Pay,Riyadh
4161,2024-01-24,5582.0,Accessories,Laptop Stand,3,38.11,Cash on Delivery,Dammam
4162,2024-11-16,5438.0,Phones,Samsung Galaxy S23,1,2553.66,Cash on Delivery,Riyadh
4163,2024-02-09 00:00:00,5438.0,Accessories,Wireless Mouse,-5,215.97,Cash on Delivery,Dammam
4164,2024-10-18 00:00:00,5216.0,Accessories,Wireless Mouse,1,50.79,,Madinah
4165,08-18-2024,5189.0,Cameras,Nikon D3500,5,-17.92,Apple Pay,Dammam
4166,2024-01-01 00:00:00,5172.0,Phones,Oppo Reno 8,2,4744.89,Credit Card,Dammam
4167,07/12/2024,5667.0,TVs,   Samsung 55-inch QLED,1,2348.04,Credit Card,
4168,2024-03-10 00:00:00,5075.0,tvs,Samsung 55-inch QLED,-1,5775.09,Debit Card,
4169,2024-08-08 00:00:00,,Laptops,Dell XPS 13   ,5,5162.86,Apple Pay,Makkah
4170,20/08/2024,5535.0,Cameras,GoPro Hero 11,4,3258.63,Credit Card,
4171,2024-02-07 00:00:00,5495.0,TVs,Samsung 55-inch QLED,2,3153.23,Apple Pay,Makkah
4172,2024-11-04 00:00:00,5667.0,Laptops,MacBook Air M2,2,3536.7,Debit Card,Makkah
4173,2024-01-15 00:00:00,5543.0,TVs,Sony 65-inch Bravia,4,2634.41,Cash on Delivery,Madinah
4174,2024-08-31 00:00:00,5242.0,Cameras,GoPro Hero 11,5,1153.77,Apple Pay,Dammam
4175,2024-04-13 00:00:00,, Laptops,HP Pavilion 15,1,3706.7,Credit Card,Makkah
4176,2024-01-16 00:00:00,5238.0,Accessories,USB-C Cable,5,275.76,Cash on Delivery,Jeddah
4177,2024-01-24 00:00:00,5070.0,Phones,Samsung Galaxy S23,2,4585.92,Credit Card,Madinah
4178,2024-06-27 00:00:00,5289.0,Accessories,Wireless Mouse,4,331.23,Apple Pay,Dammam
4179,2024-08-21 00:00:00,5728.0,Cameras,GoPro Hero 11,3,3366.48,Apple Pay,Riyadh
4180,2024-03-12 00:00:00,5313.0,Phones,iPhone 14,4,1886.51,Apple Pay,Makkah
4181,2024-09-11 00:00:00,5458.0,Accessories,Laptop Stand,4,137.0,Cash on Delivery,Madinah
4182,2024-06-07 00:00:00,5394.0,CAMERAS ,Nikon D3500,1,2015.3,Apple Pay,Jeddah
4183,2024-12-19 00:00:00,5033.0,Accessories,Laptop Stand,1,122.48,Cash on Delivery,Dammam
4184,2024-05-05 00:00:00,5481.0,Phones,Oppo Reno 8,3,3302.52,Cash on Delivery,Jeddah
4185,2024-10-28 00:00:00,5436.0,Laptops,MacBook Air M2,4,5981.1,Cash on Delivery,Madinah
4186,2024-08-25 00:00:00,5650.0,Cameras,Canon EOS 200D,4,2184.79,Credit Card,
4187,2024-07-02 00:00:00,5328.0,Cameras,GoPro Hero 11,2,2173.64,Apple Pay,Jeddah
4188,21/12/2024,5183.0,Laptops,MacBook Air M2,-3,7885.61,Apple Pay,Riyadh
4189,2024-02-26 00:00:00,5423.0,Accessories,Bluetooth Headphones,2,322.04,Debit Card,Makkah
4190,2024-06-02 00:00:00,5628.0,Laptops,   Lenovo ThinkPad E14   ,2,4500.67,Credit Card,Dammam
4191,2024-11-09 00:00:00,,Accessories,Bluetooth Headphones,4,368.1,Cash on Delivery,Dammam
4192,2024-06-01 00:00:00,5763.0,TVs,Samsung 55-inch QLED,-3,6754.64,Cash on Delivery,Dammam
4193,2024-12-29 00:00:00,5626.0,Laptops,HP Pavilion 15,3,4623.83,Credit Card,Dammam
4194,2024-10-18 00:00:00,5248.0,Phones,Oppo Reno 8,5,2740.49,Debit Card,Madinah
4195,23/10/2024,,Accessories,Bluetooth Headphones,4,217.08,Cash on Delivery,Jeddah
4196,2024-05-15 00:00:00,5229.0,Accessories,Laptop Stand,1,378.21,Debit Card,Jeddah
4197,2024-09-13,5740.0, Phones,Xiaomi Redmi Note 12,4,4567.12,Debit Card,Madinah
4198,2024-04-21,5255.0,TVs,Sony 65-inch Bravia,5,2333.35,Cash on Delivery,Riyadh
4199,"January 05, 2024",5062.0,Laptops,MacBook Air M2,5,5052.75,Apple Pay,Jeddah
4200,2024-09-02,5308.0,Laptops,MacBook Air M2,1,6096.91,Apple Pay,Dammam
4201,04/08/2024,5344.0,cameras,Nikon D3500,3,2711.28,Apple Pay,Dammam
4202,2024-03-08 00:00:00,5010.0,Tvs ,Sony 65-inch Bravia,2,2808.09,Credit Card,
4203,2024-05-22 00:00:00,5390.0,Phones,Xiaomi Redmi Note 12,5,4505.86,Apple Pay,Dammam
4204,2024-11-08 00:00:00,5144.0,Phones,Samsung Galaxy S23,2,3869.29,Credit Card,Riyadh
4205,2024-03-10 00:00:00,5341.0,Accessories,Wireless Mouse,1,340.03,Debit Card,Makkah
4206,2024-09-27 00:00:00,5338.0,TVs,LG 43-inch UHD,5,6265.57,Apple Pay,Jeddah
4207,2024-11-17 00:00:00,5440.0, Cameras,Nikon D3500   ,-4,3594.08,Credit Card,Madinah
4208,05/02/2024,5305.0,Phones,Samsung Galaxy S23,3,3037.24,Cash on Delivery,Madinah
4209,2024-12-22 00:00:00,5226.0,LAPTOPS,HP Pavilion 15,3,6468.55,Apple Pay,Makkah
4210,2024-04-24 00:00:00,5209.0,Phones,iPhone 14,5,2061.28,Cash on Delivery,Riyadh
4211,2024-04-07 00:00:00,5034.0,Accessories,USB-C Cable,4,279.25,Debit Card,Jeddah
4212,2024-06-07 00:00:00,5271.0,Laptops,Dell XPS 13,4,3665.15,Cash on Delivery,Jeddah
4213,2024-12-01 00:00:00,,TVs,Samsung 55-inch QLED,1,5408.54,Credit Card,Dammam
4214,2024-10-23 00:00:00,5028.0,TVs,Sony 65-inch Bravia,4,2993.91,Apple Pay,Madinah
4215,29/12/2024,5771.0, Phones,Xiaomi Redmi Note 12,2,1911.43,Cash on Delivery,Makkah
4216,2024-03-19 00:00:00,5292.0,Cameras,Canon EOS 200D,1,1495.02,Apple Pay,
4217,2024-05-14 00:00:00,5212.0,Phones,Oppo Reno 8,2,1506.97,Credit Card,Dammam
4218,2024-03-20 00:00:00,5167.0, Accessories ,Wireless Mouse,2,295.93,Cash on Delivery,Riyadh
4219,2024-08-04 00:00:00,5459.0,Laptops,HP Pavilion 15,4,171204.73490736954,Cash on Delivery,Jeddah
4220,04-11-2024,5156.0,Accessories,  USB-C Cable  ,2,220.53,Debit Card,Madinah
4221,"January 05, 2024",5338.0,Cameras, Canon EOS 200D ,2,1480.91,Credit Card,Jeddah
4222,2024-02-25 00:00:00,5235.0,TVs,Sony 65-inch Bravia ,2,2234.48,Debit Card,Riyadh
4223,11/04/2024,5451.0,phones,Samsung Galaxy S23,3,1566.95,Apple Pay,Makkah
4224,2024-12-09 00:00:00,5010.0,Phones,iPhone 14,4,2080.12,Apple Pay,Dammam
4225,"March 13, 2024",5255.0,TVs,LG 43-inch UHD,4,6432.45,Cash on Delivery,Dammam
4226,2024-05-22 00:00:00,5080.0,Phone,Samsung Galaxy S23,3,2345.38,Debit Card,Riyadh
4227,2024-10-24 00:00:00,5174.0,Laptops,Dell XPS 13,5,4802.76,Cash on Delivery,Makkah
4228,04-20-2024,5130.0,Laptops,MacBook Air M2,3,3184.75,Debit Card,Riyadh
4229,2024-08-22 00:00:00,5465.0,Cameras,Nikon D3500,1,1700.5,Credit Card,Riyadh
4230,2024-12-04 00:00:00,5382.0,Laptops,Dell XPS 13,2,5874.96,Cash on Delivery,Riyadh
4231,2024-07-30 00:00:00,5487.0,Phones,Oppo Reno 8,3,3627.13,Apple Pay,Riyadh
4232,2024-05-13 00:00:00,,TVs,LG 43-inch UHD,4,3075.83,Credit Card,Madinah
4233,2024-01-26 00:00:00,5232.0,Laptops,HP Pavilion 15,4,2875.26,Cash on Delivery,Madinah
4234,2024-03-19 00:00:00,5517.0,Cameras,Nikon D3500,4,2307.72,Debit Card,Dammam
4235,2024-03-20 00:00:00,5800.0,Phones,Samsung Galaxy S23,3,2319.71,Credit Card,Madinah
4236,2024-07-20 00:00:00,5519.0, Accessories ,Laptop Stand,5,111.23,Cash on Delivery,Dammam
4237,"September 05, 2024",5587.0,Laptops,Dell XPS 13,2,8739.11,Debit Card,Makkah
4238,2024-02-21 00:00:00,5048.0,Phones,Samsung Galaxy S23,2,3657.05,Credit Card,Riyadh
4239,2024-09-19 00:00:00,5704.0,Phones,Oppo Reno 8,1,81328.85735867386,Debit Card,Dammam
4240,2024-11-10 00:00:00,5050.0,CAMERAS ,Nikon D3500,1,2396.79,Credit Card,Makkah
4241,2024-12-21 00:00:00,5154.0,TVs,LG 43-inch UHD,1,4030.51,Debit Card,Madinah
4242,2024-10-27 00:00:00,5182.0,Accessories,Wireless Mouse,5,230.13,Cash on Delivery,Dammam
4243,02-26-2024,5179.0,Cameras,Nikon D3500,4,3407.15,Credit Card,Jeddah
4244,2024-07-17 00:00:00,5570.0,Laptops,Lenovo ThinkPad E14,3,7063.95,Debit Card,Jeddah
4245,2024-03-24 00:00:00,5153.0,TVs,Samsung 55-inch QLED,1,2692.81,Cash on Delivery,Dammam
4246,2024-07-11 00:00:00,5701.0,Laptops,MacBook Air M2,2,5750.73,Apple Pay,Dammam
4247,"April 08, 2024",5200.0,Accessories,  Laptop Stand  ,2,182.42,Credit Card,Madinah
4248,30/05/2024,5312.0,Laptops,HP Pavilion 15,3,8158.43,Apple Pay,Riyadh
4249,2024-09-12 00:00:00,5277.0,Cameras,GoPro Hero 11,5,3173.11,,Riyadh
4250,2024-03-26 00:00:00,5699.0,TVs,Samsung 55-inch QLED,1,4569.02,Cash on Delivery,Madinah
4251,"December 16, 2024",5784.0,TVs,Sony 65-inch Bravia,3,2400.05,Credit Card,Madinah
4252,2024-12-15 00:00:00,5638.0,Accessories,   USB-C Cable   ,4,254.09,Apple Pay,
4253,08/06/2024,5758.0,Laptop,Lenovo ThinkPad E14,2,3261.83,Debit Card,Madinah
4254,2024-04-29 00:00:00,5509.0,Accessories,Laptop Stand,3,154.77,Debit Card,Makkah
4255,2024-03-28 00:00:00,5157.0,TVs,LG 43-inch UHD,2,2542.78,Cash on Delivery,Madinah
4256,2024-02-11 00:00:00,,Phones,   Oppo Reno 8,4,3922.26,Cash on Delivery,Madinah
4257,2024-01-15,5606.0,Laptops,  Dell XPS 13  ,3,3840.64,Debit Card,Jeddah
4258,"February 06, 2024",5043.0, Accessories ,Wireless Mouse,3,174.99,Apple Pay,Jeddah
4259,2024-06-10 00:00:00,5446.0,Laptops,HP Pavilion 15 ,5,8321.89,Apple Pay,Jeddah
4260,2024-12-08 00:00:00,5637.0,LAPTOPS,Lenovo ThinkPad E14,2,3828.06,Apple Pay,Jeddah
4261,2024-01-22 00:00:00,5343.0,Accessories, USB-C Cable,4,217.89,Apple Pay,Riyadh
4262,2024-11-26 00:00:00,5199.0,Accessories, Wireless Mouse ,5,185.13,Cash on Delivery,
4263,2024-04-24 00:00:00,5279.0,Laptops,MacBook Air M2,5,2617.81,Credit Card,Riyadh
4264,"April 24, 2024",5181.0,Cameras,GoPro Hero 11,2,3753.93,Credit Card,Riyadh
4265,2024-03-29 00:00:00,5523.0,Laptops,MacBook Air M2,1,2948.8,Cash on Delivery,Dammam
4266,2024-10-02 00:00:00,5427.0,Phones,   Xiaomi Redmi Note 12,2,3159.89,Apple Pay,Madinah
4267,2024-07-24 00:00:00,5781.0,Cameras,Nikon D3500,3,2918.44,Credit Card,Riyadh
4268,2024-09-28 00:00:00,5550.0,Cameras,Canon EOS 200D,-3,3162.34,Cash on Delivery,Madinah
4269,2024-06-07 00:00:00,5043.0,phones,Oppo Reno 8,3,3910.21,Debit Card,Riyadh
4270,"October 18, 2024",5653.0,TVs,Samsung 55-inch QLED,5,3117.02,Apple Pay,Makkah
4271,05-05-2024,5653.0,Cameras, Nikon D3500 ,3,935.92,Cash on Delivery,Makkah
4272,2024-07-23 00:00:00,5445.0,TVs,LG 43-inch UHD,3,5561.91,Credit Card,Madinah
4273,2024-05-31 00:00:00,5144.0,Laptops,Dell XPS 13,2,5981.77,Credit Card,Madinah
4274,2024-04-01 00:00:00,5017.0,TV,Samsung 55-inch QLED,1,6147.81,Debit Card,Jeddah
4275,"January 24, 2024",5259.0,Accessories,Wireless Mouse,3,333.91,Debit Card,Madinah
4276,2024-02-27 00:00:00,5581.0,Cameras,Canon EOS 200D,3,3935.97,Apple Pay,Madinah
4277,2024-08-29 00:00:00,5778.0,Phones,iPhone 14,5,3197.83,Apple Pay,
4278,2024-11-08 00:00:00,5707.0,TVs,Sony 65-inch Bravia,5,3534.87,Cash on Delivery,Madinah
4279,2024-11-29 00:00:00,5753.0,cameras,Canon EOS 200D,2,3749.61,Debit Card,Riyadh
4280,30/01/2024,5419.0,Cameras,Canon EOS 200D,2,2524.66,Apple Pay,Makkah
4281,2024-12-27 00:00:00,5356.0,Phone,Samsung Galaxy S23,1,2142.05,Credit Card,Riyadh
4282,2024-10-03 00:00:00,5405.0,Laptops,Dell XPS 13   ,3,8057.33,Debit Card,Madinah
4283,"January 02, 2024",5183.0,Laptops,MacBook Air M2,-3,8236.64,Credit Card,Dammam
4284,2024-09-28 00:00:00,5566.0,Accessories,USB-C Cable,2,202.53,Credit Card,Dammam
4285,"November 11, 2024",5461.0,LAPTOPS,Lenovo ThinkPad E14,2,2992.05,Credit Card,Riyadh
4286,2024-12-23 00:00:00,,TVs,Sony 65-inch Bravia,4,3816.7,Debit Card,Makkah
4287,2024-04-26 00:00:00,5624.0,TVs,Samsung 55-inch QLED,2,5978.4,Debit Card,Madinah
4288,04-14-2024,5764.0,TVs,Sony 65-inch Bravia,2,6489.22,Apple Pay,Makkah
4289,2024-11-21 00:00:00,5407.0,Phones,Xiaomi Redmi Note 12 ,1,2212.15,Apple Pay,Jeddah
4290,"May 06, 2024",5000.0,Tvs ,Samsung 55-inch QLED,4,2148.26,Cash on Delivery,Riyadh
4291,2024-03-20 00:00:00,5231.0,Phones,Samsung Galaxy S23,5,4570.73,Debit Card,Jeddah
4292,2024-02-20 00:00:00,5191.0,Cameras,Canon EOS 200D,5,2301.86,Debit Card,Dammam
4293,2024-11-03 00:00:00,5725.0,TVs,   Sony 65-inch Bravia   ,1,4617.16,Apple Pay,Dammam
4294,2024-09-03 00:00:00,5666.0,Phones,Oppo Reno 8,4,4888.23,Apple Pay,Riyadh
4295,18/11/2024,5650.0,Phones,  Oppo Reno 8  ,3,1732.98,,Riyadh
4296,"February 21, 2024",5636.0,Cameras,GoPro Hero 11,3,3233.94,Debit Card,Riyadh
4297,2024-11-06 00:00:00,5471.0,Laptops,Lenovo ThinkPad E14,4,2981.69,Apple Pay,Riyadh
4298,02-26-2024,5546.0,Cameras,GoPro Hero 11,3,2251.69,Apple Pay,Madinah
4299,2024-06-28 00:00:00,5733.0,Laptops,HP Pavilion 15,4,7724.79,Debit Card,
4300,2024-07-11 00:00:00,5393.0,Laptops,Lenovo ThinkPad E14,3,5317.57,Apple Pay,Madinah
4301,2024-10-21 00:00:00,5458.0,Laptops,HP Pavilion 15,-1,8981.69,Debit Card,Dammam
4302,2024-11-11 00:00:00,5333.0, Laptops,HP Pavilion 15,5,6133.89,Debit Card,Dammam
4303,12-09-2024,5755.0, Laptops,HP Pavilion 15,4,4587.55,Credit Card,Makkah
4304,2024-10-23,5274.0,ACCESSORIES,USB-C Cable,5,111.44,Credit Card,Makkah
4305,2024-11-12 00:00:00,5311.0,TVs,Samsung 55-inch QLED,4,3622.71,Apple Pay,Madinah
4306,2024-10-20 00:00:00,5022.0,Phones,Oppo Reno 8,5,2803.87,Apple Pay,Makkah
4307,2024-10-10 00:00:00,5702.0,Cameras,Canon EOS 200D,5,1147.37,Apple Pay,Dammam
4308,2024-10-13 00:00:00,5282.0,TVs,LG 43-inch UHD,3,3721.79,Cash on Delivery,Makkah
4309,2024-11-07 00:00:00,5420.0,Phones,Samsung Galaxy S23,-5,3124.83,Cash on Delivery,Riyadh
4310,2024-05-27 00:00:00,5408.0,TVs,Samsung 55-inch QLED,4,5558.24,Cash on Delivery,
4311,2024-09-30 00:00:00,5795.0,Cameras,GoPro Hero 11,1,3264.23,Apple Pay,Dammam
4312,2024-01-15 00:00:00,5010.0,Cameras,GoPro Hero 11,3,3451.56,Cash on Delivery,Dammam
4313,2024-12-05 00:00:00,5334.0,Cameras,Canon EOS 200D,5,930.11,Apple Pay,Riyadh
4314,2024-01-17 00:00:00,5469.0,Laptops,MacBook Air M2,-2,3914.84,Apple Pay,Jeddah
4315,2024-07-23 00:00:00,,Phones,Oppo Reno 8,3,3815.9,,Riyadh
4316,2024-09-30 00:00:00,5106.0,Laptops,HP Pavilion 15,3,5645.93,Cash on Delivery,Madinah
4317,"November 10, 2024",5337.0,Laptops,MacBook Air M2,5,2534.54,Debit Card,Riyadh
4318,2024-12-07 00:00:00,5609.0,TVs,LG 43-inch UHD,5,5983.37,Debit Card,Madinah
4319,2024-02-24 00:00:00,5242.0,Tvs ,LG 43-inch UHD,5,5818.61,Cash on Delivery,Makkah
4320,2024-08-16 00:00:00,5000.0,PHONES,Samsung Galaxy S23,3,3419.47,Credit Card,Riyadh
4321,13/12/2024,5104.0,LAPTOPS,MacBook Air M2,3,2932.01,Apple Pay,Makkah
4322,07-01-2024,5396.0, Cameras,GoPro Hero 11,2,3659.45,Credit Card,Dammam
4323,10/12/2024,5554.0,ACCESSORIES,Wireless Mouse,3,245.97,Debit Card,Makkah
4324,2024-08-17 00:00:00,5779.0,Accessories,Laptop Stand,5,319.33,Credit Card,Madinah
4325,2024-01-10 00:00:00,5424.0,TVs,Sony 65-inch Bravia  ,1,5709.08,Apple Pay,Jeddah
4326,"February 27, 2024",5704.0,Phones,iPhone 14,2,4310.51,Apple Pay,Dammam
4327,2024-04-28 00:00:00,5258.0,Phones,iPhone 14   ,3,3313.03,Cash on Delivery,Dammam
4328,2024-07-20 00:00:00,5432.0,Laptops,MacBook Air M2,4,3412.11,Cash on Delivery,Dammam
4329,2024-07-10 00:00:00,5386.0,Cameras,  Nikon D3500  ,2,3316.17,Cash on Delivery,Riyadh
4330,2024-02-29 00:00:00,5611.0,Laptops,Dell XPS 13,-3,6533.08,Cash on Delivery,Madinah
4331,2024-03-11,5188.0,Tvs ,LG 43-inch UHD,3,5659.72,Apple Pay,Jeddah
4332,2024-11-07 00:00:00,5220.0,Laptops,MacBook Air M2,1,3604.23,Cash on Delivery,Jeddah
4333,01-16-2024,5491.0,Accessories,Laptop Stand,3,102.14,Apple Pay,Dammam
4334,10-04-2024,,TVs,LG 43-inch UHD,3,6430.13,Cash on Delivery,Dammam
4335,2024-06-16 00:00:00,,LAPTOPS,Lenovo ThinkPad E14,2,7374.86,Credit Card,Jeddah
4336,2024-01-04 00:00:00,5294.0,Laptops,HP Pavilion 15,4,8403.49,Credit Card,Jeddah
4337,"April 21, 2024",5057.0,Accessories,Bluetooth Headphones,1,310.72,Debit Card,Madinah
4338,2024-07-20 00:00:00,5069.0,Phones,Samsung Galaxy S23,2,3590.04,Debit Card,Riyadh
4339,2024-11-23 00:00:00,5160.0,TVs,Samsung 55-inch QLED,2,5201.49,Apple Pay,Makkah
4340,2024-10-01,5354.0,TVs,LG 43-inch UHD ,5,6423.47,Debit Card,Madinah
4341,2024-12-30 00:00:00,5185.0,Cameras,Nikon D3500,3,2983.7,Cash on Delivery,Jeddah
4342,06-05-2024,5729.0,Cameras,GoPro Hero 11,2,3176.61,Cash on Delivery,Jeddah
4343,07-26-2024,5377.0,Accessories,Wireless Mouse,1,87.9,Cash on Delivery,Makkah
4344,2024-08-17,5053.0,Camera,Canon EOS 200D,1,2606.12,Credit Card,Dammam
4345,2024-01-25 00:00:00,5094.0,Cameras,  GoPro Hero 11,3,3479.03,Cash on Delivery,Madinah
4346,2024-08-20 00:00:00,5235.0, Accessories ,   Laptop Stand   ,3,130.25,Cash on Delivery,Makkah
4347,2024-07-01 00:00:00,5541.0,Accessories,  USB-C Cable,2,104.83,Cash on Delivery,Makkah
4348,2024-08-24 00:00:00,5307.0,Accessories,Wireless Mouse ,1,146.12,Cash on Delivery,
4349,2024-04-12 00:00:00,5208.0,Cameras,   Nikon D3500,3,1769.4,Cash on Delivery,Madinah
4350,2024-04-28 00:00:00,5199.0,Phones,Xiaomi Redmi Note 12,4,2252.19,Credit Card,Jeddah
4351,"August 03, 2024",5245.0,Phones,Samsung Galaxy S23   ,1,2986.98,Credit Card,Jeddah
4352,2024-04-03 00:00:00,5485.0,Cameras, GoPro Hero 11 ,4,4168.22,Credit Card,Madinah
4353,"March 30, 2024",5178.0,Cameras,GoPro Hero 11,5,2725.41,Credit Card,Dammam
4354,2024-08-31 00:00:00,5568.0, TVs,Sony 65-inch Bravia,2,2777.19,Credit Card,Dammam
4355,2024-06-10 00:00:00,5125.0,Tvs ,Samsung 55-inch QLED   ,1,2200.25,Cash on Delivery,Jeddah
4356,2024-06-05 00:00:00,5335.0,TVs,Sony 65-inch Bravia,4,5420.01,Cash on Delivery,Jeddah
4357,2024-09-19 00:00:00,5578.0,Laptops,Lenovo ThinkPad E14,-1,4988.19,Credit Card,Madinah
4358,2024-08-05 00:00:00,5285.0,Phones,Xiaomi Redmi Note 12,4,4376.41,Debit Card,Dammam
4359,2024-02-14 00:00:00,5166.0,TVs,LG 43-inch UHD,4,123310.34348473375,Apple Pay,Makkah
4360,2024-10-28 00:00:00,5214.0,Camera,Nikon D3500,1,3766.47,Cash on Delivery,Jeddah
4361,2024-10-27 00:00:00,5644.0, TVs,Samsung 55-inch QLED,5,3214.12,Cash on Delivery,Makkah
4362,2024-06-23 00:00:00,5114.0,TVs,LG 43-inch UHD,1,5400.27,Credit Card,Riyadh
4363,2024-09-02,5239.0,phones,Xiaomi Redmi Note 12,2,2424.22,Credit Card,Madinah
4364,2024-02-18 00:00:00,5297.0,Accessories,USB-C Cable,1,377.46,Apple Pay,Madinah
4365,2024-11-29 00:00:00,5753.0,Accessory, USB-C Cable ,3,265.46,Apple Pay,Dammam
4366,"January 06, 2024",5379.0,Camera,GoPro Hero 11,5,2068.24,Apple Pay,Madinah
4367,2024-10-14 00:00:00,5650.0,TVs,Samsung 55-inch QLED,3,3201.46,,Dammam
4368,2024-09-23,5052.0,Cameras,Nikon D3500,2,1587.34,Credit Card,Madinah
4369,2024-02-06 00:00:00,5623.0,Laptops, Dell XPS 13,4,7015.17,Apple Pay,Madinah
4370,02/06/2024,5462.0,Phones,Samsung Galaxy S23,5,2265.5,Debit Card,Madinah
4371,2024-01-08 00:00:00,5336.0,Phones,Oppo Reno 8,3,3583.56,Cash on Delivery,Dammam
4372,2024-04-15 00:00:00,5535.0,Phones,Xiaomi Redmi Note 12,4,2426.22,Apple Pay,Jeddah
4373,2024-02-23 00:00:00,,TVs,Sony 65-inch Bravia,1,5242.24,Debit Card,Jeddah
4374,2024-09-27 00:00:00,5549.0,Phones,Samsung Galaxy S23,-5,4352.29,Cash on Delivery,Makkah
4375,2024-10-22 00:00:00,5081.0,Phones,iPhone 14,2,4223.09,Apple Pay,Madinah
4376,2024-10-22 00:00:00,5672.0,Accessories,Bluetooth Headphones,1,311.51,Credit Card,Madinah
4377,2024-03-26 00:00:00,5590.0,Cameras,GoPro Hero 11,1,1575.8,Apple Pay,Makkah
4378,2024-10-06,5599.0,Phones,Xiaomi Redmi Note 12,2,1809.35,Apple Pay,Makkah
4379,2024-07-10 00:00:00,5551.0,Laptops,Dell XPS 13,1,7043.17,Cash on Delivery,Madinah
4380,2024-01-07 00:00:00,5689.0,Phones,Oppo Reno 8,3,2789.22,Debit Card,Jeddah
4381,2024-03-03 00:00:00,5081.0,TVs,   Samsung 55-inch QLED,1,4048.2,Debit Card,Madinah
4382,2024-09-29 00:00:00,5137.0,phones,Samsung Galaxy S23,-2,1609.02,Apple Pay,Dammam
4383,03-03-2024,5587.0,Accessories,Bluetooth Headphones,2,126.04,Apple Pay,Riyadh
4384,2024-09-30,5290.0,Phones,   Xiaomi Redmi Note 12   ,1,1617.87,Credit Card,
4385,2024-03-10 00:00:00,5211.0,Accessories,Wireless Mouse,3,355.3,Debit Card,Makkah
4386,2024-06-24 00:00:00,5388.0,TVs,Samsung 55-inch QLED   ,5,3065.66,Apple Pay,Jeddah
4387,2024-08-13 00:00:00,5521.0,TVs,   Samsung 55-inch QLED,1,4698.15,Debit Card,Dammam
4388,2024-10-17 00:00:00,5247.0,Cameras,Nikon D3500,2,1040.33,Debit Card,Dammam
4389,2024-12-26 00:00:00,5329.0, Cameras,Canon EOS 200D,1,3300.65,Cash on Delivery,Madinah
4390,06-07-2024,5088.0,TVs,Samsung 55-inch QLED,3,3479.74,Apple Pay,Jeddah
4391,11/07/2024,,Accessories,Laptop Stand,2,362.23,Apple Pay,Madinah
4392,2024-02-29 00:00:00,5252.0,accessories,Bluetooth Headphones,1,-29.43,Apple Pay,Dammam
4393,2024-11-10 00:00:00,5245.0,TVs,Sony 65-inch Bravia,1,3491.51,Debit Card,Madinah
4394,"April 03, 2024",5557.0,TVs,LG 43-inch UHD,4,6485.0,Credit Card,Jeddah
4395,11-28-2024,5351.0,Cameras,Nikon D3500,4,4486.17,Apple Pay,Riyadh
4396,2024-03-31 00:00:00,5261.0,Laptops,HP Pavilion 15,5,7865.2,Credit Card,Makkah
4397,2024-12-26,5107.0,Accessories,Wireless Mouse,4,342.6,Credit Card,Riyadh
4398,2024-08-24 00:00:00,5548.0,Cameras,GoPro Hero 11,3,1796.43,Debit Card,
4399,2024-05-15 00:00:00,5038.0,ACCESSORIES,Laptop Stand,1,243.38,Cash on Delivery,Riyadh
4400,2024-03-10 00:00:00,5270.0,Laptops,MacBook Air M2,4,2937.16,Debit Card,Riyadh
4401,2024-08-02 00:00:00,5521.0,Laptop,Lenovo ThinkPad E14,2,3116.97,Apple Pay,Jeddah
4402,2024-11-20 00:00:00,5118.0,Phones,Xiaomi Redmi Note 12,3,4996.12,Cash on Delivery,Makkah
4403,27/04/2024,5022.0,Cameras,GoPro Hero 11,5,2075.9,Cash on Delivery,Jeddah
4404,2024-10-21 00:00:00,5411.0,Cameras,Nikon D3500,1,3593.46,Apple Pay,Makkah
4405,2024-10-18 00:00:00,5549.0,Accessories,Wireless Mouse   ,2,328.47,Debit Card,Madinah
4406,05-18-2024,5723.0,Accessories,Laptop Stand,3,347.47,Cash on Delivery,Riyadh
4407,2024-10-02 00:00:00,5126.0,LAPTOPS,HP Pavilion 15,4,8984.58,Debit Card,Makkah
4408,2024-04-10 00:00:00,5573.0,TVs,  LG 43-inch UHD,1,3055.78,Apple Pay,Madinah
4409,2024-07-15 00:00:00,5312.0,Phones,iPhone 14,3,1641.23,Credit Card,Jeddah
4410,"September 16, 2024",5481.0,Laptops,  MacBook Air M2  ,4,5172.74,Debit Card,Madinah
4411,2024-07-02 00:00:00,5219.0,TVs,Sony 65-inch Bravia,5,2476.42,Debit Card,Jeddah
4412,2024-08-31,5096.0,TVs,LG 43-inch UHD,4,1916.61,Credit Card,Dammam
4413,2024-11-05 00:00:00,5197.0,Laptops,MacBook Air M2,1,4842.77,Credit Card,Dammam
4414,2024-08-02 00:00:00,5130.0,Cameras,GoPro Hero 11   ,1,3721.46,Debit Card,
4415,2024-06-27 00:00:00,5268.0,TVs,Samsung 55-inch QLED,3,-38.5,,Riyadh
4416,29/04/2024,5461.0,Phones,Samsung Galaxy S23,1,2594.72,Credit Card,
4417,2024-01-04 00:00:00,5020.0,TVs,Samsung 55-inch QLED,3,5202.58,Cash on Delivery,Riyadh
4418,2024-12-19 00:00:00,5578.0,Phones,Oppo Reno 8,5,2312.06,,Riyadh
4419,2024-05-18 00:00:00,5658.0,Laptops,Dell XPS 13,3,2593.48,Debit Card,Madinah
4420,14/11/2024,5649.0,Phones,iPhone 14,4,4175.24,Cash on Delivery,Riyadh
4421,21/05/2024,5601.0,Laptops,Dell XPS 13,5,6554.33,Apple Pay,Riyadh
4422,2024-03-18 00:00:00,5416.0,Cameras,Nikon D3500,4,3644.29,Cash on Delivery,Madinah
4423,31/03/2024,5305.0,Laptop,Dell XPS 13,3,2753.1,Credit Card,Makkah
4424,2024-05-28 00:00:00,5176.0,Laptops,Dell XPS 13,1,7941.28,Cash on Delivery,Jeddah
4425,2024-02-25 00:00:00,5197.0,TVs,Samsung 55-inch QLED,5,-48.27,Credit Card,Riyadh
4426,2024-09-26,5220.0,Accessories,Laptop Stand   ,4,238.46,Credit Card,Makkah
4427,2024-01-07 00:00:00,5711.0,Phones,Oppo Reno 8,2,3686.15,Apple Pay,Makkah
4428,2024-03-18 00:00:00,5343.0,Laptops,MacBook Air M2,1,8118.82,Credit Card,Madinah
4429,2024-07-31 00:00:00,5369.0,Laptop,Lenovo ThinkPad E14,2,6315.09,Credit Card,Madinah
4430,2024-10-05 00:00:00,5347.0,Laptops,  Lenovo ThinkPad E14,-5,6276.18,Credit Card,Riyadh
4431,2024-11-05 00:00:00,5098.0,TVs,LG 43-inch UHD,3,6951.53,Credit Card,Riyadh
4432,03-10-2024,5472.0,TV,Samsung 55-inch QLED,3,5735.0,Credit Card,Riyadh
4433,2024-02-15 00:00:00,5175.0,Laptops,Lenovo ThinkPad E14,2,5374.91,Credit Card,Makkah
4434,2024-02-25 00:00:00,5042.0,Laptops,MacBook Air M2,2,7098.08,Apple Pay,Madinah
4435,02-08-2024,5190.0,Cameras,Nikon D3500,4,2301.23,Apple Pay,Jeddah
4436,"September 05, 2024",5114.0,Phones,iPhone 14   ,3,2301.06,Cash on Delivery,Makkah
4437,2024-10-18 00:00:00,5006.0,TVs,Samsung 55-inch QLED,2,4903.63,Credit Card,Makkah
4438,2024-06-05 00:00:00,5148.0,TVs,LG 43-inch UHD,2,6626.55,,
4439,2024-05-30,5147.0,Laptops,HP Pavilion 15,2,8539.41,Debit Card,Dammam
4440,2024-01-08 00:00:00,5219.0,Phones,Oppo Reno 8,2,2696.67,Cash on Delivery,Jeddah
4441,2024-02-12 00:00:00,5278.0,Cameras,Nikon D3500,2,2799.64,Credit Card,Madinah
4442,08-30-2024,5023.0,Accessories,Laptop Stand,2,108.31,Apple Pay,Madinah
4443,2024-08-03 00:00:00,,Laptops,Dell XPS 13,3,8971.6,Cash on Delivery,Riyadh
4444,2024-07-28,5307.0,Laptops,Lenovo ThinkPad E14 ,1,8877.27,Apple Pay,Madinah
4445,12-12-2024,5708.0,Cameras,Canon EOS 200D,2,3238.23,Cash on Delivery,Dammam
4446,2024-02-27 00:00:00,5108.0,Accessories,Bluetooth Headphones,-4,327.63,Credit Card,Jeddah
4447,12-06-2024,5440.0,Phones,iPhone 14,5,4002.85,Credit Card,Jeddah
4448,2024-12-25 00:00:00,5490.0,Cameras,Nikon D3500,3,3035.37,Apple Pay,Dammam
4449,2024-09-20 00:00:00,5474.0,Cameras,Nikon D3500,4,1092.05,Debit Card,Jeddah
4450,2024-01-05 00:00:00,5467.0,TVs,Samsung 55-inch QLED,5,4164.77,Cash on Delivery,Dammam
4451,09-18-2024,5090.0,Accessories,Wireless Mouse   ,2,279.67,Apple Pay,Madinah
4452,2024-10-19 00:00:00,5634.0,Cameras,Canon EOS 200D,1,3339.11,Apple Pay,Dammam
4453,13/02/2024,5051.0,CAMERAS ,Canon EOS 200D,4,2243.24,Cash on Delivery,Riyadh
4454,2024-09-27 00:00:00,5747.0, TVs,Sony 65-inch Bravia,2,6696.8,Apple Pay,Madinah
4455,2024-06-15 00:00:00,5275.0,Laptops,Dell XPS 13,2,3587.82,Cash on Delivery,Madinah
4456,2024-05-18 00:00:00,5161.0,Camera,Nikon D3500,4,2701.29,Credit Card,Madinah
4457,20/10/2024,5280.0,Phones ,Samsung Galaxy S23,5,3918.09,Apple Pay,Dammam
4458,2024-03-16 00:00:00,5170.0,TVs,Samsung 55-inch QLED,1,5425.11,Debit Card,Riyadh
4459,2024-12-17,5336.0,Laptop,Lenovo ThinkPad E14,2,6716.15,Credit Card,Dammam
4460,04-21-2024,,Phones,Samsung Galaxy S23,1,2463.51,Credit Card,Riyadh
4461,2024-07-11,5464.0,Cameras,GoPro Hero 11,2,1462.34,Cash on Delivery,Makkah
4462,2024-11-09 00:00:00,5533.0,Laptops,MacBook Air M2,1,6633.61,Credit Card,Madinah
4463,2024-02-16 00:00:00,5415.0,Cameras,GoPro Hero 11,1,3057.49,Cash on Delivery,Riyadh
4464,2024-10-23 00:00:00,5771.0,Phones,iPhone 14,1,2127.75,Apple Pay,Madinah
4465,2024-03-12 00:00:00,5759.0, Laptops,Dell XPS 13,4,7083.4,Debit Card,Makkah
4466,2024-09-29 00:00:00,5045.0,Cameras,GoPro Hero 11,5,2538.62,Apple Pay,Madinah
4467,2024-10-04 00:00:00,5084.0,TVs,Samsung 55-inch QLED,3,5272.36,Cash on Delivery,Madinah
4468,2024-09-02 00:00:00,5041.0,CAMERAS ,Nikon D3500,3,3914.52,Apple Pay,Jeddah
4469,2024-11-01 00:00:00,5255.0,Phones,  iPhone 14  ,5,2094.05,Cash on Delivery,Jeddah
4470,2024-02-19,5098.0,TVs,Samsung 55-inch QLED,2,1899.55,Apple Pay,Riyadh
4471,2024-06-11 00:00:00,5337.0,CAMERAS ,Canon EOS 200D,1,3704.77,Cash on Delivery,Dammam
4472,2024-10-20 00:00:00,5193.0,Cameras,Canon EOS 200D,3,3094.91,Debit Card,Riyadh
4473,2024-02-05 00:00:00,5780.0,Accessories,Wireless Mouse,3,288.87,Debit Card,Dammam
4474,2024-07-30 00:00:00,5329.0,laptops,HP Pavilion 15   ,4,7948.01,Credit Card,Makkah
4475,2024-11-06 00:00:00,,TVs,Sony 65-inch Bravia,5,5974.62,Cash on Delivery,Dammam
4476,2024-08-09 00:00:00,5097.0,Accessories,Laptop Stand,4,385.54,Debit Card,Riyadh
4477,05-16-2024,5093.0, Phones,Samsung Galaxy S23,1,3375.77,Debit Card,Madinah
4478,2024-03-11 00:00:00,5785.0,Cameras,Canon EOS 200D,2,2658.58,Apple Pay,Madinah
4479,2024-03-17 00:00:00,5543.0,Accessories,Wireless Mouse,-4,178.7,Debit Card,Riyadh
4480,11/09/2024,5478.0,Accessories,Wireless Mouse,3,86.87,Cash on Delivery,Jeddah
4481,2024-11-22 00:00:00,5163.0,Laptops,HP Pavilion 15,2,6221.95,Apple Pay,Dammam
4482,2024-08-20 00:00:00,5089.0,Laptops,HP Pavilion 15,1,4300.58,Credit Card,Dammam
4483,2024-10-13 00:00:00,5562.0,Laptops,MacBook Air M2,2,8488.5,Cash on Delivery,Riyadh
4484,2024-02-05 00:00:00,5578.0,Phones,Oppo Reno 8,2,3541.17,Cash on Delivery,Dammam
4485,2024-12-06 00:00:00,5062.0,Phones,Xiaomi Redmi Note 12,4,3574.94,Credit Card,Riyadh
4486,2024-03-29 00:00:00,5436.0,TVs,Sony 65-inch Bravia,2,3645.61,Credit Card,Dammam
4487,2024-01-28 00:00:00,5248.0,TVs,Samsung 55-inch QLED,1,2070.34,Debit Card,Madinah
4488,2024-08-22 00:00:00,5740.0,Cameras,Canon EOS 200D,1,1014.28,Credit Card,Riyadh
4489,"March 06, 2024",5359.0,Laptops,Dell XPS 13,5,5251.68,Apple Pay,Riyadh
4490,2024-01-16 00:00:00,5509.0,Phones,Samsung Galaxy S23,3,1795.98,Cash on Delivery,Riyadh
4491,2024-06-15 00:00:00,5390.0,TVs,LG 43-inch UHD,2,4955.6,Cash on Delivery,
4492,12/01/2024,5429.0,Phones,Xiaomi Redmi Note 12 ,2,4583.41,Debit Card,Makkah
4493,2024-07-15 00:00:00,5090.0,Laptops,HP Pavilion 15,1,194273.93162076912,Credit Card,Madinah
4494,2024-01-04 00:00:00,5749.0,Accessory,USB-C Cable,3,273.85,Apple Pay,Jeddah
4495,2024-03-17 00:00:00,5571.0,Accessories,Laptop Stand,3,108.16,Debit Card,Dammam
4496,2024-09-08 00:00:00,5325.0,TVs,Samsung 55-inch QLED,4,6287.58,Debit Card,Jeddah
4497,22/08/2024,5003.0,Phones,Samsung Galaxy S23,2,4601.33,Apple Pay,Makkah
4498,2024-08-02 00:00:00,5156.0,Cameras,Nikon D3500,4,1607.95,Cash on Delivery,Makkah
4499,2024-02-09 00:00:00,5558.0,Laptops,HP Pavilion 15,5,7293.27,Apple Pay,Makkah
4500,2024-05-18 00:00:00,,TVs,Sony 65-inch Bravia,5,3289.9,Cash on Delivery,Makkah
4501,2024-10-23 00:00:00,5015.0,Phones,Samsung Galaxy S23,1,4309.24,Debit Card,Dammam
4502,2024-02-25 00:00:00,5579.0,phones,Oppo Reno 8,5,4990.33,Cash on Delivery,Madinah
4503,2024-03-15 00:00:00,5278.0,TVs,LG 43-inch UHD ,2,1956.14,Debit Card,Dammam
4504,01-28-2024,5560.0,LAPTOPS,HP Pavilion 15,3,8332.88,Apple Pay,Makkah
4505,2024-03-18 00:00:00,5258.0,Laptops,  MacBook Air M2,1,6547.1,Cash on Delivery,Makkah
4506,2024-07-01 00:00:00,5588.0,Cameras,GoPro Hero 11,2,4404.18,,Dammam
4507,2024-07-23 00:00:00,5784.0,Laptops,MacBook Air M2   ,3,5522.56,Cash on Delivery,Riyadh
4508,2024-12-09 00:00:00,5559.0,Phones,iPhone 14,5,4465.86,Apple Pay,Jeddah
4509,2024-09-28 00:00:00,5002.0, Cameras,Canon EOS 200D,2,1124.62,Apple Pay,Jeddah
4510,06-06-2024,5294.0,TVs,Samsung 55-inch QLED,2,3543.45,Cash on Delivery,Madinah
4511,2024-04-01 00:00:00,5429.0,cameras,GoPro Hero 11,1,1141.26,Cash on Delivery,Madinah
4512,2024-07-26 00:00:00,5355.0,Cameras,Canon EOS 200D,4,4411.24,Cash on Delivery,Riyadh
4513,2024-01-23 00:00:00,5379.0, Phones,iPhone 14,2,4359.41,Credit Card,Jeddah
4514,2024-12-02 00:00:00,5253.0,Accessories,USB-C Cable,3,345.44,Credit Card,Jeddah
4515,2024-12-28 00:00:00,5625.0,Phones,iPhone 14,4,4782.88,Credit Card,Dammam
4516,2024-01-03 00:00:00,5102.0,Cameras,Nikon D3500,2,1206.37,Apple Pay,Jeddah
4517,28/01/2024,5063.0,Cameras, Nikon D3500,1,2288.15,Debit Card,Jeddah
4518,2024-10-31 00:00:00,5091.0,Laptops,MacBook Air M2,4,2961.73,Credit Card,Riyadh
4519,2024-01-07,5119.0,Accessory,Wireless Mouse,2,107.99,Cash on Delivery,Makkah
4520,2024-12-19 00:00:00,5477.0,Laptops,MacBook Air M2,4,3990.88,Credit Card,Madinah
4521,2024-01-24 00:00:00,5778.0,Cameras,Nikon D3500,1,2588.79,Apple Pay,Jeddah
4522,2024-09-16 00:00:00,5663.0,Accessories,Wireless Mouse,3,129.37,Credit Card,Madinah
4523,2024-09-25 00:00:00,5643.0,Accessories,Laptop Stand,3,67.36,Cash on Delivery,Riyadh
4524,2024-04-15 00:00:00,5345.0,Phone,iPhone 14,4,2086.22,Cash on Delivery,Jeddah
4525,2024-12-27 00:00:00,5170.0,Cameras,Canon EOS 200D,1,1430.19,Credit Card,Makkah
4526,2024-12-12 00:00:00,5140.0,Cameras,GoPro Hero 11,4,4403.08,Credit Card,Makkah
4527,2024-01-29 00:00:00,5425.0,TVs,Sony 65-inch Bravia,2,5748.32,Apple Pay,Riyadh
4528,2024-01-15 00:00:00,5481.0,Phones,Oppo Reno 8,5,4887.17,Credit Card,Madinah
4529,2024-04-13 00:00:00,5492.0,Laptops,Dell XPS 13,5,5358.31,Apple Pay,Dammam
4530,10-01-2024,5232.0,TV,Samsung 55-inch QLED,2,3247.52,Apple Pay,Dammam
4531,2024-08-02 00:00:00,5186.0,Phones,Oppo Reno 8,5,4294.03,Credit Card,Riyadh
4532,2024-12-10 00:00:00,5476.0,Accessories,Wireless Mouse,5,150.71,Cash on Delivery,Dammam
4533,2024-01-08 00:00:00,5198.0,CAMERAS ,Canon EOS 200D,2,1977.78,Cash on Delivery,Dammam
4534,2024-07-21 00:00:00,,Laptops,Dell XPS 13,2,4011.29,Debit Card,Riyadh
4535,07-15-2024,5360.0,Cameras,Canon EOS 200D,5,1366.84,Apple Pay,Madinah
4536,2024-07-22 00:00:00,5453.0,TVs,LG 43-inch UHD  ,4,3133.61,Credit Card,Makkah
4537,2024-08-11 00:00:00,5591.0,Accessories,Wireless Mouse,5,161.47,Credit Card,Jeddah
4538,15/02/2024,5416.0,Accessories,USB-C Cable   ,3,279.38,Credit Card,Riyadh
4539,2024-07-17 00:00:00,5009.0,Accessories,USB-C Cable,1,53.15,Credit Card,Makkah
4540,2024-07-05 00:00:00,5288.0,Laptops,Dell XPS 13,1,3868.3,Cash on Delivery,Jeddah
4541,2024-11-13 00:00:00,5140.0,Laptops,MacBook Air M2,5,7758.65,Debit Card,Madinah
4542,2024-09-14 00:00:00,5010.0,Accessories,Bluetooth Headphones,1,84.36,Debit Card,Riyadh
4543,2024-08-05 00:00:00,5323.0,Accessories,Wireless Mouse,5,156.78,Credit Card,Riyadh
4544,2024-03-16,5386.0,Laptops,MacBook Air M2,1,8120.28,Cash on Delivery,Riyadh
4545,2024-07-05 00:00:00,5413.0, TVs,Sony 65-inch Bravia,5,2605.61,Apple Pay,Dammam
4546,2024-12-07 00:00:00,5317.0,Laptops,Dell XPS 13,5,3037.79,Cash on Delivery,Jeddah
4547,2024-02-17 00:00:00,5121.0,Cameras,Canon EOS 200D,-1,2644.34,Cash on Delivery,
4548,2024-08-03 00:00:00,5517.0,Accessories,Laptop Stand,-3,141.9,Debit Card,Makkah
4549,03/03/2024,5565.0,Cameras,Nikon D3500,3,2928.27,Apple Pay,Jeddah
4550,2024-02-26 00:00:00,5504.0,Accessories,Bluetooth Headphones,2,327.41,Credit Card,Makkah
4551,"March 09, 2024",5509.0,Accessories,Wireless Mouse,2,80.74,Cash on Delivery,Madinah
4552,2024-06-23 00:00:00,5385.0,Cameras,Canon EOS 200D,3,2990.52,Cash on Delivery,Jeddah
4553,2024-03-23 00:00:00,5157.0,Phones,Oppo Reno 8,2,3269.28,Apple Pay,Riyadh
4554,"August 10, 2024",5791.0,Accessories,Bluetooth Headphones,3,-15.14,Cash on Delivery,Makkah
4555,2024-03-13 00:00:00,5452.0,TVs,LG 43-inch UHD,1,5044.79,Cash on Delivery,Riyadh
4556,2024-08-23 00:00:00,5474.0,Phones,iPhone 14,2,2457.74,Credit Card,Madinah
4557,2024-07-15 00:00:00,5656.0,Phones,Xiaomi Redmi Note 12,3,3207.42,Apple Pay,Madinah
4558,2024-12-06 00:00:00,5498.0,Laptops,Lenovo ThinkPad E14,1,3034.77,Debit Card,Riyadh
4559,2024-04-26 00:00:00,,Accessories,Bluetooth Headphones,5,200.05,Credit Card,Jeddah
4560,2024-06-03 00:00:00,5687.0,Accessories,Wireless Mouse  ,5,143.39,Cash on Delivery,Makkah
4561,"January 26, 2024",5265.0,Laptops,Lenovo ThinkPad E14,2,7845.48,Debit Card,Dammam
4562,2024-09-27 00:00:00,5190.0,TVs,Sony 65-inch Bravia,4,2096.29,,Makkah
4563,2024-06-02 00:00:00,5438.0,Camera,GoPro Hero 11,1,2406.99,,Makkah
4564,2024-01-06 00:00:00,5147.0,Accessories,USB-C Cable,4,199.62,Apple Pay,Jeddah
4565,2024-12-27 00:00:00,5744.0,TVs,Samsung 55-inch QLED,2,5570.03,Cash on Delivery,Jeddah
4566,2024-08-31 00:00:00,5618.0,Cameras,Nikon D3500   ,4,2967.44,Debit Card,Dammam
4567,2024-09-27 00:00:00,5053.0,Laptop,Dell XPS 13,4,6836.88,Apple Pay,Madinah
4568,21/12/2024,5535.0,TVs,Sony 65-inch Bravia,1,5840.66,Cash on Delivery,Madinah
4569,2024-12-13 00:00:00,5710.0,TVs,Sony 65-inch Bravia,2,6283.46,Debit Card,Riyadh
4570,2024-04-30 00:00:00,5026.0,Accessories,   Bluetooth Headphones,3,146.13,Credit Card,Dammam
4571,2024-03-15 00:00:00,5428.0,Cameras,GoPro Hero 11,4,2836.88,Debit Card,Madinah
4572,2024-11-01 00:00:00,5795.0,Phones,Xiaomi Redmi Note 12,4,4440.38,Apple Pay,Dammam
4573,04/08/2024,5059.0,Phones,Xiaomi Redmi Note 12,3,4963.08,Apple Pay,Makkah
4574,10-31-2024,5352.0,TVs,Sony 65-inch Bravia,4,6425.5,Apple Pay,Dammam
4575,2024-08-11 00:00:00,5800.0,Accessories,USB-C Cable,1,167.44,Credit Card,Jeddah
4576,2024-03-16 00:00:00,5412.0,CAMERAS ,Nikon D3500  ,-2,1602.6,Apple Pay,Jeddah
4577,2024-04-15 00:00:00,5179.0,Laptops,Lenovo ThinkPad E14,2,5681.05,Credit Card,Jeddah
4578,2024-02-22 00:00:00,5379.0,Laptops,Lenovo ThinkPad E14,1,7320.67,Credit Card,Makkah
4579,2024-11-06 00:00:00,5433.0,TVs,LG 43-inch UHD,1,4361.36,Apple Pay,Riyadh
4580,2024-05-30 00:00:00,5295.0,Laptops,MacBook Air M2,2,5640.68,Cash on Delivery,Riyadh
4581,2024-10-22 00:00:00,5383.0,Accessories,   Laptop Stand   ,5,340.15,Debit Card,Riyadh
4582,05/08/2024,5598.0,LAPTOPS, MacBook Air M2,5,4849.12,Credit Card,Jeddah
4583,2024-01-16 00:00:00,5562.0,Laptops,Dell XPS 13,2,8088.67,Apple Pay,Madinah
4584,2024-05-16,5507.0,Phones,iPhone 14,2,2923.82,Apple Pay,Dammam
4585,2024-08-04 00:00:00,5461.0,Phones,iPhone 14,5,2648.82,Credit Card,Riyadh
4586,2024-04-20 00:00:00,,Tvs ,Samsung 55-inch QLED,1,4160.75,Apple Pay,Jeddah
4587,2024-12-16 00:00:00,5597.0,Phones,Xiaomi Redmi Note 12,1,4168.56,Credit Card,Dammam
4588,2024-04-04 00:00:00,5259.0,Laptops,Dell XPS 13,4,3319.01,Apple Pay,Jeddah
4589,2024-10-22 00:00:00,5163.0,Accessories,Laptop Stand,2,102.68,Credit Card,Makkah
4590,2024-08-15 00:00:00,5005.0,Cameras,Nikon D3500   ,4,4325.2,Debit Card,Madinah
4591,2024-10-15 00:00:00,5266.0,CAMERAS ,   Canon EOS 200D,1,1531.77,Apple Pay,Dammam
4592,2024-06-28 00:00:00,5715.0, Phones,Samsung Galaxy S23,5,3487.05,Cash on Delivery,Riyadh
4593,2024-11-05 00:00:00,5717.0,Cameras,Canon EOS 200D,2,2985.53,,Makkah
4594,2024-04-02 00:00:00,5586.0,Laptops,Lenovo ThinkPad E14,5,5682.56,Credit Card,Jeddah
4595,2024-04-23 00:00:00,5790.0,Phones,Oppo Reno 8,3,3756.61,Credit Card,Dammam
4596,31/01/2024,5463.0,Cameras,Nikon D3500,2,1727.38,Apple Pay,Makkah
4597,2024-06-18,5566.0,TVs,Sony 65-inch Bravia,2,4673.84,Apple Pay,Jeddah
4598,2024-04-15 00:00:00,5638.0,Accessories,Bluetooth Headphones,5,167.7,,Dammam
4599,2024-01-12 00:00:00,5559.0,Cameras,Nikon D3500,4,3282.0,Credit Card,Madinah
4600,01-02-2024,5771.0,TVs,LG 43-inch UHD,-4,2534.36,Apple Pay,
4601,2024-03-27 00:00:00,5578.0,TVs,Samsung 55-inch QLED,-1,4768.56,Credit Card,Riyadh
4602,2024-03-25 00:00:00,5795.0,Laptops,MacBook Air M2,2,3704.26,Credit Card,Dammam
4603,2024-11-13 00:00:00,5555.0,Accessories,USB-C Cable,1,133.1,Cash on Delivery,Dammam
4604,2024-10-26 00:00:00,5356.0,Cameras,Canon EOS 200D,2,1687.36,Debit Card,Jeddah
4605,"April 15, 2024",5250.0,Laptops,Dell XPS 13,-2,3688.45,Credit Card,Jeddah
4606,2024-01-21 00:00:00,5352.0,ACCESSORIES,Wireless Mouse,-2,335.51,Cash on Delivery,Dammam
4607,"November 12, 2024",5336.0,phones,iPhone 14,2,2499.98,Cash on Delivery,Dammam
4608,2024-07-26,5638.0,Phones,Samsung Galaxy S23,5,4744.93,Cash on Delivery,Jeddah
4609,04-08-2024,5403.0,Laptops,Dell XPS 13,2,8804.52,Cash on Delivery,Jeddah
4610,2024-03-08,,Laptops,Lenovo ThinkPad E14,1,6213.19,Credit Card,Dammam
4611,2024-04-28 00:00:00,5770.0,Cameras,GoPro Hero 11,1,1414.8,Debit Card,Dammam
4612,23/03/2024,5798.0,Accessories,Wireless Mouse,5,168.58,Credit Card,Makkah
4613,2024-06-09 00:00:00,5120.0,Accessory,Laptop Stand,5,325.16,Debit Card,Riyadh
4614,2024-09-11 00:00:00,5492.0,Laptops,Dell XPS 13,-4,4888.04,Debit Card,Riyadh
4615,"October 28, 2024",5067.0, TVs,LG 43-inch UHD,-3,2252.49,Cash on Delivery,Jeddah
4616,04/03/2024,5579.0,Phones,Oppo Reno 8,5,3448.75,Cash on Delivery,Riyadh
4617,2024-06-24 00:00:00,5135.0,Laptops,Lenovo ThinkPad E14,5,7993.29,Credit Card,Madinah
4618,2024-08-16 00:00:00,5493.0,Laptops,Lenovo ThinkPad E14,1,7673.52,Debit Card,Riyadh
4619,2024-07-24 00:00:00,5484.0,ACCESSORIES,USB-C Cable,2,94.8,Apple Pay,Dammam
4620,2024-12-07 00:00:00,5392.0,Accessories,USB-C Cable,5,278.92,Apple Pay,Dammam
4621,2024-12-25 00:00:00,5459.0,Phones,Samsung Galaxy S23  ,1,2271.76,Apple Pay,Riyadh
4622,2024-01-03 00:00:00,5275.0,LAPTOPS,   MacBook Air M2   ,5,3918.35,Debit Card,
4623,2024-05-18 00:00:00,5722.0,Accessories,USB-C Cable,1,353.41,Debit Card,Jeddah
4624,2024-06-30,5010.0,Phones,iPhone 14,2,2373.84,Cash on Delivery,Dammam
4625,2024-05-18 00:00:00,5595.0,Accessories,Wireless Mouse,2,127.4,Debit Card,
4626,2024-05-01 00:00:00,5605.0,PHONES,Xiaomi Redmi Note 12,1,1502.29,,
4627,2024-03-12,5129.0,TVs,Sony 65-inch Bravia,3,6327.48,Apple Pay,Madinah
4628,2024-03-08 00:00:00,5558.0,Accessories,Bluetooth Headphones,2,323.26,Credit Card,Madinah
4629,2024-11-17,5184.0,Laptops,HP Pavilion 15,3,6577.64,Credit Card,Madinah
4630,2024-10-04 00:00:00,5441.0,Phones,Xiaomi Redmi Note 12,4,4125.93,Apple Pay,
4631,"July 14, 2024",5240.0,TVs,Sony 65-inch Bravia,5,61087.36683113084,Debit Card,Jeddah
4632,2024-06-30 00:00:00,5058.0,Laptops,Lenovo ThinkPad E14,1,5479.1,Cash on Delivery,Madinah
4633,2024-08-27,5281.0,Laptops,   HP Pavilion 15   ,5,4782.93,Cash on Delivery,Makkah
4634,2024-11-21 00:00:00,5543.0,Phones,Xiaomi Redmi Note 12   ,5,1828.22,Cash on Delivery,Madinah
4635,2024-06-13 00:00:00,5414.0,LAPTOPS,Dell XPS 13,4,5659.85,Apple Pay,Jeddah
4636,"September 17, 2024",5128.0,Laptops,MacBook Air M2,3,8484.81,Apple Pay,Makkah
4637,2024-07-04 00:00:00,, Cameras,Canon EOS 200D,3,1044.21,Debit Card,Dammam
4638,2024-10-26 00:00:00,5162.0,Accessories,Wireless Mouse,4,137.84,Debit Card,Madinah
4639,2024-06-28 00:00:00,5187.0,Laptops,Dell XPS 13 ,1,3849.02,Credit Card,Madinah
4640,2024-03-27 00:00:00,5565.0,Accessories, Laptop Stand ,3,118.11,Apple Pay,Jeddah
4641,2024-10-28 00:00:00,5092.0,TVs,Samsung 55-inch QLED,3,6523.86,Debit Card,Riyadh
4642,2024-05-05,5583.0,Laptops,   Dell XPS 13,3,5542.45,Credit Card,Dammam
4643,2024-10-31 00:00:00,5719.0,Cameras,Canon EOS 200D,1,2578.68,Credit Card,Madinah
4644,28/03/2024,5419.0,TVs,LG 43-inch UHD,4,5754.99,Credit Card,Jeddah
4645,2024-05-14 00:00:00,5369.0,TVs,Samsung 55-inch QLED,-3,2603.36,Credit Card,Madinah
4646,2024-04-04 00:00:00,5662.0,TVs,Samsung 55-inch QLED,1,4333.78,Apple Pay,Dammam
4647,2024-04-28 00:00:00,5755.0, Phones,iPhone 14,5,3004.95,Credit Card,Riyadh
4648,05/05/2024,5634.0, Phones,   Samsung Galaxy S23,3,3589.19,Debit Card,Madinah
4649,2024-03-23 00:00:00,5088.0,LAPTOPS,Dell XPS 13,3,8997.13,Apple Pay,Riyadh
4650,2024-07-14 00:00:00,5021.0,Cameras,Canon EOS 200D,1,86538.84469827526,Credit Card,Makkah
4651,2024-08-24 00:00:00,5409.0,Cameras,Canon EOS 200D,4,2332.32,Credit Card,Dammam
4652,2024-02-26,5446.0,Accessories,Laptop Stand,4,336.19,Credit Card,Makkah
4653,2024-05-24 00:00:00,5015.0, Laptops, Lenovo ThinkPad E14,2,3609.6,Cash on Delivery,Riyadh
4654,2024-04-26 00:00:00,5277.0,Cameras,   Nikon D3500,4,1009.67,Debit Card,Jeddah
4655,2024-08-15 00:00:00,5689.0,TVs,Samsung 55-inch QLED,4,2863.13,Debit Card,Jeddah
4656,2024-04-11 00:00:00,5658.0,Phones,Samsung Galaxy S23,4,2691.44,Credit Card,Riyadh
4657,2024-05-24 00:00:00,5140.0,Cameras,Nikon D3500,1,2738.09,Apple Pay,
4658,"July 18, 2024",5119.0,Laptops,MacBook Air M2,3,6498.34,Cash on Delivery,Dammam
4659,"April 01, 2024",5535.0,Laptops,Lenovo ThinkPad E14,4,8418.94,Apple Pay,Makkah
4660,2024-08-03 00:00:00,5257.0,Accessories,Laptop Stand,1,218.65,Apple Pay,Jeddah
4661,2024-04-02 00:00:00,5438.0,Cameras,Nikon D3500,5,2704.59,Credit Card,Dammam
4662,2024-06-16 00:00:00,5563.0,Phones,   Oppo Reno 8   ,3,1675.85,Credit Card,Madinah
4663,2024-02-14 00:00:00,5306.0,TVs,Samsung 55-inch QLED,4,1981.54,,Jeddah
4664,27/03/2024,5315.0,Laptops,MacBook Air M2,3,6082.54,Debit Card,Makkah
4665,2024-02-09 00:00:00,5275.0,Accessories,Bluetooth Headphones,4,192.13,Debit Card,Jeddah
4666,2024-06-20,5261.0,Accessories,Laptop Stand,2,340.5,Apple Pay,
4667,01/06/2024,5791.0,TVs,Sony 65-inch Bravia,2,2635.53,Cash on Delivery,Dammam
4668,2024-04-25 00:00:00,5572.0,Cameras,Nikon D3500  ,4,989.9,Debit Card,Makkah
4669,2024-05-23,,Cameras,Canon EOS 200D,4,2516.54,Debit Card,Jeddah
4670,2024-12-27 00:00:00,5003.0,TVs,Sony 65-inch Bravia,3,3034.89,Credit Card,Riyadh
4671,2024-04-26 00:00:00,5493.0,Cameras,Nikon D3500,5,1078.61,Cash on Delivery,Dammam
4672,2024-02-16 00:00:00,5328.0,Accessories,USB-C Cable,4,298.1,,Jeddah
4673,2024-01-09 00:00:00,5546.0,Cameras,GoPro Hero 11,1,1301.73,Debit Card,Makkah
4674,2024-12-10 00:00:00,5500.0,Phones,Xiaomi Redmi Note 12,4,3629.12,Credit Card,
4675,2024-02-18 00:00:00,5517.0,TVs,Sony 65-inch Bravia,3,3261.46,Debit Card,Makkah
4676,2024-05-21,5405.0,CAMERAS ,Nikon D3500,2,1524.59,Apple Pay,Riyadh
4677,04-10-2024,5262.0,TVs,Samsung 55-inch QLED,4,3774.71,Cash on Delivery,Makkah
4678,2024-03-08 00:00:00,5566.0,TVs,LG 43-inch UHD,4,5967.52,,Makkah
4679,2024-12-03 00:00:00,5381.0,phones,Xiaomi Redmi Note 12,3,2872.33,Credit Card,Madinah
4680,2024-11-07 00:00:00,5152.0,Cameras,GoPro Hero 11,-5,3602.77,Credit Card,Riyadh
4681,2024-12-22 00:00:00,5795.0,TVs,LG 43-inch UHD,2,2452.53,Credit Card,Riyadh
4682,2024-06-20,5394.0,CAMERAS ,Nikon D3500,1,3681.98,Apple Pay,Madinah
4683,2024-04-30 00:00:00,5034.0,Phones,Xiaomi Redmi Note 12,3,2329.27,Apple Pay,Makkah
4684,2024-04-26 00:00:00,5435.0,ACCESSORIES,Wireless Mouse,2,280.64,Apple Pay,Dammam
4685,2024-05-05 00:00:00,5494.0,Cameras,GoPro Hero 11,2,2936.81,Credit Card,Makkah
4686,2024-04-18 00:00:00,5717.0,TVs,Sony 65-inch Bravia,1,6631.55,Apple Pay,Makkah
4687,2024-04-03 00:00:00,5486.0,Phones,Samsung Galaxy S23,2,2855.63,Apple Pay,Makkah
4688,2024-05-23 00:00:00,5462.0,Cameras,GoPro Hero 11,1,1138.19,Credit Card,Madinah
4689,2024-09-16 00:00:00,5514.0,Cameras,GoPro Hero 11  ,4,968.96,Cash on Delivery,Jeddah
4690,2024-07-17 00:00:00,5424.0,Accessories,Wireless Mouse,-4,335.94,Debit Card,Madinah
4691,2024-12-14 00:00:00,5024.0,Laptops,  HP Pavilion 15,2,5910.78,,Makkah
4692,01-12-2024,5120.0,Accessories,Bluetooth Headphones,3,316.84,Debit Card,Jeddah
4693,2024-05-14 00:00:00,5558.0,TVs,Samsung 55-inch QLED ,5,3019.01,Apple Pay,Riyadh
4694,2024-08-14 00:00:00,5210.0,TVs,Sony 65-inch Bravia,1,3594.44,Apple Pay,Makkah
4695,2024-02-05 00:00:00,5692.0,Laptops,MacBook Air M2,4,2695.68,Debit Card,Madinah
4696,2024-04-08 00:00:00,,Phones,  Oppo Reno 8,5,4865.22,Debit Card,Madinah
4697,2024-09-08 00:00:00,5719.0,Phones,Samsung Galaxy S23,1,3837.54,Debit Card,Makkah
4698,2024-04-29 00:00:00,5755.0,Accessories,  USB-C Cable,4,375.29,Credit Card,Makkah
4699,2024-06-06 00:00:00,5414.0,Phones,Oppo Reno 8,5,2429.24,Cash on Delivery,Jeddah
4700,21/03/2024,5548.0,Cameras,Nikon D3500,1,3101.27,Debit Card,Madinah
4701,2024-12-11 00:00:00,5703.0,Laptops,MacBook Air M2,2,6910.25,Cash on Delivery,Dammam
4702,2024-01-10 00:00:00,5793.0,Cameras,GoPro Hero 11,1,2043.18,Cash on Delivery,Dammam
4703,2024-08-02 00:00:00,5613.0,Cameras,GoPro Hero 11,4,3953.19,Credit Card,Makkah
4704,2024-11-11 00:00:00,5002.0,Laptops,MacBook Air M2,3,8656.55,Apple Pay,Jeddah
4705,2024-11-06 00:00:00,5237.0,Accessories,Bluetooth Headphones,5,357.4,Debit Card,Dammam
4706,2024-05-22 00:00:00,5710.0,CAMERAS ,  GoPro Hero 11,2,3560.64,Credit Card,Jeddah
4707,2024-10-02 00:00:00,5514.0,Phones,Oppo Reno 8,1,2471.13,Apple Pay,Makkah
4708,2024-11-20 00:00:00,5694.0,Phones,Oppo Reno 8,4,2485.66,Cash on Delivery,Jeddah
4709,2024-11-26 00:00:00,,Phones,Xiaomi Redmi Note 12,5,4871.76,Credit Card,Riyadh
4710,30/11/2024,5001.0,Accessories,USB-C Cable   ,5,33.81,Credit Card,Dammam
4711,"January 24, 2024",5613.0,Laptops,Lenovo ThinkPad E14,1,7154.32,Apple Pay,Riyadh
4712,2024-11-18 00:00:00,5049.0,Laptops,Lenovo ThinkPad E14,3,7090.6,Credit Card,Makkah
4713,2024-09-19 00:00:00,5655.0,Laptops,MacBook Air M2,5,6547.48,Credit Card,Madinah
4714,2024-03-22 00:00:00,5169.0,Phones,Oppo Reno 8,4,4965.38,Debit Card,Madinah
4715,2024-10-08 00:00:00,5539.0,Cameras,Nikon D3500,2,2022.77,Cash on Delivery,Dammam
4716,2024-12-04,5528.0,Accessories,Wireless Mouse,1,155.79,Apple Pay,Jeddah
4717,2024-10-23 00:00:00,5646.0,Cameras,GoPro Hero 11,3,1184.18,Debit Card,Makkah
4718,"February 08, 2024",5606.0,Accessories,Wireless Mouse,4,193.84,Credit Card,
4719,"February 26, 2024",5401.0,Phones,Oppo Reno 8,2,2413.67,Apple Pay,Makkah
4720,"October 12, 2024",5245.0,Laptops,MacBook Air M2,1,4732.01,Debit Card,Riyadh
4721,2024-08-21 00:00:00,5199.0,Cameras,Canon EOS 200D,1,3904.46,Debit Card,Makkah
4722,05-17-2024,5390.0,Accessories,Bluetooth Headphones,2,376.13,Cash on Delivery,Madinah
4723,2024-06-20 00:00:00,5083.0, Laptops,HP Pavilion 15,5,3707.26,Apple Pay,Riyadh
4724,2024-05-31 00:00:00,5673.0,Laptops,MacBook Air M2,2,-35.14,Cash on Delivery,Jeddah
4725,2024-07-27,5092.0,Accessories,USB-C Cable,5,373.59,Credit Card,Madinah
4726,2024-08-22 00:00:00,,Laptops,Dell XPS 13,3,2901.75,Debit Card,Riyadh
4727,2024-10-18 00:00:00,5255.0,Cameras,Nikon D3500,4,1232.5,Apple Pay,Riyadh
4728,2024-11-28 00:00:00,5772.0,Cameras,  Nikon D3500,4,1486.05,Credit Card,Jeddah
4729,"July 11, 2024",5043.0,Accessory,USB-C Cable,3,250.23,Debit Card,Dammam
4730,2024-04-23 00:00:00,5771.0,Accessories,   Bluetooth Headphones,4,85.67,Cash on Delivery,Madinah
4731,2024-07-07 00:00:00,, Phones,Oppo Reno 8,3,4888.27,Credit Card,Jeddah
4732,2024-03-01 00:00:00,5254.0,ACCESSORIES,USB-C Cable,3,195.28,Apple Pay,Makkah
4733,21/05/2024,5202.0,Cameras,Nikon D3500,4,2705.46,Apple Pay,Jeddah
4734,2024-08-07 00:00:00,5474.0,Laptops,Dell XPS 13,1,4103.28,Apple Pay,Makkah
4735,2024-09-27 00:00:00,5075.0,CAMERAS ,GoPro Hero 11,4,2595.46,Cash on Delivery,Madinah
4736,2024-10-24 00:00:00,5138.0,Laptops,HP Pavilion 15   ,3,6802.44,Apple Pay,Jeddah
4737,2024-04-05 00:00:00,5169.0,Phones,Xiaomi Redmi Note 12,5,4129.12,Apple Pay,Jeddah
4738,2024-11-13,5426.0,TVs,Sony 65-inch Bravia,2,5720.11,Credit Card,Makkah
4739,2024-08-20 00:00:00,5193.0,Tvs ,Samsung 55-inch QLED,5,4805.03,Apple Pay,Jeddah
4740,2024-11-08 00:00:00,5754.0,ACCESSORIES,Laptop Stand,5,364.61,Debit Card,Madinah
4741,2024-10-07 00:00:00,5769.0,Cameras,GoPro Hero 11,2,3842.67,Debit Card,Dammam
4742,2024-09-01 00:00:00,,Cameras,GoPro Hero 11,4,3625.37,Apple Pay,Makkah
4743,2024-07-09 00:00:00,5124.0,Cameras,Canon EOS 200D,4,1100.18,Credit Card,Dammam
4744,2024-09-25 00:00:00,5257.0,Laptop,   HP Pavilion 15,2,2544.71,Credit Card,Madinah
4745,2024-02-18 00:00:00,5540.0,Cameras,Canon EOS 200D,3,1664.81,Debit Card,Madinah
4746,20/03/2024,5030.0,Laptops,MacBook Air M2,2,6812.9,Apple Pay,Riyadh
4747,2024-05-28 00:00:00,5408.0,Phones,iPhone 14,3,2939.19,Credit Card,Makkah
4748,2024-06-05 00:00:00,5748.0,Laptops,MacBook Air M2,2,5115.64,Credit Card,Dammam
4749,21/04/2024,5209.0,Cameras,Canon EOS 200D,3,4084.51,Credit Card,Riyadh
4750,"October 09, 2024",5481.0,cameras,GoPro Hero 11,3,4124.03,Debit Card,Madinah
4751,2024-10-29 00:00:00,5687.0,Laptops, MacBook Air M2 ,5,8409.64,Apple Pay,Dammam
4752,2024-03-22,5337.0,Tvs ,LG 43-inch UHD,2,3432.17,Cash on Delivery,Riyadh
4753,2024-11-28 00:00:00,5187.0, Cameras,GoPro Hero 11,2,3387.8,Credit Card,Madinah
4754,2024-04-28,5438.0,Laptops,HP Pavilion 15,1,4265.62,Apple Pay,Makkah
4755,2024-11-14,5582.0,Cameras,Canon EOS 200D,3,1586.2,Apple Pay,Jeddah
4756,28/11/2024,5134.0,Cameras,Canon EOS 200D,3,1564.68,Apple Pay,
4757,2024-08-30 00:00:00,5459.0,PHONES,iPhone 14,3,2697.38,,Riyadh
4758,28/07/2024,5341.0,Cameras,   Nikon D3500   ,1,2447.85,Apple Pay,Madinah
4759,2024-11-29 00:00:00,5253.0,TVs,Samsung 55-inch QLED,3,6120.94,Credit Card,
4760,2024-05-11 00:00:00,5230.0,Accessories,Laptop Stand,-1,74.36,Debit Card,Dammam
4761,2024-09-03 00:00:00,5099.0,Phones,Samsung Galaxy S23,5,4072.24,Cash on Delivery,Makkah
4762,2024-09-11 00:00:00,,Phone,iPhone 14,4,3360.09,Apple Pay,Jeddah
4763,2024-09-11 00:00:00,5429.0,Laptops,MacBook Air M2,3,4371.64,Credit Card,Jeddah
4764,2024-01-24,5762.0,Phones,Samsung Galaxy S23,2,3224.87,Cash on Delivery,Madinah
4765,2024-02-06 00:00:00,5495.0,Cameras,GoPro Hero 11,-5,1979.79,Debit Card,Madinah
4766,23/08/2024,5749.0,Laptops,Dell XPS 13,1,6374.53,Debit Card,Dammam
4767,2024-06-07 00:00:00,5563.0,Laptops,HP Pavilion 15,3,5319.99,,Dammam
4768,2024-05-18 00:00:00,5454.0,Cameras,Canon EOS 200D  ,4,1491.86,Apple Pay,Riyadh
4769,2024-03-06 00:00:00,5005.0,Cameras,Nikon D3500,2,1319.7,Cash on Delivery,Riyadh
4770,2024-06-13 00:00:00,5644.0,TVs,LG 43-inch UHD   ,1,4642.82,Credit Card,Makkah
4771,2024-02-15 00:00:00,5551.0, Phones,Xiaomi Redmi Note 12,4,4658.45,Debit Card,Jeddah
4772,2024-02-10 00:00:00,5197.0, Cameras,Nikon D3500,3,2138.25,Cash on Delivery,Makkah
4773,2024-11-05 00:00:00,5001.0,Accessories,Wireless Mouse,1,301.21,Cash on Delivery,Madinah
4774,2024-10-05 00:00:00,5462.0,Accessories,Bluetooth Headphones,1,273.7,,
4775,11-13-2024,5616.0,Accessories,Bluetooth Headphones,4,374.68,Cash on Delivery,Jeddah
4776,2024-01-25 00:00:00,5051.0,Phones,Oppo Reno 8,4,4373.43,Apple Pay,Riyadh
4777,2024-10-27 00:00:00,5326.0,Accessories, Wireless Mouse ,2,239.64,Credit Card,Dammam
4778,2024-10-03 00:00:00,5618.0,Accessory,Wireless Mouse,3,273.1,Credit Card,Jeddah
4779,2024-04-01 00:00:00,5602.0,Cameras,Canon EOS 200D,1,4134.19,Credit Card,Jeddah
4780,2024-03-23 00:00:00,5380.0,TVs,LG 43-inch UHD,1,3877.5,Debit Card,Madinah
4781,2024-07-23,5546.0,CAMERAS ,   GoPro Hero 11,3,2076.46,Credit Card,Makkah
4782,2024-03-18 00:00:00,5622.0,Camera,   Canon EOS 200D   ,4,938.92,Cash on Delivery,Jeddah
4783,2024-07-14 00:00:00,5211.0,Accessories,Wireless Mouse,-3,335.82,Apple Pay,Madinah
4784,2024-06-24,5056.0,Laptops,Dell XPS 13,4,7706.37,Debit Card,Jeddah
4785,2024-06-02 00:00:00,5519.0,Laptops,Lenovo ThinkPad E14,3,3178.95,Credit Card,Madinah
4786,2024-09-06 00:00:00,5610.0,Phones,   Oppo Reno 8,1,3519.0,Apple Pay,Riyadh
4787,2024-12-13 00:00:00,5740.0,Laptops,MacBook Air M2,-1,5515.88,Credit Card,Madinah
4788,02-10-2024,5399.0,Accessories,USB-C Cable,-1,73.92,Debit Card,Jeddah
4789,19/02/2024,5346.0,TVs,Samsung 55-inch QLED,3,6898.95,Cash on Delivery,Madinah
4790,2024-06-24 00:00:00,5190.0,CAMERAS ,Canon EOS 200D,2,1672.91,Apple Pay,Jeddah
4791,2024-10-31 00:00:00,5465.0,Phones ,iPhone 14,4,1735.32,Credit Card,Dammam
4792,2024-01-10 00:00:00,5481.0,Laptops, Dell XPS 13,3,6366.51,Debit Card,Madinah
4793,01/09/2024,5303.0,Phones,   Oppo Reno 8,3,4086.03,Cash on Delivery,Dammam
4794,2024-12-23 00:00:00,5081.0,TVs,Sony 65-inch Bravia,-1,1968.71,Debit Card,Jeddah
4795,2024-05-28 00:00:00,5586.0,TVs,Samsung 55-inch QLED,4,5225.33,Credit Card,
4796,2024-10-22 00:00:00,5396.0,Accessories,USB-C Cable,3,226.95,Apple Pay,Makkah
4797,2024-07-27,5719.0,TVs,Samsung 55-inch QLED,2,2336.98,Debit Card,Dammam
4798,2024-01-02 00:00:00,5141.0,cameras,Nikon D3500,3,1521.09,Debit Card,Riyadh
4799,"September 30, 2024",5382.0,Tvs ,Samsung 55-inch QLED,3,4753.47,Credit Card,Jeddah
4800,"August 17, 2024",5529.0,TVs,Sony 65-inch Bravia,1,3341.06,Debit Card,Makkah
4801,2024-06-18 00:00:00,5042.0,TVs,Samsung 55-inch QLED,1,6679.24,Apple Pay,Jeddah
4802,2024-05-02 00:00:00,5045.0,Tvs ,LG 43-inch UHD,4,6057.45,Credit Card,Dammam
4803,2024-11-27 00:00:00,5638.0,Laptops,MacBook Air M2,4,8893.19,Cash on Delivery,Riyadh
4804,2024-03-02 00:00:00,5044.0,cameras,GoPro Hero 11,1,1834.82,Debit Card,Madinah
4805,2024-03-25 00:00:00,5146.0,Cameras,Canon EOS 200D,1,4391.01,Debit Card,Riyadh
4806,2024-01-12 00:00:00,5161.0,Accessories,USB-C Cable,5,189.56,Cash on Delivery,Dammam
4807,08-07-2024,5375.0,Laptops,Lenovo ThinkPad E14,5,4758.87,Apple Pay,Madinah
4808,2024-10-21 00:00:00,5050.0,Laptops,MacBook Air M2,2,2827.27,Apple Pay,Riyadh
4809,2024-09-30 00:00:00,5474.0,Cameras,GoPro Hero 11,4,1089.95,Credit Card,Jeddah
4810,31/05/2024,5645.0,Accessories,  Laptop Stand,3,286.04,Cash on Delivery,Dammam
4811,2024-01-23 00:00:00,5619.0,Cameras,Canon EOS 200D,3,2548.54,Cash on Delivery,Madinah
4812,2024-06-17 00:00:00,,Accessories,Bluetooth Headphones,2,113.81,Credit Card,Riyadh
4813,2024-10-07 00:00:00,5644.0,Phones,iPhone 14,5,3648.9,Apple Pay,Dammam
4814,2024-05-25 00:00:00,5415.0,Accessories,USB-C Cable,3,123.56,Cash on Delivery,Makkah
4815,2024-11-01 00:00:00,5505.0,Laptops,Dell XPS 13,3,6254.61,Debit Card,Riyadh
4816,2024-01-27 00:00:00,5012.0,Cameras,Nikon D3500,3,2193.15,Apple Pay,Makkah
4817,2024-02-22 00:00:00,5554.0,Laptops,  Lenovo ThinkPad E14,4,7853.09,Debit Card,Dammam
4818,17/08/2024,5655.0,TVs,Samsung 55-inch QLED,1,6067.62,Cash on Delivery,Makkah
4819,2024-07-26 00:00:00,5361.0,Laptops,Lenovo ThinkPad E14,1,5602.78,Debit Card,Jeddah
4820,15/09/2024,5383.0, Phones,Xiaomi Redmi Note 12,3,2727.87,Credit Card,Riyadh
4821,04-02-2024,5433.0,Laptops,MacBook Air M2,4,4856.64,Debit Card,Riyadh
4822,2024-06-10 00:00:00,5539.0,TVs,Samsung 55-inch QLED,4,5989.72,Credit Card,Dammam
4823,2024-02-01 00:00:00,5261.0,TVs,Sony 65-inch Bravia,3,3506.53,Debit Card,Jeddah
4824,2024-04-17,5452.0,Accessories,Wireless Mouse,2,107.35,Cash on Delivery,Dammam
4825,2024-01-29 00:00:00,5218.0, Cameras,Nikon D3500,4,28410.99590739503,Cash on Delivery,Dammam
4826,2024-12-21 00:00:00,5740.0,Phones,Xiaomi Redmi Note 12,4,3133.43,Credit Card,Dammam
4827,2024-10-20 00:00:00,5761.0,Tvs ,Samsung 55-inch QLED,1,4307.09,Apple Pay,Makkah
4828,2024-10-24 00:00:00,5397.0,Accessories,Laptop Stand,2,341.14,Apple Pay,Dammam
4829,2024-04-09 00:00:00,5642.0,Phones,Samsung Galaxy S23,3,2274.34,Apple Pay,Dammam
4830,2024-07-21 00:00:00,5703.0, Cameras,Nikon D3500 ,5,2271.57,Credit Card,Dammam
4831,2024-04-05 00:00:00,5748.0,TVs,Samsung 55-inch QLED,2,6003.71,Apple Pay,Makkah
4832,2024-05-05 00:00:00,5190.0,phones,Xiaomi Redmi Note 12,1,4382.68,Credit Card,Madinah
4833,2024-11-04 00:00:00,5247.0,Laptops,MacBook Air M2,3,4999.97,Apple Pay,Makkah
4834,2024-03-14 00:00:00,5698.0,Laptops,Dell XPS 13,5,5484.31,Apple Pay,Jeddah
4835,"October 16, 2024",5040.0,Laptops,Dell XPS 13,4,4471.36,Cash on Delivery,Dammam
4836,06-13-2024,5471.0,Laptops,Dell XPS 13,2,8561.61,Debit Card,Makkah
4837,2024-10-30 00:00:00,5449.0,TVs,Sony 65-inch Bravia,2,2416.95,Cash on Delivery,Jeddah
4838,2024-11-14 00:00:00,5346.0,TVs,Samsung 55-inch QLED ,2,6655.5,Debit Card,Madinah
4839,2024-03-10 00:00:00,5589.0,Laptops,MacBook Air M2,2,6945.13,Debit Card,Riyadh
4840,2024-12-18 00:00:00,5631.0,Phones,Xiaomi Redmi Note 12,1,3360.5,Credit Card,Makkah
4841,2024-03-30 00:00:00,5141.0,Laptops,Dell XPS 13,5,2712.28,Cash on Delivery,
4842,2024-09-10 00:00:00,5009.0,Laptops,HP Pavilion 15,1,5591.38,Debit Card,Madinah
4843,"June 13, 2024",5706.0,tvs,LG 43-inch UHD,-1,3920.29,Cash on Delivery,Dammam
4844,2024-07-18 00:00:00,5446.0,Accessories,USB-C Cable,1,89.65,Apple Pay,Dammam
4845,2024-11-07 00:00:00,5564.0,Cameras,GoPro Hero 11,5,3263.07,Credit Card,Jeddah
4846,2024-01-16,5251.0,Laptops,MacBook Air M2,1,8812.48,,Dammam
4847,"April 04, 2024",5504.0,Laptops,Dell XPS 13,4,6154.23,Debit Card,Jeddah
4848,2024-08-27 00:00:00,5424.0, TVs,LG 43-inch UHD,2,5516.72,Debit Card,Riyadh
4849,2024-01-18 00:00:00,5747.0,Cameras,GoPro Hero 11,4,1146.42,Apple Pay,Dammam
4850,2024-08-14 00:00:00,5370.0,TVs,Samsung 55-inch QLED,1,3971.87,Debit Card,Madinah
4851,2024-07-12 00:00:00,5320.0,Phones,Samsung Galaxy S23,1,1907.25,Cash on Delivery,Madinah
4852,2024-03-10 00:00:00,5655.0,Laptops,HP Pavilion 15,3,6483.17,Credit Card,
4853,2024-06-01 00:00:00,5276.0,TVs,Sony 65-inch Bravia,1,6680.11,Debit Card,Makkah
4854,2024-08-30 00:00:00,5464.0,Phones,Oppo Reno 8,3,3816.22,Debit Card,Makkah
4855,2024-07-09,5163.0,TVs,Samsung 55-inch QLED,5,2199.38,Credit Card,Makkah
4856,2024-05-05 00:00:00,5678.0,Phones,iPhone 14,4,2741.33,Debit Card,Madinah
4857,14/05/2024,5587.0,Accessories,Laptop Stand,4,233.75,Credit Card,Dammam
4858,2024-06-10 00:00:00,5213.0,TVs,LG 43-inch UHD,5,3896.68,Apple Pay,Madinah
4859,2024-10-27,5554.0,Phones,Samsung Galaxy S23,5,4417.75,Apple Pay,Madinah
4860,2024-05-11 00:00:00,5603.0,Accessories,Wireless Mouse,5,331.43,Apple Pay,Riyadh
4861,2024-06-09 00:00:00,5719.0,Cameras, Nikon D3500 ,1,3102.59,Cash on Delivery,Madinah
4862,2024-08-01 00:00:00,5130.0,Laptops,Dell XPS 13,4,4927.48,Cash on Delivery,Jeddah
4863,2024-10-29 00:00:00,5133.0,Laptops,Dell XPS 13,3,4159.69,Apple Pay,Riyadh
4864,2024-10-07 00:00:00,5337.0,Phones,Samsung Galaxy S23,5,1870.56,Credit Card,Riyadh
4865,2024-10-14 00:00:00,5016.0,Cameras,Nikon D3500,3,2177.63,Debit Card,Dammam
4866,"April 03, 2024",5140.0,Phones,iPhone 14,4,2946.1,Apple Pay,Jeddah
4867,2024-09-11 00:00:00,5349.0,laptops,HP Pavilion 15,3,6892.85,Debit Card,Jeddah
4868,"August 24, 2024",5525.0,TVs,Sony 65-inch Bravia,5,5222.43,Apple Pay,Riyadh
4869,2024-03-13,5538.0,Cameras,  GoPro Hero 11  ,2,1152.39,Debit Card,Makkah
4870,09-04-2024,5297.0,Cameras,GoPro Hero 11,1,2322.93,Cash on Delivery,Madinah
4871,2024-09-24 00:00:00,5748.0,Phones,Oppo Reno 8,1,2136.23,Apple Pay,Riyadh
4872,2024-10-21 00:00:00,5478.0,Laptops,HP Pavilion 15,3,3519.28,Apple Pay,Dammam
4873,2024-10-01 00:00:00,5771.0,Cameras,GoPro Hero 11 ,3,3878.29,Apple Pay,Riyadh
4874,2024-12-17,5793.0,Accessories,  Laptop Stand  ,4,45.51,Cash on Delivery,Madinah
4875,2024-12-13 00:00:00,5635.0,TVs,Samsung 55-inch QLED,5,3979.75,Debit Card,Riyadh
4876,2024-04-13 00:00:00,5556.0,TVs,Samsung 55-inch QLED,4,2674.66,Credit Card,Riyadh
4877,2024-08-01 00:00:00,5135.0,Phones,Samsung Galaxy S23,1,4577.66,Apple Pay,Makkah
4878,2024-08-02 00:00:00,5750.0,Phones,iPhone 14,3,3449.64,Cash on Delivery,Dammam
4879,2024-09-16 00:00:00,5511.0,TV,Sony 65-inch Bravia,4,3003.18,Cash on Delivery,Dammam
4880,2024-06-14 00:00:00,5360.0,Cameras,Nikon D3500,3,2708.74,Cash on Delivery,Makkah
4881,2024-05-10 00:00:00,5005.0,phones,Samsung Galaxy S23,4,4060.2,Apple Pay,Dammam
4882,2024-07-16 00:00:00,5533.0,Phones,iPhone 14,5,4853.41,Apple Pay,Dammam
4883,2024-03-08 00:00:00,5073.0,TVs,Sony 65-inch Bravia,3,2946.32,Credit Card,Dammam
4884,2024-06-29 00:00:00,5157.0,tvs,LG 43-inch UHD,3,6408.15,Cash on Delivery,Riyadh
4885,2024-06-03 00:00:00,5602.0,Laptops,HP Pavilion 15,3,8572.98,Credit Card,Madinah
4886,2024-05-31 00:00:00,5206.0,Cameras,Nikon D3500,1,4199.11,Debit Card,Jeddah
4887,2024-09-30 00:00:00,5794.0,Cameras,Nikon D3500,4,3187.49,Credit Card,Madinah
4888,2024-08-28 00:00:00,5020.0,Laptops,HP Pavilion 15,1,6593.83,Credit Card,Makkah
4889,"April 09, 2024",5157.0,Laptops, Lenovo ThinkPad E14 ,1,5120.87,Cash on Delivery,Dammam
4890,2024-02-01 00:00:00,,Laptops,Lenovo ThinkPad E14,2,7390.59,Credit Card,Dammam
4891,2024-01-16,5217.0,phones,Samsung Galaxy S23,5,3359.53,Cash on Delivery,Riyadh
4892,2024-10-25 00:00:00,5487.0,Accessories,Wireless Mouse,4,280.65,Credit Card,Madinah
4893,2024-10-21 00:00:00,5344.0,Cameras,Nikon D3500,4,2442.45,Debit Card,Dammam
4894,"February 26, 2024",5624.0, Laptops,HP Pavilion 15,2,7254.73,Cash on Delivery,Makkah
4895,2024-06-01 00:00:00,5209.0,Accessories,Wireless Mouse,3,335.05,Credit Card,Makkah
4896,2024-12-19 00:00:00,5014.0,Accessories,Laptop Stand,4,84.18,Cash on Delivery,Madinah
4897,2024-09-12 00:00:00,5344.0,Cameras,Nikon D3500,2,3898.55,Cash on Delivery,Riyadh
4898,2024-10-07 00:00:00,5001.0,Cameras,GoPro Hero 11,1,2845.07,Debit Card,Makkah
4899,2024-05-18 00:00:00,5092.0,Laptops,HP Pavilion 15,2,7990.33,Credit Card,Jeddah
4900,2024-06-19 00:00:00,5017.0,Accessories,USB-C Cable ,5,189.58,Cash on Delivery,Madinah
4901,2024-06-08 00:00:00,5098.0,TVs,Samsung 55-inch QLED,2,3771.01,Credit Card,Jeddah
4902,2024-08-13 00:00:00,5545.0,Cameras,GoPro Hero 11,4,4194.22,Apple Pay,Dammam
4903,2024-07-04 00:00:00,5672.0,TVs,LG 43-inch UHD,5,3106.08,Cash on Delivery,Riyadh
4904,2024-09-19 00:00:00,5738.0,ACCESSORIES,Wireless Mouse,4,342.36,Cash on Delivery,Madinah
4905,"January 02, 2024",5327.0,Laptops,Dell XPS 13,5,5646.13,Debit Card,Madinah
4906,2024-12-22 00:00:00,5584.0,Cameras,Nikon D3500,5,2750.74,Cash on Delivery,Riyadh
4907,2024-05-05 00:00:00,5031.0,TVs,Samsung 55-inch QLED,2,3404.04,Debit Card,Makkah
4908,2024-11-14 00:00:00,5430.0,Accessories, Laptop Stand,3,242.03,Debit Card,Makkah
4909,2024-09-21 00:00:00,5197.0,TVs,LG 43-inch UHD,2,3491.1,Credit Card,Makkah
4910,2024-07-25 00:00:00,5380.0,Phones,Oppo Reno 8,2,1637.44,Debit Card,Riyadh
4911,2024-08-27 00:00:00,5797.0,Phones,iPhone 14,5,2452.0,Debit Card,Dammam
4912,2024-07-04 00:00:00,5637.0,laptops,Lenovo ThinkPad E14,3,2541.46,Cash on Delivery,Makkah
4913,2024-01-12 00:00:00,5136.0,Cameras,GoPro Hero 11,4,4422.08,Debit Card,Jeddah
4914,2024-03-14 00:00:00,5461.0,TVs,Sony 65-inch Bravia,2,6821.89,Apple Pay,Riyadh
4915,2024-10-23 00:00:00,5233.0,Cameras,GoPro Hero 11,1,2322.56,Debit Card,Jeddah
4916,2024-10-20 00:00:00,5323.0,Tvs ,Sony 65-inch Bravia,1,5587.53,Credit Card,Makkah
4917,29/01/2024,5457.0,Accessories,Laptop Stand,5,157.95,Cash on Delivery,Makkah
4918,2024-12-26 00:00:00,,Camera,Nikon D3500   ,3,3315.94,Credit Card,Makkah
4919,2024-06-09 00:00:00,5553.0,TVs,LG 43-inch UHD,2,5988.24,Credit Card,Madinah
4920,2024-01-21 00:00:00,5526.0,Cameras,GoPro Hero 11,4,4308.32,Debit Card,Makkah
4921,2024-10-25 00:00:00,5616.0,Phones,Xiaomi Redmi Note 12,1,2900.74,Cash on Delivery,Makkah
4922,2024-07-08 00:00:00,5414.0,Phones,Xiaomi Redmi Note 12,5,4241.54,Apple Pay,Jeddah
4923,2024-09-15 00:00:00,5210.0,Cameras,Canon EOS 200D,3,1857.34,Apple Pay,Makkah
4924,2024-03-20 00:00:00,5081.0,Cameras,Canon EOS 200D,1,4465.2,Apple Pay,Makkah
4925,2024-10-30 00:00:00,5117.0,Laptops,Dell XPS 13,4,2667.5,Credit Card,Jeddah
4926,2024-11-19 00:00:00,5559.0,Cameras,Canon EOS 200D,3,72454.07602802993,Credit Card,Madinah
4927,10-17-2024,5523.0,Phones,Samsung Galaxy S23,5,3808.27,Apple Pay,Riyadh
4928,"November 28, 2024",, Laptops,MacBook Air M2,-4,6972.3,Credit Card,Makkah
4929,2024-03-01 00:00:00,5135.0,Cameras,Canon EOS 200D,1,1333.4,Apple Pay,Madinah
4930,03-16-2024,5566.0,Laptops,Lenovo ThinkPad E14,5,8600.44,Debit Card,Makkah
4931,2024-04-24 00:00:00,5622.0,Cameras,Canon EOS 200D,3,1552.26,Apple Pay,Dammam
4932,"May 04, 2024",5502.0,TVs,Samsung 55-inch QLED,3,5038.32,Credit Card,Makkah
4933,2024-09-18 00:00:00,5747.0,Accessories,Laptop Stand,5,112.39,Apple Pay,Madinah
4934,2024-06-22 00:00:00,5498.0,Laptops,Dell XPS 13,3,4496.91,Apple Pay,
4935,2024-02-21 00:00:00,5330.0,TVs,Samsung 55-inch QLED,2,4641.58,Debit Card,Riyadh
4936,2024-11-19 00:00:00,5692.0,Accessories,Bluetooth Headphones,1,184.36,Cash on Delivery,Makkah
4937,2024-03-06 00:00:00,5617.0,Phones,Xiaomi Redmi Note 12,1,48593.30079012067,Apple Pay,Madinah
4938,2024-12-29 00:00:00,5318.0,LAPTOPS,HP Pavilion 15,3,3611.09,Cash on Delivery,
4939,2024-02-23 00:00:00,5315.0,Accessories,USB-C Cable,1,184.71,Cash on Delivery,Riyadh
4940,2024-11-29 00:00:00,5663.0,TVs,  Samsung 55-inch QLED  ,1,5737.87,,
4941,2024-04-11 00:00:00,5332.0,ACCESSORIES,Wireless Mouse,4,362.25,Apple Pay,Riyadh
4942,2024-11-04 00:00:00,5654.0,TVs,Sony 65-inch Bravia,1,2237.46,Credit Card,Madinah
4943,2024-11-12 00:00:00,5237.0,TV,LG 43-inch UHD,4,3844.14,Credit Card,Jeddah
4944,2024-07-01 00:00:00,5421.0,Accessories, Bluetooth Headphones ,4,67.09,Cash on Delivery,Dammam
4945,2024-05-30 00:00:00,5743.0,TVs,Sony 65-inch Bravia,1,1886.28,Debit Card,Makkah
4946,2024-01-12 00:00:00,5137.0,TVs,LG 43-inch UHD,1,5240.94,,Jeddah
4947,2024-09-02 00:00:00,5677.0,Camera,Nikon D3500,2,3068.82,Apple Pay,
4948,2024-06-30 00:00:00,5463.0,Laptops,MacBook Air M2,5,3559.62,Apple Pay,Dammam
4949,2024-12-05 00:00:00,5521.0, Laptops,Dell XPS 13,4,4019.78,Debit Card,Riyadh
4950,2024-04-16 00:00:00,5090.0,TVs,Sony 65-inch Bravia,1,1923.28,Debit Card,Madinah
4951,27/12/2024,5232.0,Accessories,Bluetooth Headphones,3,338.93,Debit Card,Jeddah
4952,"February 16, 2024",5563.0,Laptops,HP Pavilion 15,4,8835.49,Cash on Delivery,Riyadh
4953,2024-10-02 00:00:00,5024.0,Accessories,Bluetooth Headphones,2,80.12,Apple Pay,Makkah
4954,2024-06-02 00:00:00,5726.0,TVs,Samsung 55-inch QLED,3,3003.67,Apple Pay,Makkah
4955,2024-03-31 00:00:00,5365.0,Accessories,Laptop Stand   ,1,351.31,Cash on Delivery,Madinah
4956,2024-11-28 00:00:00,5758.0,Cameras,Nikon D3500,1,4235.27,Apple Pay,Dammam
4957,2024-08-05 00:00:00,5344.0,Camera,Canon EOS 200D,1,2410.66,Apple Pay,Riyadh
4958,2024-03-25 00:00:00,5578.0,Phones,  Samsung Galaxy S23  ,1,1677.18,Credit Card,Makkah
4959,2024-11-26 00:00:00,5781.0, Cameras,Canon EOS 200D,3,1041.81,Credit Card,Jeddah
4960,2024-12-07 00:00:00,5722.0,Accessories,Bluetooth Headphones,4,242.36,Apple Pay,Riyadh
4961,2024-10-14 00:00:00,5294.0,cameras,Nikon D3500,2,2314.42,Apple Pay,Makkah
4962,"October 29, 2024",5680.0,Phones,Samsung Galaxy S23,2,1600.28,Apple Pay,Dammam
4963,2024-01-15 00:00:00,,Laptops,Dell XPS 13,2,6291.14,Apple Pay,Dammam
4964,2024-12-28 00:00:00,5193.0,Phones,Oppo Reno 8,2,1539.56,Credit Card,Madinah
4965,2024-08-19 00:00:00,5764.0,TVs,LG 43-inch UHD,4,5894.33,Credit Card,Madinah
4966,2024-07-30,5142.0,TVs,LG 43-inch UHD,4,3393.45,Credit Card,Riyadh
4967,05-03-2024,5137.0,Accessories,Laptop Stand,3,1058.7392240239997,Debit Card,Riyadh
4968,2024-12-14 00:00:00,5602.0,Laptops,Dell XPS 13,2,6324.29,Cash on Delivery,Madinah
4969,02-07-2024,5567.0,cameras,Canon EOS 200D,2,2331.66,Apple Pay,Makkah
4970,2024-09-06 00:00:00,5485.0,Laptops,Lenovo ThinkPad E14,3,208203.7800972096,Credit Card,Riyadh
4971,2024-02-06 00:00:00,5282.0,TVs,Sony 65-inch Bravia,3,4629.83,Debit Card,Dammam
4972,2024-05-20 00:00:00,5168.0,TVs,Samsung 55-inch QLED,3,3231.24,Credit Card,Madinah
4973,2024-06-28 00:00:00,5404.0,Laptops,  Dell XPS 13  ,1,7111.35,Apple Pay,Dammam
4974,2024-06-06 00:00:00,5112.0,Accessories,Laptop Stand,2,130.45,Apple Pay,Riyadh
4975,2024-05-06 00:00:00,5223.0,Cameras,Nikon D3500,4,4155.28,Debit Card,Makkah
4976,2024-11-25 00:00:00,5596.0,Phones,Xiaomi Redmi Note 12,4,2811.53,Cash on Delivery,Dammam
4977,2024-09-05 00:00:00,5094.0,Laptops,Dell XPS 13,4,6074.15,Apple Pay,Dammam
4978,2024-01-14,5183.0, Accessories , Wireless Mouse,2,48.71,Cash on Delivery,Riyadh
4979,02-02-2024,5699.0, Accessories ,Bluetooth Headphones,2,187.66,Cash on Delivery,Dammam
4980,2024-09-03 00:00:00,5548.0, Accessories ,Laptop Stand,2,337.97,Debit Card,Madinah
4981,2024-06-02 00:00:00,5067.0,Laptops,MacBook Air M2,4,7736.72,Debit Card,Jeddah
4982,2024-05-21 00:00:00,5703.0,Accessories,  Bluetooth Headphones,4,113.0,Credit Card,Dammam
4983,2024-10-24 00:00:00,5095.0,TVs,LG 43-inch UHD,2,2975.61,Debit Card,Dammam
4984,2024-12-22 00:00:00,5529.0,Phones,Xiaomi Redmi Note 12,5,4360.57,Apple Pay,Madinah
4985,2024-06-11 00:00:00,5704.0,TVs,Sony 65-inch Bravia,2,6638.07,Credit Card,Jeddah
4986,01-08-2024,5249.0,Phones,Xiaomi Redmi Note 12,5,1833.76,,Dammam
4987,2024-11-29 00:00:00,5526.0,Tvs ,LG 43-inch UHD,4,4140.3,Apple Pay,Riyadh
4988,2024-12-23 00:00:00,5052.0,laptops,MacBook Air M2,5,4693.45,Cash on Delivery,Madinah
4989,2024-12-22 00:00:00,5087.0,Phones,iPhone 14,5,4547.41,Apple Pay,Jeddah
4990,10-25-2024,5066.0,Accessory,USB-C Cable,1,60.9,Cash on Delivery,Riyadh
4991,08-09-2024,5646.0,Accessories,USB-C Cable,4,108.12,Apple Pay,Jeddah
4992,2024-09-05 00:00:00,5467.0,Phones,iPhone 14,5,4133.64,Credit Card,Madinah
4993,2024-11-10 00:00:00,5308.0,Phones,iPhone 14,-4,1679.53,Cash on Delivery,Makkah
4994,2024-08-20 00:00:00,5667.0,Laptops,HP Pavilion 15,1,5701.48,Apple Pay,Madinah
4995,2024-08-07 00:00:00,5738.0,Phones,Samsung Galaxy S23,5,3047.37,Debit Card,Jeddah
4996,2024-05-14 00:00:00,5413.0,Phones,Xiaomi Redmi Note 12,2,2670.4,Debit Card,Riyadh
4997,2024-04-04 00:00:00,5514.0,Phones, iPhone 14 ,2,2881.0,Credit Card,Jeddah
4998,11-27-2024,5141.0,TVs,   LG 43-inch UHD,3,4555.69,Credit Card,Dammam
4999,2024-02-18 00:00:00,5027.0,Laptops,HP Pavilion 15,1,3548.89,Cash on Delivery,Jeddah
4264,2024-04-24,5181.0,Cameras,GoPro Hero 11,2,3753.93,Credit Card,Riyadh
3559,"October 22, 2024",5243.0,Cameras,Nikon D3500 ,2,2702.25,Apple Pay,Madinah
1015,05-06-2024,5438.0,Accessories,USB-C Cable,5,97.86,Cash on Delivery,Madinah
2872,19/11/2024,5495.0,accessories,Laptop Stand,5,217.17,Debit Card,Dammam
1491,2024-10-29 00:00:00,5778.0,TVs,LG 43-inch UHD,4,5024.69,Debit Card,Madinah
2307,2024-05-07 00:00:00,5318.0,TVs,Samsung 55-inch QLED,2,5968.99,Debit Card,Dammam
2055,22/04/2024,5334.0,TVs,Sony 65-inch Bravia,4,3623.7,Cash on Delivery,Riyadh
1328,2024-08-01 00:00:00,5507.0,Phones,Samsung Galaxy S23,2,2968.6,Credit Card,
2661,2024-04-09 00:00:00,5788.0,Laptops,HP Pavilion 15,5,5851.92,Debit Card,Makkah
3341,2024-06-16 00:00:00,5771.0,TVs,Sony 65-inch Bravia,-4,2169.24,Apple Pay,Madinah
4066,2024-07-08 00:00:00,5261.0,Laptops,Lenovo ThinkPad E14,3,2598.22,Debit Card,Riyadh
3896,2024-11-18 00:00:00,5559.0,Cameras,Canon EOS 200D,4,2840.74,Cash on Delivery,Madinah
3801,2024-03-14 00:00:00,5668.0,CAMERAS ,  GoPro Hero 11,2,4168.44,Debit Card,Dammam
2154,2024-08-03 00:00:00,5711.0,Phones,  Xiaomi Redmi Note 12  ,5,3665.14,Cash on Delivery,Makkah
2909,2024-07-23 00:00:00,,Cameras,Nikon D3500,1,1436.0,Cash on Delivery,Riyadh
1650,"November 20, 2024",5301.0,TVs,Samsung 55-inch QLED,3,2251.99,Debit Card,Jeddah
4470,2024-02-19 00:00:00,5098.0,tvs,Samsung 55-inch QLED,-2,1899.55,Apple Pay,Riyadh
1289,2024-01-24 00:00:00,5785.0,Phones,iPhone 14  ,5,3567.92,Cash on Delivery,Jeddah
4193,2024-12-29 00:00:00,5626.0,Laptops,HP Pavilion 15,3,4623.83,Credit Card,Dammam
4487,2024-01-28 00:00:00,5248.0,TVs,Samsung 55-inch QLED,1,2070.34,Debit Card,Madinah
2877,2024-06-26 00:00:00,5500.0,Accessories,Wireless Mouse,4,218.09,Debit Card,Makkah
3977,2024-11-24 00:00:00,5316.0,TVs,Sony 65-inch Bravia,2,1859.37,Debit Card,Dammam
1640,12-25-2024,5647.0,CAMERAS ,Nikon D3500,5,972.26,Cash on Delivery,Madinah
3497,2024-02-21 00:00:00,5629.0,Accessories,Bluetooth Headphones,1,350.26,,Riyadh
1186,2024-05-15 00:00:00,5538.0,Phones,Samsung Galaxy S23 ,1,4360.28,Debit Card,Makkah
3194,2024-10-20 00:00:00,5519.0,Laptops,   HP Pavilion 15,2,3221.43,Apple Pay,Jeddah
2162,2024-01-26 00:00:00,5266.0,Accessories,  USB-C Cable,4,153.99,Apple Pay,Madinah
1719,2024-10-09,5379.0,Laptops,Lenovo ThinkPad E14,5,7250.64,Apple Pay,Jeddah
2287,2024-01-24 00:00:00,5091.0,laptops,HP Pavilion 15,2,4779.08,Credit Card,Dammam
1175,2024-02-29 00:00:00,5311.0,Accessories,Laptop Stand,2,94.52,Credit Card,
2131,"October 22, 2024",,PHONES,Samsung Galaxy S23,4,3235.57,Debit Card,Makkah
1983,2024-12-15 00:00:00,5647.0,Accessories,Bluetooth Headphones,3,57.8,Apple Pay,Riyadh
1918,"July 01, 2024",5730.0,TV,Sony 65-inch Bravia,3,5770.75,Cash on Delivery,Jeddah
2587,2024-04-30 00:00:00,5017.0,Laptops,MacBook Air M2,3,5128.07,Credit Card,Jeddah
2754,2024-10-16 00:00:00,5124.0,PHONES,Xiaomi Redmi Note 12,4,4915.56,Cash on Delivery,Riyadh
2031,"February 26, 2024",5633.0,Accessories,Wireless Mouse,-4,250.62,Cash on Delivery,
1671,2024-11-06 00:00:00,5390.0,Accessories,Bluetooth Headphones,1,361.8,Cash on Delivery,Makkah
3291,2024-08-19 00:00:00,5429.0,TVs,LG 43-inch UHD,2,3259.55,Debit Card,Makkah
2491,2024-12-21 00:00:00,5644.0,Accessories,Laptop Stand,2,168.1,Debit Card,Riyadh
4657,2024-05-24 00:00:00,5140.0,Cameras,Nikon D3500,1,2738.09,Apple Pay,
4922,07-08-2024,5414.0,Phones,Xiaomi Redmi Note 12,5,4241.54,Apple Pay,Jeddah
4661,2024-04-02 00:00:00,5438.0,Cameras,Nikon D3500,5,2704.59,Credit Card,Dammam
2272,2024-07-24,5023.0,Cameras,Nikon D3500,5,3707.46,Credit Card,Makkah
4874,2024-12-17 00:00:00,5793.0,Accessories,Laptop Stand,4,45.51,Cash on Delivery,Madinah
4530,2024-10-01 00:00:00,5232.0,TVs,   Samsung 55-inch QLED,2,3247.52,Apple Pay,Dammam
4570,2024-04-30 00:00:00,5026.0,Accessories,Bluetooth Headphones,3,146.13,Credit Card,Dammam
3436,2024-09-25 00:00:00,5511.0,Tvs ,LG 43-inch UHD,3,3804.66,Cash on Delivery,Riyadh
3901,2024-02-15 00:00:00,5115.0,Cameras,Canon EOS 200D,3,3655.97,Credit Card,Jeddah
2107,2024-07-14 00:00:00,5310.0,Phones,Samsung Galaxy S23,5,4153.83,Cash on Delivery,Jeddah
3765,2024-07-20 00:00:00,5300.0,Accessories,USB-C Cable,3,384.44,Credit Card,Dammam
4157,2024-09-05 00:00:00,5312.0,Laptops,MacBook Air M2,3,2916.04,Debit Card,Madinah
3254,2024-08-31 00:00:00,5310.0,Accessories,Laptop Stand,3,355.22,Debit Card,Dammam
2219,12-23-2024,5294.0,Accessories,Laptop Stand,4,131.11,Credit Card,Jeddah
4544,2024-03-16 00:00:00,5386.0,Laptops,MacBook Air M2,1,8120.28,Cash on Delivery,Riyadh
3261,2024-03-10 00:00:00,5153.0,Phones,Samsung Galaxy S23,5,3606.73,Cash on Delivery,Makkah
4118,2024-05-02 00:00:00,5139.0,Laptops,MacBook Air M2,1,4114.45,Apple Pay,Dammam
2271,2024-12-27 00:00:00,5546.0,Laptops,Dell XPS 13,5,8090.8,Apple Pay,Riyadh
2881,2024-09-05 00:00:00,5315.0,Phones,Xiaomi Redmi Note 12,2,4556.63,,Riyadh
2646,2024-12-03 00:00:00,5101.0,TVs,LG 43-inch UHD,4,2464.11,Cash on Delivery,Madinah
2794,11-09-2024,,Cameras,GoPro Hero 11,1,1050.02,Apple Pay,Jeddah
