OrderID,OrderDate,CustomerID,ProductCategory,ProductName,Quantity,UnitPrice,PaymentMethod,Region,OrderType,TotalAmount
1000,2024-05-20,5754,Phones,iPhone 14,2,2810.89,Debit Card,Jeddah,Sale,5621.78
1001,2024-10-29,5095,Phones,iPhone 14,4,4827.5,Credit Card,Riyadh,Sale,19310.0
1002,2024-09-15,5203,Laptops,Dell XPS 13,5,7257.96,Credit Card,Madinah,Sale,36289.8
1003,2024-04-22,5777,Cameras,Nikon D3500,4,3055.17,Cash on Delivery,Riyadh,Sale,12220.68
1004,2024-06-23,5781,Laptops,Lenovo ThinkPad E14,3,3514.12,Debit Card,Jeddah,Sale,10542.36
1005,2024-02-17,5352,Accessories,Wireless Mouse,4,87.72,Credit Card,Dammam,Sale,350.88
1006,2024-01-23,Guest,Cameras,Nikon D3500,4,1109.1,Credit Card,Not Specified,Sale,4436.4
1007,2024-11-17,5196,Cameras,Nikon D3500,5,4018.23,Cash on Delivery,Madinah,Sale,20091.15
1008,2024-12-04,5238,Phones,iPhone 14,2,3603.9,Cash on Delivery,Riyadh,Sale,7207.8
1009,2024-05-22,5379,Phones,Oppo Reno 8,4,3978.25,Cash on Delivery,Jeddah,Sale,15913.0
1010,2024-12-09,5650,Accessories,USB-C Cable,3,37.62,Credit Card,Madinah,Sale,112.85999999999999
1011,2024-03-24,5655,Laptops,Dell XPS 13,4,8804.41,Apple Pay,Dammam,Sale,35217.64
1012,2024-12-16,5032,Cameras,Canon EOS 200D,3,3896.79,Credit Card,Jeddah,Sale,11690.369999999999
1013,2024-05-17,5735,Accessories,Laptop Stand,1,108.57,Debit Card,Madinah,Sale,108.57
1014,2024-12-01,5146,Accessories,USB-C Cable,4,97.28,Apple Pay,Makkah,Sale,389.12
1015,2024-05-06,5438,Accessories,USB-C Cable,-5,97.86,Cash on Delivery,Madinah,Return,-489.3
1016,2024-07-04,5505,Cameras,Nikon D3500,2,1995.27,Debit Card,Madinah,Sale,3990.54
1017,2024-02-26,Guest,Phones,iPhone 14,2,3336.65,Debit Card,Makkah,Sale,6673.3
1018,2024-07-14,5257,Phones,Oppo Reno 8,5,3011.81,Apple Pay,Madinah,Sale,15059.05
1019,2024-12-14,5114,Cameras,Canon EOS 200D,1,1948.42,Cash on Delivery,Dammam,Sale,1948.42
1020,2024-03-21,5512,Accessories,Laptop Stand,4,256.39,Credit Card,Dammam,Sale,1025.56
1021,2024-11-16,5382,Laptops,MacBook Air M2,3,3406.71,Debit Card,Jeddah,Sale,10220.130000000001
1022,2024-11-02,5114,Laptops,MacBook Air M2,3,4398.94,Apple Pay,Riyadh,Sale,13196.82
1023,2024-05-02,5080,Accessories,Bluetooth Headphones,1,165.55,Debit Card,Madinah,Sale,165.55
1024,2024-02-05,5675,Phones,Oppo Reno 8,5,3096.24,Debit Card,Jeddah,Sale,15481.199999999999
1025,2024-03-25,5552,TVs,Sony 65-inch Bravia,3,5882.91,Apple Pay,Jeddah,Sale,17648.73
1026,2024-07-23,5462,Laptops,HP Pavilion 15,3,3797.88,Apple Pay,Madinah,Sale,11393.64
1027,2024-04-25,5602,Phones,Samsung Galaxy S23,1,3299.82,Cash on Delivery,Riyadh,Sale,3299.82
1028,2024-10-28,5724,Cameras,Canon EOS 200D,2,3032.69,Credit Card,Riyadh,Sale,6065.38
1029,2024-02-04,5526,Phones,Samsung Galaxy S23,1,1662.58,Cash on Delivery,Riyadh,Sale,1662.58
1030,2024-12-08,5135,Laptops,HP Pavilion 15,4,6449.04,Unknown,Madinah,Sale,25796.16
1031,2024-08-30,5194,Cameras,GoPro Hero 11,2,1513.89,Apple Pay,Makkah,Sale,3027.78
1032,2024-12-03,5420,Phones,iPhone 14,4,1727.68,Cash on Delivery,Makkah,Sale,6910.72
1033,2024-01-28,5745,TVs,Sony 65-inch Bravia,1,6734.2,Credit Card,Makkah,Sale,6734.2
1034,2024-05-07,5459,Accessories,Wireless Mouse,2,387.28,Debit Card,Madinah,Sale,774.56
1035,2024-04-03,5077,Laptops,Lenovo ThinkPad E14,3,7754.58,Apple Pay,Jeddah,Sale,23263.739999999998
1036,2024-02-20,5771,TVs,Sony 65-inch Bravia,1,3383.99,Credit Card,Riyadh,Sale,3383.99
1037,2024-07-27,5410,Laptops,Dell XPS 13,4,3134.87,Apple Pay,Jeddah,Sale,12539.48
1038,2024-07-13,5465,Phones,Samsung Galaxy S23,1,3894.82,Apple Pay,Dammam,Sale,3894.82
1039,2024-12-22,5194,Accessories,Laptop Stand,5,192.86,Apple Pay,Jeddah,Sale,964.3000000000001
1040,2024-01-30,5058,Accessories,USB-C Cable,5,75.15,Credit Card,Dammam,Sale,375.75
1041,2024-09-14,5520,Phones,Oppo Reno 8,5,3233.12,Debit Card,Riyadh,Sale,16165.599999999999
1042,2024-02-05,5413,Phones,Samsung Galaxy S23,5,1620.36,Credit Card,Jeddah,Sale,8101.799999999999
1043,2024-10-23,5083,Phones,Samsung Galaxy S23,5,4682.62,Credit Card,Madinah,Sale,23413.1
1044,2024-10-25,5209,TVs,Sony 65-inch Bravia,5,3145.66,Cash on Delivery,Dammam,Sale,15728.3
1045,2024-05-15,5468,Accessories,USB-C Cable,4,275.13,Unknown,Dammam,Sale,1100.52
1046,2024-01-05,5550,Accessories,Wireless Mouse,4,145.33,Credit Card,Riyadh,Sale,581.32
1047,2024-03-08,5378,Laptops,HP Pavilion 15,3,5880.44,Credit Card,Jeddah,Sale,17641.32
1048,2024-08-12,5669,Accessories,USB-C Cable,-5,232.28,Cash on Delivery,Madinah,Return,-1161.4
1049,2024-12-07,5137,Cameras,Canon EOS 200D,5,1565.48,Cash on Delivery,Riyadh,Sale,7827.4
1050,2024-02-24,5288,Accessories,Wireless Mouse,5,388.75,Debit Card,Dammam,Sale,1943.75
1051,2024-06-24,5500,Cameras,Canon EOS 200D,-2,3690.48,Cash on Delivery,Madinah,Return,-7380.96
1052,2024-02-17,5003,Accessories,Wireless Mouse,4,377.61,Cash on Delivery,Riyadh,Sale,1510.44
1053,2024-11-22,5564,Accessories,USB-C Cable,3,361.09,Debit Card,Makkah,Sale,1083.27
1054,2024-01-05,5558,TVs,Sony 65-inch Bravia,1,4909.08,Credit Card,Jeddah,Sale,4909.08
1055,2024-10-25,5130,Phones,Xiaomi Redmi Note 12,5,4726.56,Debit Card,Makkah,Sale,23632.800000000003
1056,2024-07-05,5698,Phones,Xiaomi Redmi Note 12,1,1809.72,Cash on Delivery,Jeddah,Sale,1809.72
1057,2024-06-30,5767,Laptops,MacBook Air M2,5,3773.89,Apple Pay,Madinah,Sale,18869.45
1058,2024-03-24,5183,Laptops,Dell XPS 13,2,2793.98,Apple Pay,Riyadh,Sale,5587.96
1059,2024-12-08,5718,Accessories,Laptop Stand,2,150.37,Cash on Delivery,Jeddah,Sale,300.74
1060,2024-01-20,5471,Phones,Oppo Reno 8,4,2860.37,Debit Card,Jeddah,Sale,11441.48
1061,2024-04-26,5408,Accessories,Bluetooth Headphones,2,130.4,Credit Card,Jeddah,Sale,260.8
1062,2024-02-05,5409,Accessories,Bluetooth Headphones,3,336.63,Cash on Delivery,Madinah,Sale,1009.89
1063,2024-01-15,5594,Cameras,Nikon D3500,1,2184.31,Cash on Delivery,Jeddah,Sale,2184.31
1064,2024-02-25,5746,Accessories,Wireless Mouse,-5,217.01,Apple Pay,Dammam,Return,-1085.05
1065,2024-11-06,5590,Accessories,Laptop Stand,5,230.8,Credit Card,Makkah,Sale,1154.0
1066,2024-01-23,5551,Laptops,HP Pavilion 15,4,3416.01,Credit Card,Madinah,Sale,13664.04
1067,2024-08-08,5321,Laptops,HP Pavilion 15,1,7714.28,Cash on Delivery,Madinah,Sale,7714.28
1068,2024-09-16,5412,Phones,Xiaomi Redmi Note 12,3,1760.93,Apple Pay,Dammam,Sale,5282.79
1069,2024-04-08,5630,Accessories,USB-C Cable,4,395.15,Apple Pay,Jeddah,Sale,1580.6
1070,2024-07-26,5293,Cameras,Nikon D3500,-5,3680.08,Credit Card,Dammam,Return,-18400.4
1071,2024-10-23,5452,Laptops,Lenovo ThinkPad E14,5,5873.17,Cash on Delivery,Makkah,Sale,29365.85
1072,2024-04-19,5674,TVs,Sony 65-inch Bravia,5,1828.72,Apple Pay,Not Specified,Sale,9143.6
1073,2024-09-20,5769,Phones,Xiaomi Redmi Note 12,5,4354.11,Cash on Delivery,Riyadh,Sale,21770.55
1074,2024-04-25,5047,Laptops,HP Pavilion 15,2,7094.57,Debit Card,Riyadh,Sale,14189.14
1075,2024-11-08,5644,Laptops,Lenovo ThinkPad E14,1,7238.55,Apple Pay,Makkah,Sale,7238.55
1076,2024-12-22,5249,Cameras,Canon EOS 200D,4,3676.57,Apple Pay,Makkah,Sale,14706.28
1077,2024-02-24,5712,Laptops,MacBook Air M2,4,2981.29,Debit Card,Jeddah,Sale,11925.16
1078,2024-01-26,5467,Cameras,Nikon D3500,5,2190.48,Debit Card,Riyadh,Sale,10952.4
1079,2024-07-12,Guest,Laptops,Lenovo ThinkPad E14,5,3253.15,Cash on Delivery,Makkah,Sale,16265.75
1080,2024-10-07,5460,Cameras,Nikon D3500,4,4007.17,Debit Card,Makkah,Sale,16028.68
1081,2024-11-22,5281,Accessories,USB-C Cable,3,260.62,Apple Pay,Jeddah,Sale,781.86
1082,2024-12-31,5343,TVs,Samsung 55-inch QLED,3,3520.67,Debit Card,Dammam,Sale,10562.01
1083,2024-03-11,5710,Accessories,Wireless Mouse,2,53.52,Debit Card,Makkah,Sale,107.04
1084,2024-02-02,5555,Laptops,Dell XPS 13,4,4521.39,Apple Pay,Dammam,Sale,18085.56
1085,2024-02-01,5788,TVs,LG 43-inch UHD,2,3490.95,Apple Pay,Makkah,Sale,6981.9
1086,2024-01-11,5006,Cameras,GoPro Hero 11,-5,3526.58,Apple Pay,Makkah,Return,-17632.9
1087,2024-07-18,5224,Accessories,Bluetooth Headphones,4,265.9,Debit Card,Makkah,Sale,1063.6
1088,2024-09-05,5684,Accessories,Laptop Stand,1,358.27,Apple Pay,Dammam,Sale,358.27
1089,2024-03-25,5546,TVs,Sony 65-inch Bravia,4,4255.52,Debit Card,Madinah,Sale,17022.08
1090,2024-10-30,5658,Phones,Oppo Reno 8,5,1918.58,Credit Card,Riyadh,Sale,9592.9
1091,2024-08-24,5388,TVs,Samsung 55-inch QLED,-2,5508.87,Credit Card,Dammam,Return,-11017.74
1092,2024-08-20,5284,Accessories,USB-C Cable,3,311.49,Cash on Delivery,Makkah,Sale,934.47
1093,2024-02-11,5053,TVs,LG 43-inch UHD,4,4718.64,Credit Card,Madinah,Sale,18874.56
1094,2024-11-28,Guest,Accessories,USB-C Cable,1,315.26,Credit Card,Riyadh,Sale,315.26
1095,2024-11-14,5484,Laptops,MacBook Air M2,2,5709.67,Debit Card,Jeddah,Sale,11419.34
1096,2024-08-26,5620,Phones,Samsung Galaxy S23,3,3329.56,Cash on Delivery,Jeddah,Sale,9988.68
1097,2024-02-28,5592,Cameras,GoPro Hero 11,2,2439.15,Cash on Delivery,Riyadh,Sale,4878.3
1098,2024-10-21,Guest,Phones,Xiaomi Redmi Note 12,4,1588.97,Apple Pay,Jeddah,Sale,6355.88
1099,2024-11-17,5700,Cameras,GoPro Hero 11,2,1288.41,Credit Card,Dammam,Sale,2576.82
1100,2024-10-16,5438,Cameras,Canon EOS 200D,1,1013.15,Cash on Delivery,Madinah,Sale,1013.15
1101,2024-09-16,5501,Accessories,Wireless Mouse,3,265.47,Credit Card,Makkah,Sale,796.4100000000001
1102,2024-07-04,Guest,Phones,Oppo Reno 8,4,2600.25,Debit Card,Makkah,Sale,10401.0
1103,2024-05-18,5446,Cameras,GoPro Hero 11,5,2730.85,Apple Pay,Makkah,Sale,13654.25
1104,2024-06-14,5461,Cameras,Nikon D3500,2,4167.24,Credit Card,Dammam,Sale,8334.48
1105,2024-10-18,5029,Laptops,Lenovo ThinkPad E14,5,4120.4,Apple Pay,Dammam,Sale,20602.0
1106,2024-04-03,5264,TVs,LG 43-inch UHD,4,3933.99,Debit Card,Dammam,Sale,15735.96
1107,2024-11-01,5195,Accessories,Bluetooth Headphones,3,309.55,Credit Card,Madinah,Sale,928.6500000000001
1108,2024-07-27,5661,Phones,Samsung Galaxy S23,4,2300.79,Debit Card,Makkah,Sale,9203.16
1109,2024-01-09,5414,TVs,LG 43-inch UHD,-1,2200.3,Cash on Delivery,Jeddah,Return,-2200.3
1110,2024-12-05,5566,Laptops,HP Pavilion 15,5,4383.38,Cash on Delivery,Makkah,Sale,21916.9
1111,2024-08-05,5719,Cameras,Nikon D3500,5,1480.4,Cash on Delivery,Dammam,Sale,7402.0
1112,2024-06-05,5738,TVs,LG 43-inch UHD,3,6634.43,Debit Card,Riyadh,Sale,19903.29
1113,2024-03-02,5221,Laptops,HP Pavilion 15,5,7752.78,Debit Card,Jeddah,Sale,38763.9
1114,2024-10-28,5198,TVs,LG 43-inch UHD,5,5093.7,Cash on Delivery,Riyadh,Sale,25468.5
1115,2024-07-03,5725,Accessories,USB-C Cable,2,352.44,Cash on Delivery,Riyadh,Sale,704.88
1116,2024-05-20,5299,Cameras,Canon EOS 200D,1,3793.22,Credit Card,Madinah,Sale,3793.22
1117,2024-02-22,5490,Laptops,Lenovo ThinkPad E14,-1,3712.71,Cash on Delivery,Makkah,Return,-3712.71
1118,2024-04-04,5116,TVs,LG 43-inch UHD,1,6441.31,Unknown,Makkah,Sale,6441.31
1119,2024-09-08,5152,Phones,Oppo Reno 8,1,3321.1949999999997,Credit Card,Jeddah,Sale,3321.1949999999997
1120,2024-02-13,5782,Cameras,Nikon D3500,2,3806.78,Credit Card,Madinah,Sale,7613.56
1121,2024-11-01,5389,TVs,Sony 65-inch Bravia,5,6459.67,Unknown,Madinah,Sale,32298.35
1122,2024-06-01,5582,TVs,LG 43-inch UHD,5,3453.62,Apple Pay,Not Specified,Sale,17268.1
1123,2024-11-08,Guest,Cameras,Canon EOS 200D,1,1296.19,Debit Card,Jeddah,Sale,1296.19
1124,2024-05-02,5002,Phones,Samsung Galaxy S23,-2,2297.77,Credit Card,Jeddah,Return,-4595.54
1125,2024-12-18,5033,TVs,LG 43-inch UHD,5,4020.96,Apple Pay,Dammam,Sale,20104.8
1126,2024-12-27,5703,Laptops,HP Pavilion 15,3,7817.1,Apple Pay,Riyadh,Sale,23451.300000000003
1127,2024-11-16,5117,Laptops,HP Pavilion 15,5,8094.75,Debit Card,Makkah,Sale,40473.75
1128,2024-11-27,5073,Cameras,Canon EOS 200D,2,925.03,Cash on Delivery,Jeddah,Sale,1850.06
1129,2024-06-06,5127,Phones,Samsung Galaxy S23,5,3287.62,Cash on Delivery,Makkah,Sale,16438.1
1130,2024-06-04,5552,TVs,Sony 65-inch Bravia,4,3970.54,Cash on Delivery,Madinah,Sale,15882.16
1131,2024-02-11,5752,TVs,LG 43-inch UHD,5,2954.96,Credit Card,Makkah,Sale,14774.8
1132,2024-01-14,5601,Accessories,Bluetooth Headphones,1,74.35,Debit Card,Madinah,Sale,74.35
1133,2024-10-22,5531,Phones,Xiaomi Redmi Note 12,1,2681.65,Debit Card,Makkah,Sale,2681.65
1134,2024-04-02,5093,TVs,LG 43-inch UHD,5,6703.13,Apple Pay,Makkah,Sale,33515.65
1135,2024-07-28,5164,TVs,LG 43-inch UHD,3,3480.66,Cash on Delivery,Riyadh,Sale,10441.98
1136,2024-12-21,Guest,Accessories,Laptop Stand,4,221.95,Cash on Delivery,Makkah,Sale,887.8
1137,2024-08-20,5331,Cameras,Canon EOS 200D,1,3430.87,Cash on Delivery,Dammam,Sale,3430.87
1138,2024-09-20,5055,Phones,Oppo Reno 8,1,2772.7,Apple Pay,Makkah,Sale,2772.7
1139,2024-11-14,5208,Laptops,HP Pavilion 15,-4,8816.58,Apple Pay,Riyadh,Return,-35266.32
1140,2024-05-27,5029,Accessories,USB-C Cable,4,386.11,Unknown,Riyadh,Sale,1544.44
1141,2024-12-29,5014,Cameras,Canon EOS 200D,2,1806.42,Cash on Delivery,Madinah,Sale,3612.84
1142,2024-02-17,5120,Cameras,Nikon D3500,2,2690.09,Credit Card,Makkah,Sale,5380.18
1143,2024-05-29,5494,Laptops,Lenovo ThinkPad E14,5,4455.71,Cash on Delivery,Makkah,Sale,22278.55
1144,2024-08-21,5195,TVs,Samsung 55-inch QLED,5,3281.17,Debit Card,Makkah,Sale,16405.85
1145,2024-03-10,5348,Cameras,GoPro Hero 11,1,1032.79,Cash on Delivery,Makkah,Sale,1032.79
1146,2024-02-01,5593,Cameras,Nikon D3500,3,3094.43,Cash on Delivery,Madinah,Sale,9283.289999999999
1147,2024-08-16,5340,TVs,Samsung 55-inch QLED,5,4413.93,Apple Pay,Dammam,Sale,22069.65
1148,2024-07-12,5714,Cameras,GoPro Hero 11,4,1085.32,Cash on Delivery,Jeddah,Sale,4341.28
1149,2024-04-29,5762,Laptops,Lenovo ThinkPad E14,4,4311.2,Credit Card,Dammam,Sale,17244.8
1150,2024-07-14,5037,TVs,Sony 65-inch Bravia,4,6522.98,Debit Card,Makkah,Sale,26091.92
1151,2024-02-21,5467,Laptops,HP Pavilion 15,-4,4057.15,Credit Card,Madinah,Return,-16228.6
1152,2024-07-28,5800,Phones,Samsung Galaxy S23,2,2007.13,Credit Card,Makkah,Sale,4014.26
1153,2024-11-15,5690,Accessories,Bluetooth Headphones,4,211.1,Credit Card,Dammam,Sale,844.4
1154,2024-06-11,5070,Cameras,Nikon D3500,4,4448.34,Credit Card,Madinah,Sale,17793.36
1155,2024-04-26,5778,Laptops,HP Pavilion 15,1,4073.36,Apple Pay,Riyadh,Sale,4073.36
1156,2024-03-26,5332,Phones,Oppo Reno 8,3,3852.47,Credit Card,Riyadh,Sale,11557.41
1157,2024-07-02,5250,Phones,Xiaomi Redmi Note 12,3,4165.67,Apple Pay,Jeddah,Sale,12497.01
1158,2024-10-16,5080,Cameras,Nikon D3500,-2,1755.5,Debit Card,Jeddah,Return,-3511.0
1159,2024-11-13,5146,Cameras,Nikon D3500,2,3521.58,Apple Pay,Madinah,Sale,7043.16
1160,2024-11-22,5682,Laptops,Lenovo ThinkPad E14,3,4890.59,Apple Pay,Dammam,Sale,14671.77
1161,2024-05-27,Guest,Phones,Oppo Reno 8,5,3713.07,Debit Card,Riyadh,Sale,18565.350000000002
1162,2024-11-23,5309,Accessories,Bluetooth Headphones,4,264.41,Cash on Delivery,Makkah,Sale,1057.64
1163,2024-09-04,5585,Laptops,Lenovo ThinkPad E14,1,5982.54,Debit Card,Makkah,Sale,5982.54
1164,2024-12-24,5281,Accessories,Bluetooth Headphones,3,63.41,Credit Card,Makkah,Sale,190.23
1165,2024-11-06,5621,Phones,iPhone 14,4,4423.56,Cash on Delivery,Jeddah,Sale,17694.24
1166,2024-11-21,5643,Accessories,USB-C Cable,2,148.69,Cash on Delivery,Jeddah,Sale,297.38
1167,2024-06-07,5373,Phones,iPhone 14,4,2152.81,Credit Card,Madinah,Sale,8611.24
1168,2024-05-31,5205,Laptops,MacBook Air M2,3,2765.04,Apple Pay,Jeddah,Sale,8295.119999999999
1169,2024-09-28,5263,Laptops,HP Pavilion 15,5,6340.8,Cash on Delivery,Jeddah,Sale,31704.0
1170,2024-06-22,5144,TVs,LG 43-inch UHD,1,5323.33,Apple Pay,Riyadh,Sale,5323.33
1171,2024-10-12,5014,Laptops,Lenovo ThinkPad E14,3,2607.82,Credit Card,Makkah,Sale,7823.460000000001
1172,2024-08-20,5390,Accessories,Wireless Mouse,3,219.47,Cash on Delivery,Madinah,Sale,658.41
1173,2024-11-12,5634,Accessories,Wireless Mouse,2,113.8,Apple Pay,Not Specified,Sale,227.6
1174,2024-11-08,5717,Cameras,Nikon D3500,2,3222.62,Credit Card,Makkah,Sale,6445.24
1175,2024-02-29,5311,Accessories,Laptop Stand,2,94.52,Credit Card,Not Specified,Sale,189.04
1176,2024-02-19,5464,TVs,Samsung 55-inch QLED,2,5392.88,Debit Card,Makkah,Sale,10785.76
1177,2024-10-27,5501,Accessories,Laptop Stand,2,173.09,Apple Pay,Riyadh,Sale,346.18
1178,2024-05-23,5454,Cameras,Nikon D3500,1,4272.23,Cash on Delivery,Jeddah,Sale,4272.23
1179,2024-07-04,5660,TVs,Samsung 55-inch QLED,1,2515.11,Cash on Delivery,Madinah,Sale,2515.11
1180,2024-07-22,5465,Accessories,Wireless Mouse,3,156.19,Debit Card,Riyadh,Sale,468.57
1181,2024-11-24,5341,Phones,Samsung Galaxy S23,-5,1897.16,Credit Card,Riyadh,Return,-9485.800000000001
1182,2024-10-16,5212,Laptops,Dell XPS 13,2,8510.51,Credit Card,Madinah,Sale,17021.02
1183,2024-04-29,5002,Cameras,Canon EOS 200D,3,4058.42,Debit Card,Madinah,Sale,12175.26
1184,2024-03-07,5112,Accessories,USB-C Cable,5,125.44,Cash on Delivery,Jeddah,Sale,627.2
1185,2024-01-08,5331,Phones,Samsung Galaxy S23,3,3809.94,Debit Card,Madinah,Sale,11429.82
1186,2024-05-15,5538,Phones,Samsung Galaxy S23,-1,4360.28,Debit Card,Makkah,Return,-4360.28
1187,2024-08-31,Guest,Phones,iPhone 14,4,3443.2,Cash on Delivery,Madinah,Sale,13772.8
1188,2024-09-14,5308,Phones,Oppo Reno 8,2,3353.78,Credit Card,Madinah,Sale,6707.56
1189,2024-01-16,5436,TVs,Sony 65-inch Bravia,1,3057.63,Apple Pay,Makkah,Sale,3057.63
1190,2024-12-30,5329,Phones,Oppo Reno 8,4,1825.86,Credit Card,Riyadh,Sale,7303.44
1191,2024-02-03,5648,Cameras,Canon EOS 200D,2,4129.98,Cash on Delivery,Madinah,Sale,8259.96
1192,2024-12-30,5543,Cameras,GoPro Hero 11,3,4141.51,Apple Pay,Madinah,Sale,12424.53
1193,2024-09-15,5718,Accessories,Laptop Stand,5,264.25,Apple Pay,Riyadh,Sale,1321.25
1194,2024-08-08,5347,Phones,Samsung Galaxy S23,4,2686.6,Debit Card,Makkah,Sale,10746.4
1195,2024-07-31,5320,TVs,LG 43-inch UHD,1,3615.89,Cash on Delivery,Makkah,Sale,3615.89
1196,2024-03-19,5087,Accessories,Bluetooth Headphones,4,298.6,Credit Card,Riyadh,Sale,1194.4
1197,2024-02-19,5061,Phones,Oppo Reno 8,3,4639.89,Debit Card,Madinah,Sale,13919.670000000002
1198,2024-10-14,5362,Cameras,GoPro Hero 11,3,4093.51,Credit Card,Not Specified,Sale,12280.53
1199,2024-01-27,5106,TVs,Sony 65-inch Bravia,3,5855.35,Cash on Delivery,Dammam,Sale,17566.050000000003
1200,2024-04-18,Guest,Cameras,GoPro Hero 11,2,3211.31,Apple Pay,Jeddah,Sale,6422.62
1201,2024-02-28,5574,Accessories,Bluetooth Headphones,3,61.13,Debit Card,Makkah,Sale,183.39000000000001
1202,2024-12-11,5673,Cameras,GoPro Hero 11,-5,1481.86,Credit Card,Not Specified,Return,-7409.299999999999
1203,2024-04-02,5359,Accessories,Wireless Mouse,3,362.47,Cash on Delivery,Dammam,Sale,1087.41
1204,2024-03-14,5145,Phones,Samsung Galaxy S23,5,3622.5,Apple Pay,Riyadh,Sale,18112.5
1205,2024-09-28,5464,Phones,iPhone 14,2,1532.19,Apple Pay,Makkah,Sale,3064.38
1206,2024-07-08,5610,Accessories,USB-C Cable,3,67.54,Cash on Delivery,Madinah,Sale,202.62
1207,2024-03-20,5278,Phones,iPhone 14,2,3822.26,Credit Card,Riyadh,Sale,7644.52
1208,2024-08-05,5279,TVs,Sony 65-inch Bravia,4,1826.32,Unknown,Makkah,Sale,7305.28
1209,2024-06-25,5694,Laptops,MacBook Air M2,4,3545.25,Credit Card,Dammam,Sale,14181.0
1210,2024-09-26,Guest,Cameras,Nikon D3500,3,2875.44,Credit Card,Jeddah,Sale,8626.32
1211,2024-01-04,5785,Cameras,Canon EOS 200D,2,3390.82,Cash on Delivery,Jeddah,Sale,6781.64
1212,2024-05-28,5509,Laptops,HP Pavilion 15,3,6737.75,Credit Card,Riyadh,Sale,20213.25
1213,2024-03-07,5572,TVs,Samsung 55-inch QLED,4,2966.2,Debit Card,Madinah,Sale,11864.8
1214,2024-07-22,5470,Accessories,Wireless Mouse,1,293.51,Apple Pay,Riyadh,Sale,293.51
1215,2024-10-21,5296,Phones,Xiaomi Redmi Note 12,4,2330.37,Apple Pay,Makkah,Sale,9321.48
1216,2024-01-11,5471,Phones,Oppo Reno 8,3,2638.9,Debit Card,Madinah,Sale,7916.700000000001
1217,2024-08-11,5603,Accessories,Wireless Mouse,1,306.2,Debit Card,Makkah,Sale,306.2
1218,2024-02-10,5226,TVs,Sony 65-inch Bravia,4,5178.09,Unknown,Dammam,Sale,20712.36
1219,2024-02-09,Guest,Accessories,USB-C Cable,5,344.21,Credit Card,Madinah,Sale,1721.05
1220,2024-06-28,5149,Laptops,HP Pavilion 15,2,6774.48,Debit Card,Riyadh,Sale,13548.96
1221,2024-03-29,5181,Accessories,USB-C Cable,5,240.27,Debit Card,Riyadh,Sale,1201.3500000000001
1222,2024-10-15,5658,TVs,LG 43-inch UHD,5,4407.88,Apple Pay,Madinah,Sale,22039.4
1223,2024-11-17,5069,Cameras,Nikon D3500,-3,2223.78,Debit Card,Makkah,Return,-6671.34
1224,2024-11-19,5057,TVs,LG 43-inch UHD,3,3179.05,Cash on Delivery,Madinah,Sale,9537.150000000001
1225,2024-06-07,5058,Accessories,Wireless Mouse,4,120.28,Apple Pay,Riyadh,Sale,481.12
1226,2024-02-09,5594,Accessories,Bluetooth Headphones,1,390.01,Apple Pay,Makkah,Sale,390.01
1227,2024-01-22,5619,Cameras,GoPro Hero 11,4,2315.15,Debit Card,Dammam,Sale,9260.6
1228,2024-03-18,5351,TVs,Sony 65-inch Bravia,1,6438.64,Apple Pay,Riyadh,Sale,6438.64
1229,2024-01-21,5536,Phones,Samsung Galaxy S23,2,3708.99,Apple Pay,Makkah,Sale,7417.98
1230,2024-03-22,Guest,Cameras,GoPro Hero 11,3,3761.32,Cash on Delivery,Dammam,Sale,11283.960000000001
1231,2024-12-13,5067,TVs,LG 43-inch UHD,5,4413.71,Credit Card,Dammam,Sale,22068.55
1232,2024-12-10,5741,Accessories,Wireless Mouse,4,243.45,Cash on Delivery,Dammam,Sale,973.8
1233,2024-06-19,5317,Cameras,Canon EOS 200D,-1,2673.06,Debit Card,Dammam,Return,-2673.06
1234,2024-10-31,5385,TVs,Samsung 55-inch QLED,1,2815.26,Cash on Delivery,Madinah,Sale,2815.26
1235,2024-12-09,5520,Accessories,USB-C Cable,5,297.31,Credit Card,Makkah,Sale,1486.55
1236,2024-07-04,5349,Accessories,Wireless Mouse,-3,133.89,Debit Card,Jeddah,Return,-401.66999999999996
1237,2024-04-25,5302,TVs,Samsung 55-inch QLED,2,1926.44,Debit Card,Riyadh,Sale,3852.88
1238,2024-12-04,5385,Phones,iPhone 14,3,3759.15,Debit Card,Madinah,Sale,11277.45
1239,2024-04-02,5044,Laptops,Dell XPS 13,5,3651.22,Debit Card,Makkah,Sale,18256.1
1240,2024-12-12,5291,TVs,LG 43-inch UHD,2,6690.38,Apple Pay,Not Specified,Sale,13380.76
1241,2024-09-30,5198,TVs,Samsung 55-inch QLED,2,6760.43,Cash on Delivery,Makkah,Sale,13520.86
1242,2024-08-24,5540,Accessories,Laptop Stand,3,368.5,Apple Pay,Madinah,Sale,1105.5
1243,2024-04-12,5053,TVs,Samsung 55-inch QLED,5,3724.83,Debit Card,Dammam,Sale,18624.15
1244,2024-10-10,5085,TVs,LG 43-inch UHD,1,1880.37,Credit Card,Dammam,Sale,1880.37
1245,2024-08-18,5093,Laptops,HP Pavilion 15,5,8534.07,Debit Card,Makkah,Sale,42670.35
1246,2024-06-27,5405,Laptops,Lenovo ThinkPad E14,1,5283.2,Apple Pay,Riyadh,Sale,5283.2
1247,2024-04-30,5229,Cameras,Nikon D3500,4,4379.96,Credit Card,Dammam,Sale,17519.84
1248,2024-02-20,5039,Phones,Xiaomi Redmi Note 12,3,4872.67,Debit Card,Jeddah,Sale,14618.01
1249,2024-12-22,5630,Accessories,Laptop Stand,2,345.61,Apple Pay,Makkah,Sale,691.22
1250,2024-01-10,5561,Phones,iPhone 14,3,2530.57,Debit Card,Not Specified,Sale,7591.710000000001
1251,2024-08-04,5308,Cameras,GoPro Hero 11,1,2286.35,Cash on Delivery,Jeddah,Sale,2286.35
1252,2024-05-02,5113,Phones,iPhone 14,4,4478.98,Apple Pay,Riyadh,Sale,17915.92
1253,2024-10-01,5298,TVs,Sony 65-inch Bravia,1,3447.99,Debit Card,Jeddah,Sale,3447.99
1254,2024-10-11,5426,TVs,Samsung 55-inch QLED,3,2681.36,Debit Card,Madinah,Sale,8044.08
1255,2024-09-25,5557,Laptops,MacBook Air M2,3,6119.21,Credit Card,Madinah,Sale,18357.63
1256,2024-10-10,5044,Cameras,GoPro Hero 11,1,4270.16,Apple Pay,Makkah,Sale,4270.16
1257,2024-05-09,5353,TVs,LG 43-inch UHD,1,5419.35,Cash on Delivery,Riyadh,Sale,5419.35
1258,2024-10-24,5360,Laptops,MacBook Air M2,3,6205.4,Debit Card,Riyadh,Sale,18616.199999999997
1259,2024-11-25,5646,Cameras,Nikon D3500,2,1249.84,Apple Pay,Makkah,Sale,2499.68
1260,2024-02-02,5206,Laptops,Dell XPS 13,4,6497.55,Credit Card,Dammam,Sale,25990.2
1261,2024-01-22,5407,Phones,Samsung Galaxy S23,3,4965.19,Cash on Delivery,Madinah,Sale,14895.57
1262,2024-05-09,5365,Cameras,Nikon D3500,1,1404.3,Debit Card,Dammam,Sale,1404.3
1263,2024-05-19,5409,Phones,Xiaomi Redmi Note 12,1,3314.15,Cash on Delivery,Makkah,Sale,3314.15
1264,2024-06-22,5376,TVs,LG 43-inch UHD,2,6362.34,Apple Pay,Makkah,Sale,12724.68
1265,2024-02-12,5616,Cameras,Nikon D3500,4,3566.77,Credit Card,Makkah,Sale,14267.08
1266,2024-06-13,5676,Laptops,HP Pavilion 15,1,7030.6,Credit Card,Dammam,Sale,7030.6
1267,2024-08-16,5706,Accessories,Bluetooth Headphones,5,289.92,Apple Pay,Jeddah,Sale,1449.6000000000001
1268,2024-08-16,5445,TVs,LG 43-inch UHD,1,3669.35,Cash on Delivery,Madinah,Sale,3669.35
1269,2024-02-08,5767,Accessories,Wireless Mouse,4,138.63,Cash on Delivery,Madinah,Sale,554.52
1270,2024-03-14,5129,Laptops,MacBook Air M2,5,7760.85,Apple Pay,Riyadh,Sale,38804.25
1271,2024-11-26,5580,Phones,Samsung Galaxy S23,3,4335.4,Cash on Delivery,Makkah,Sale,13006.199999999999
1272,2024-12-13,5454,Phones,Samsung Galaxy S23,4,4534.75,Cash on Delivery,Dammam,Sale,18139.0
1273,2024-09-28,5665,Phones,Samsung Galaxy S23,3,4696.34,Apple Pay,Dammam,Sale,14089.02
1274,2024-02-28,5530,Accessories,USB-C Cable,1,219.2,Debit Card,Makkah,Sale,219.2
1275,2024-03-01,5219,TVs,Sony 65-inch Bravia,3,4407.88,Cash on Delivery,Makkah,Sale,13223.64
1276,2024-12-21,5138,Cameras,Nikon D3500,4,3773.86,Debit Card,Riyadh,Sale,15095.44
1277,2024-03-29,5683,Phones,Oppo Reno 8,4,3774.87,Credit Card,Dammam,Sale,15099.48
1278,2024-10-08,5161,Accessories,Wireless Mouse,5,289.73,Cash on Delivery,Dammam,Sale,1448.65
1279,2024-09-17,5142,Laptops,HP Pavilion 15,2,7672.65,Credit Card,Jeddah,Sale,15345.3
1280,2024-01-14,Guest,Laptops,Lenovo ThinkPad E14,3,8285.03,Cash on Delivery,Makkah,Sale,24855.090000000004
1281,2024-02-03,5538,Laptops,MacBook Air M2,3,4696.97,Apple Pay,Makkah,Sale,14090.91
1282,2024-10-21,5657,TVs,LG 43-inch UHD,1,3753.03,Debit Card,Dammam,Sale,3753.03
1283,2024-08-26,5798,Phones,Oppo Reno 8,5,1828.94,Cash on Delivery,Jeddah,Sale,9144.7
1284,2024-10-27,5514,Cameras,GoPro Hero 11,2,2981.81,Debit Card,Makkah,Sale,5963.62
1285,2024-09-22,5165,Phones,iPhone 14,2,1625.8,Cash on Delivery,Jeddah,Sale,3251.6
1286,2024-06-26,5256,Accessories,USB-C Cable,5,202.27,Cash on Delivery,Riyadh,Sale,1011.35
1287,2024-03-05,5656,Laptops,HP Pavilion 15,3,6027.19,Credit Card,Madinah,Sale,18081.57
1288,2024-03-28,5042,Laptops,Dell XPS 13,5,4362.52,Cash on Delivery,Madinah,Sale,21812.600000000002
1289,2024-01-24,5785,Phones,iPhone 14,5,3567.92,Cash on Delivery,Jeddah,Sale,17839.6
1290,2024-11-12,5296,Cameras,Nikon D3500,1,1009.8,Apple Pay,Madinah,Sale,1009.8
1291,2024-05-05,5074,Accessories,Laptop Stand,4,43.82,Cash on Delivery,Makkah,Sale,175.28
1292,2024-08-13,Guest,Phones,Samsung Galaxy S23,-4,4379.1,Apple Pay,Makkah,Return,-17516.4
1293,2024-06-09,5133,Accessories,USB-C Cable,3,163.27,Cash on Delivery,Makkah,Sale,489.81000000000006
1294,2024-06-12,5273,Accessories,Wireless Mouse,2,77.01,Apple Pay,Riyadh,Sale,154.02
1295,2024-03-13,5393,TVs,Samsung 55-inch QLED,1,4515.66,Credit Card,Dammam,Sale,4515.66
1296,2024-05-07,5738,Cameras,Nikon D3500,-2,3671.98,Cash on Delivery,Madinah,Return,-7343.96
1297,2024-03-22,5315,Accessories,USB-C Cable,4,109.85,Apple Pay,Makkah,Sale,439.4
1298,2024-02-16,5220,TVs,Samsung 55-inch QLED,4,5039.03,Apple Pay,Jeddah,Sale,20156.12
1299,2024-01-25,Guest,Cameras,Nikon D3500,1,1207.25,Cash on Delivery,Makkah,Sale,1207.25
1300,2024-10-01,5137,TVs,LG 43-inch UHD,1,2068.74,Credit Card,Makkah,Sale,2068.74
1301,2024-07-25,5052,Accessories,Bluetooth Headphones,3,226.6,Credit Card,Makkah,Sale,679.8
1302,2024-04-09,5395,Cameras,GoPro Hero 11,3,2846.29,Cash on Delivery,Riyadh,Sale,8538.869999999999
1303,2024-10-08,5099,Cameras,Nikon D3500,3,3194.75,Credit Card,Jeddah,Sale,9584.25
1304,2024-06-22,5203,TVs,LG 43-inch UHD,5,5575.67,Cash on Delivery,Jeddah,Sale,27878.35
1305,2024-07-24,5039,Cameras,GoPro Hero 11,5,4413.07,Credit Card,Riyadh,Sale,22065.35
1306,2024-08-30,5620,Laptops,HP Pavilion 15,5,5855.95,Apple Pay,Jeddah,Sale,29279.75
1307,2024-06-16,5402,Cameras,Canon EOS 200D,5,2062.64,Unknown,Jeddah,Sale,10313.199999999999
1308,2024-06-02,5521,Cameras,GoPro Hero 11,-5,3762.67,Cash on Delivery,Madinah,Return,-18813.35
1309,2024-12-28,5017,Cameras,Nikon D3500,5,2606.12,Cash on Delivery,Makkah,Sale,13030.599999999999
1310,2024-12-10,5315,Accessories,Bluetooth Headphones,1,217.01,Apple Pay,Madinah,Sale,217.01
1311,2024-05-15,5597,Phones,Oppo Reno 8,5,1774.6,Debit Card,Riyadh,Sale,8873.0
1312,2024-09-25,5697,TVs,Samsung 55-inch QLED,5,1931.82,Apple Pay,Jeddah,Sale,9659.1
1313,2024-10-20,5451,Laptops,MacBook Air M2,1,8757.21,Debit Card,Riyadh,Sale,8757.21
1314,2024-03-18,5513,Accessories,Laptop Stand,4,339.31,Debit Card,Makkah,Sale,1357.24
1315,2024-01-02,5332,Cameras,Nikon D3500,2,3405.51,Debit Card,Madinah,Sale,6811.02
1316,2024-07-11,5545,TVs,Sony 65-inch Bravia,3,3926.56,Debit Card,Makkah,Sale,11779.68
1317,2024-12-12,5252,Accessories,Bluetooth Headphones,3,94.12,Unknown,Jeddah,Sale,282.36
1318,2024-04-25,5706,Accessories,Bluetooth Headphones,3,87.88,Cash on Delivery,Not Specified,Sale,263.64
1319,2024-09-02,5124,TVs,LG 43-inch UHD,-3,3101.26,Cash on Delivery,Dammam,Return,-9303.78
1320,2024-10-05,5791,Cameras,GoPro Hero 11,4,2877.22,Apple Pay,Dammam,Sale,11508.88
1321,2024-01-22,5452,Laptops,HP Pavilion 15,3,7144.87,Credit Card,Dammam,Sale,21434.61
1322,2024-04-19,5712,Accessories,Laptop Stand,2,274.27,Unknown,Madinah,Sale,548.54
1323,2024-02-25,5051,Accessories,USB-C Cable,5,133.58,Debit Card,Jeddah,Sale,667.9000000000001
1324,2024-11-22,5423,Cameras,Canon EOS 200D,2,4337.52,Credit Card,Riyadh,Sale,8675.04
1325,2024-02-21,5161,Accessories,Laptop Stand,-2,303.02,Credit Card,Not Specified,Return,-606.04
1326,2024-08-31,5328,TVs,Sony 65-inch Bravia,4,4682.64,Debit Card,Dammam,Sale,18730.56
1327,2024-02-15,5756,Accessories,Wireless Mouse,5,256.34,Debit Card,Madinah,Sale,1281.6999999999998
1328,2024-08-01,5507,Phones,Samsung Galaxy S23,2,2968.6,Credit Card,Not Specified,Sale,5937.2
1329,2024-01-20,5617,Laptops,HP Pavilion 15,1,4110.25,Cash on Delivery,Madinah,Sale,4110.25
1330,2024-05-25,5516,Phones,Xiaomi Redmi Note 12,4,2745.9,Apple Pay,Jeddah,Sale,10983.6
1331,2024-04-08,Guest,TVs,LG 43-inch UHD,1,5740.8,Cash on Delivery,Jeddah,Sale,5740.8
1332,2024-05-11,5302,TVs,Sony 65-inch Bravia,-2,1874.85,Credit Card,Dammam,Return,-3749.7
1333,2024-04-08,5527,Cameras,GoPro Hero 11,2,1317.86,Apple Pay,Makkah,Sale,2635.72
1334,2024-07-24,5488,Accessories,Wireless Mouse,1,47.02,Debit Card,Jeddah,Sale,47.02
1335,2024-01-04,5457,Accessories,USB-C Cable,3,45.07,Apple Pay,Jeddah,Sale,135.21
1336,2024-03-06,5669,Accessories,Bluetooth Headphones,5,346.52,Credit Card,Dammam,Sale,1732.6
1337,2024-02-01,5163,Accessories,USB-C Cable,1,290.35,Apple Pay,Dammam,Sale,290.35
1338,2024-09-14,5376,TVs,Sony 65-inch Bravia,3,4265.7,Credit Card,Dammam,Sale,12797.099999999999
1339,2024-04-22,5465,Cameras,Canon EOS 200D,2,1252.2,Apple Pay,Jeddah,Sale,2504.4
1340,2024-07-31,5680,Cameras,Nikon D3500,-5,2669.82,Apple Pay,Madinah,Return,-13349.1
1341,2024-12-14,5457,Laptops,Dell XPS 13,5,5577.57,Credit Card,Madinah,Sale,27887.85
1342,2024-07-04,5560,Cameras,GoPro Hero 11,-1,1523.53,Credit Card,Riyadh,Return,-1523.53
1343,2024-10-20,5335,Cameras,Canon EOS 200D,5,2461.87,Debit Card,Jeddah,Sale,12309.349999999999
1344,2024-02-29,5522,Cameras,Nikon D3500,2,2334.62,Apple Pay,Riyadh,Sale,4669.24
1345,2024-08-20,5577,TVs,Samsung 55-inch QLED,2,5002.42,Apple Pay,Makkah,Sale,10004.84
1346,2024-12-10,5260,Phones,Oppo Reno 8,3,3722.83,Credit Card,Makkah,Sale,11168.49
1347,2024-10-23,5352,Phones,Samsung Galaxy S23,1,1658.56,Credit Card,Makkah,Sale,1658.56
1348,2024-02-05,5418,Phones,iPhone 14,4,2811.14,Credit Card,Dammam,Sale,11244.56
1349,2024-11-24,Guest,Laptops,Dell XPS 13,4,6568.09,Cash on Delivery,Not Specified,Sale,26272.36
1350,2024-02-11,5121,TVs,LG 43-inch UHD,5,4416.31,Debit Card,Dammam,Sale,22081.550000000003
1351,2024-09-27,Guest,Laptops,Lenovo ThinkPad E14,2,8067.18,Debit Card,Riyadh,Sale,16134.36
1352,2024-08-25,5388,Phones,Xiaomi Redmi Note 12,5,3805.43,Apple Pay,Madinah,Sale,19027.149999999998
1353,2024-08-23,5193,Laptops,Dell XPS 13,3,3559.07,Debit Card,Dammam,Sale,10677.210000000001
1354,2024-12-04,5211,Phones,iPhone 14,4,1746.99,Credit Card,Jeddah,Sale,6987.96
1355,2024-10-31,5688,Phones,iPhone 14,1,3748.47,Apple Pay,Madinah,Sale,3748.47
1356,2024-01-23,5552,Phones,Samsung Galaxy S23,4,1592.79,Apple Pay,Jeddah,Sale,6371.16
1357,2024-03-12,5749,Laptops,MacBook Air M2,5,6307.54,Cash on Delivery,Jeddah,Sale,31537.7
1358,2024-10-22,5309,Cameras,Nikon D3500,5,4284.83,Cash on Delivery,Jeddah,Sale,21424.15
1359,2024-07-30,5570,Laptops,Dell XPS 13,3,6240.58,Cash on Delivery,Riyadh,Sale,18721.739999999998
1360,2024-03-30,5352,Cameras,GoPro Hero 11,-4,2297.41,Apple Pay,Riyadh,Return,-9189.64
1361,2024-06-12,5307,TVs,Sony 65-inch Bravia,4,5145.1,Apple Pay,Jeddah,Sale,20580.4
1362,2024-10-02,5307,TVs,Samsung 55-inch QLED,4,4182.92,Debit Card,Jeddah,Sale,16731.68
1363,2024-01-30,5570,Laptops,Lenovo ThinkPad E14,5,6046.51,Apple Pay,Makkah,Sale,30232.550000000003
1364,2024-07-17,Guest,Cameras,Canon EOS 200D,2,4289.27,Cash on Delivery,Jeddah,Sale,8578.54
1365,2024-07-08,5274,Phones,Oppo Reno 8,1,2851.36,Debit Card,Riyadh,Sale,2851.36
1366,2024-05-11,Guest,TVs,Sony 65-inch Bravia,5,6798.19,Credit Card,Riyadh,Sale,33990.95
1367,2024-12-09,5213,Cameras,GoPro Hero 11,5,4159.26,Debit Card,Makkah,Sale,20796.300000000003
1368,2024-01-08,Guest,Accessories,Bluetooth Headphones,2,102.44,Debit Card,Riyadh,Sale,204.88
1369,2024-12-22,5245,TVs,Samsung 55-inch QLED,5,2160.68,Unknown,Makkah,Sale,10803.4
1370,2024-05-24,5664,Cameras,Nikon D3500,4,1262.8,Apple Pay,Madinah,Sale,5051.2
1371,2024-05-13,5100,Accessories,Bluetooth Headphones,3,36.74,Apple Pay,Makkah,Sale,110.22
1372,2024-04-14,5046,TVs,LG 43-inch UHD,3,2291.1,Cash on Delivery,Makkah,Sale,6873.299999999999
1373,2024-03-15,5598,Cameras,Canon EOS 200D,1,3358.82,Cash on Delivery,Madinah,Sale,3358.82
1374,2024-08-01,5337,Cameras,GoPro Hero 11,3,1156.28,Debit Card,Jeddah,Sale,3468.84
1375,2024-10-18,5670,Laptops,Lenovo ThinkPad E14,2,4573.34,Apple Pay,Madinah,Sale,9146.68
1376,2024-09-07,5750,Accessories,Bluetooth Headphones,4,342.6,Apple Pay,Jeddah,Sale,1370.4
1377,2024-03-12,5555,Accessories,USB-C Cable,5,38.61,Apple Pay,Jeddah,Sale,193.05
1378,2024-02-08,5140,Phones,iPhone 14,1,4350.64,Credit Card,Makkah,Sale,4350.64
1379,2024-12-28,5517,Laptops,MacBook Air M2,2,4332.06,Credit Card,Jeddah,Sale,8664.12
1380,2024-01-31,5016,TVs,LG 43-inch UHD,5,2414.46,Apple Pay,Makkah,Sale,12072.3
1381,2024-01-07,5293,Phones,Oppo Reno 8,1,3938.58,Cash on Delivery,Madinah,Sale,3938.58
1382,2024-04-01,5152,Phones,Oppo Reno 8,1,3701.3,Credit Card,Madinah,Sale,3701.3
1383,2024-11-13,5273,Laptops,Dell XPS 13,5,8203.57,Cash on Delivery,Dammam,Sale,41017.85
1384,2024-07-10,5249,TVs,Samsung 55-inch QLED,4,5622.37,Apple Pay,Madinah,Sale,22489.48
1385,2024-12-16,5415,Laptops,HP Pavilion 15,1,7722.63,Credit Card,Riyadh,Sale,7722.63
1386,2024-10-09,5719,TVs,LG 43-inch UHD,4,3266.58,Credit Card,Riyadh,Sale,13066.32
1387,2024-09-12,5097,Laptops,MacBook Air M2,4,3653.36,Cash on Delivery,Madinah,Sale,14613.44
1388,2024-04-27,5047,Cameras,Canon EOS 200D,2,3602.21,Apple Pay,Dammam,Sale,7204.42
1389,2024-10-05,Guest,Phones,Xiaomi Redmi Note 12,5,4323.92,Credit Card,Jeddah,Sale,21619.6
1390,2024-10-27,5306,Phones,Samsung Galaxy S23,2,4966.77,Apple Pay,Riyadh,Sale,9933.54
1391,2024-10-17,5773,Laptops,Dell XPS 13,4,5182.01,Cash on Delivery,Makkah,Sale,20728.04
1392,2024-09-13,5447,Laptops,MacBook Air M2,3,4918.12,Credit Card,Riyadh,Sale,14754.36
1393,2024-06-23,Guest,Laptops,MacBook Air M2,5,7546.68,Apple Pay,Dammam,Sale,37733.4
1394,2024-09-08,5384,Accessories,Laptop Stand,-2,156.1,Cash on Delivery,Madinah,Return,-312.2
1395,2024-12-14,5790,TVs,Samsung 55-inch QLED,5,6639.94,Apple Pay,Riyadh,Sale,33199.7
1396,2024-05-06,5157,Cameras,Nikon D3500,1,3990.29,Credit Card,Dammam,Sale,3990.29
1397,2024-11-20,5369,TVs,Sony 65-inch Bravia,2,4030.77,Apple Pay,Dammam,Sale,8061.54
1398,2024-01-03,Guest,Phones,iPhone 14,3,4128.05,Apple Pay,Dammam,Sale,12384.150000000001
1399,2024-03-08,5459,Accessories,Wireless Mouse,1,309.18,Debit Card,Makkah,Sale,309.18
1400,2024-09-19,5091,Cameras,GoPro Hero 11,4,1271.25,Credit Card,Riyadh,Sale,5085.0
1401,2024-11-01,5012,Accessories,Wireless Mouse,5,363.94,Cash on Delivery,Makkah,Sale,1819.7
1402,2024-07-17,5533,Accessories,Laptop Stand,-1,216.94,Debit Card,Madinah,Return,-216.94
1403,2024-03-27,5274,Laptops,Lenovo ThinkPad E14,2,7871.97,Cash on Delivery,Dammam,Sale,15743.94
1404,2024-02-02,5431,TVs,Samsung 55-inch QLED,2,3464.26,Apple Pay,Dammam,Sale,6928.52
1405,2024-02-09,5738,Accessories,Laptop Stand,3,361.34,Cash on Delivery,Jeddah,Sale,1084.02
1406,2024-11-11,5138,TVs,Sony 65-inch Bravia,2,3823.85,Apple Pay,Riyadh,Sale,7647.7
1407,2024-07-21,5450,Accessories,Wireless Mouse,3,34.01,Apple Pay,Not Specified,Sale,102.03
1408,2024-11-29,5328,Accessories,Laptop Stand,5,364.99,Debit Card,Dammam,Sale,1824.95
1409,2024-04-12,5407,Cameras,GoPro Hero 11,4,1228.63,Cash on Delivery,Jeddah,Sale,4914.52
1410,2024-12-21,5385,Accessories,Bluetooth Headphones,4,148.15,Debit Card,Dammam,Sale,592.6
1411,2024-07-05,5558,Accessories,Laptop Stand,1,381.52,Debit Card,Madinah,Sale,381.52
1412,2024-08-24,5709,Laptops,MacBook Air M2,2,8678.95,Apple Pay,Dammam,Sale,17357.9
1413,2024-12-10,5247,Phones,Oppo Reno 8,4,3507.03,Debit Card,Dammam,Sale,14028.12
1414,2024-08-04,5612,Accessories,USB-C Cable,4,263.78,Credit Card,Makkah,Sale,1055.12
1415,2024-07-24,5037,TVs,Sony 65-inch Bravia,5,4131.92,Apple Pay,Madinah,Sale,20659.6
1416,2024-02-25,Guest,Accessories,Wireless Mouse,2,138.49,Cash on Delivery,Jeddah,Sale,276.98
1417,2024-10-15,5108,Cameras,Canon EOS 200D,4,2083.19,Cash on Delivery,Makkah,Sale,8332.76
1418,2024-05-12,5383,Phones,iPhone 14,2,3853.81,Debit Card,Makkah,Sale,7707.62
1419,2024-12-13,5025,TVs,LG 43-inch UHD,5,5712.35,Debit Card,Dammam,Sale,28561.75
1420,2024-05-31,Guest,TVs,Samsung 55-inch QLED,4,5916.21,Credit Card,Riyadh,Sale,23664.84
1421,2024-06-08,5533,Laptops,HP Pavilion 15,3,7632.52,Apple Pay,Jeddah,Sale,22897.56
1422,2024-08-31,5326,TVs,LG 43-inch UHD,1,2274.27,Apple Pay,Makkah,Sale,2274.27
1423,2024-01-23,5663,Phones,Xiaomi Redmi Note 12,1,3230.47,Credit Card,Dammam,Sale,3230.47
1424,2024-04-05,5163,Phones,Samsung Galaxy S23,5,1701.46,Debit Card,Madinah,Sale,8507.3
1425,2024-08-24,5190,Accessories,Laptop Stand,2,233.33,Apple Pay,Jeddah,Sale,466.66
1426,2024-01-15,5606,TVs,LG 43-inch UHD,-5,4095.96,Debit Card,Makkah,Return,-20479.8
1427,2024-01-03,5770,TVs,LG 43-inch UHD,2,6416.06,Debit Card,Dammam,Sale,12832.12
1428,2024-01-10,5201,Phones,iPhone 14,2,2728.2,Cash on Delivery,Dammam,Sale,5456.4
1429,2024-05-14,5397,TVs,Samsung 55-inch QLED,4,2408.75,Cash on Delivery,Madinah,Sale,9635.0
1430,2024-10-27,5468,Cameras,Nikon D3500,1,1414.77,Cash on Delivery,Dammam,Sale,1414.77
1431,2024-12-10,5320,Cameras,Canon EOS 200D,3,3641.44,Credit Card,Jeddah,Sale,10924.32
1432,2024-06-05,5710,Phones,Samsung Galaxy S23,1,3663.76,Debit Card,Dammam,Sale,3663.76
1433,2024-08-02,5392,Laptops,Lenovo ThinkPad E14,5,3157.3,Debit Card,Madinah,Sale,15786.5
1434,2024-09-06,5170,TVs,Samsung 55-inch QLED,5,2237.36,Debit Card,Madinah,Sale,11186.800000000001
1435,2024-03-12,Guest,TVs,LG 43-inch UHD,2,5445.04,Cash on Delivery,Makkah,Sale,10890.08
1436,2024-01-05,5393,Phones,Xiaomi Redmi Note 12,4,1754.67,Debit Card,Jeddah,Sale,7018.68
1437,2024-11-30,5425,Cameras,GoPro Hero 11,4,3858.7,Apple Pay,Not Specified,Sale,15434.8
1438,2024-03-26,5299,TVs,LG 43-inch UHD,1,5472.46,Credit Card,Jeddah,Sale,5472.46
1439,2024-04-25,5799,Phones,Xiaomi Redmi Note 12,5,1784.72,Cash on Delivery,Not Specified,Sale,8923.6
1440,2024-09-10,5116,TVs,Sony 65-inch Bravia,5,2241.16,Credit Card,Madinah,Sale,11205.8
1441,2024-10-04,5223,Accessories,Bluetooth Headphones,1,395.06,Apple Pay,Madinah,Sale,395.06
1442,2024-11-30,5460,TVs,Samsung 55-inch QLED,2,3746.21,Cash on Delivery,Riyadh,Sale,7492.42
1443,2024-02-14,5214,Accessories,Bluetooth Headphones,4,167.14,Credit Card,Jeddah,Sale,668.56
1444,2024-06-28,5630,Cameras,GoPro Hero 11,-5,3826.08,Apple Pay,Jeddah,Return,-19130.4
1445,2024-04-15,5287,Laptops,Dell XPS 13,1,8657.12,Cash on Delivery,Not Specified,Sale,8657.12
1446,2024-03-27,5586,Cameras,GoPro Hero 11,3,4449.6,Cash on Delivery,Dammam,Sale,13348.800000000001
1447,2024-03-10,5671,Accessories,Wireless Mouse,4,308.75,Credit Card,Not Specified,Sale,1235.0
1448,2024-07-05,5779,Laptops,Dell XPS 13,-2,4945.69,Cash on Delivery,Jeddah,Return,-9891.38
1449,2024-03-13,5384,TVs,LG 43-inch UHD,5,2234.2,Cash on Delivery,Makkah,Sale,11171.0
1450,2024-11-20,5767,TVs,Samsung 55-inch QLED,1,5841.16,Apple Pay,Madinah,Sale,5841.16
1451,2024-08-20,5002,Accessories,Bluetooth Headphones,4,236.61,Cash on Delivery,Madinah,Sale,946.44
1452,2024-11-21,5407,Phones,Oppo Reno 8,3,2984.78,Credit Card,Madinah,Sale,8954.34
1453,2024-04-18,5290,Laptops,Lenovo ThinkPad E14,-4,8391.3,Cash on Delivery,Dammam,Return,-33565.2
1454,2024-10-16,5047,Accessories,USB-C Cable,4,71.14,Cash on Delivery,Riyadh,Sale,284.56
1455,2024-01-09,5467,Phones,Oppo Reno 8,1,3224.19,Debit Card,Makkah,Sale,3224.19
1456,2024-04-13,5280,Phones,Oppo Reno 8,2,1539.74,Cash on Delivery,Jeddah,Sale,3079.48
1457,2024-08-05,5053,Phones,Xiaomi Redmi Note 12,1,3140.31,Cash on Delivery,Jeddah,Sale,3140.31
1458,2024-06-05,5720,TVs,Sony 65-inch Bravia,2,2092.78,Apple Pay,Riyadh,Sale,4185.56
1459,2024-04-19,5607,Phones,iPhone 14,4,1915.86,Credit Card,Jeddah,Sale,7663.44
1460,2024-01-05,5432,Laptops,Lenovo ThinkPad E14,1,3263.92,Cash on Delivery,Riyadh,Sale,3263.92
1461,2024-02-06,5748,Laptops,Lenovo ThinkPad E14,2,6719.87,Apple Pay,Riyadh,Sale,13439.74
1462,2024-06-09,5391,Phones,iPhone 14,3,4111.16,Cash on Delivery,Jeddah,Sale,12333.48
1463,2024-02-05,5665,Laptops,Dell XPS 13,5,6291.9,Credit Card,Madinah,Sale,31459.5
1464,2024-06-28,5630,Laptops,Lenovo ThinkPad E14,2,8754.12,Debit Card,Makkah,Sale,17508.24
1465,2024-02-14,5603,TVs,Samsung 55-inch QLED,1,3749.33,Debit Card,Riyadh,Sale,3749.33
1466,2024-08-07,5283,TVs,LG 43-inch UHD,3,3285.7,Debit Card,Jeddah,Sale,9857.099999999999
1467,2024-10-10,5674,Phones,Samsung Galaxy S23,5,4540.1,Cash on Delivery,Riyadh,Sale,22700.5
1468,2024-09-22,5302,Accessories,USB-C Cable,5,112.73,Debit Card,Makkah,Sale,563.65
1469,2024-09-10,5511,Phones,Samsung Galaxy S23,4,4871.28,Credit Card,Jeddah,Sale,19485.12
1470,2024-09-27,5135,Cameras,Canon EOS 200D,1,943.76,Cash on Delivery,Dammam,Sale,943.76
1471,2024-08-03,5788,TVs,Sony 65-inch Bravia,3,6843.37,Debit Card,Makkah,Sale,20530.11
1472,2024-10-27,5220,Phones,iPhone 14,1,1651.06,Credit Card,Dammam,Sale,1651.06
1473,2024-07-22,5785,Phones,iPhone 14,-5,4619.0,Unknown,Madinah,Return,-23095.0
1474,2024-12-25,5550,TVs,LG 43-inch UHD,4,4544.05,Credit Card,Madinah,Sale,18176.2
1475,2024-05-22,5523,Cameras,Canon EOS 200D,1,4474.67,Cash on Delivery,Riyadh,Sale,4474.67
1476,2024-10-01,5649,Laptops,Dell XPS 13,3,2979.68,Unknown,Madinah,Sale,8939.039999999999
1477,2024-12-23,5250,Phones,Xiaomi Redmi Note 12,4,3438.49,Unknown,Riyadh,Sale,13753.96
1478,2024-02-29,5682,Phones,Oppo Reno 8,4,4892.56,Credit Card,Dammam,Sale,19570.24
1479,2024-01-07,5508,Laptops,MacBook Air M2,2,5900.14,Credit Card,Jeddah,Sale,11800.28
1480,2024-03-26,5750,Accessories,Bluetooth Headphones,3,262.88,Debit Card,Dammam,Sale,788.64
1481,2024-06-20,Guest,Phones,iPhone 14,-4,3935.12,Cash on Delivery,Madinah,Return,-15740.48
1482,2024-09-11,5511,Accessories,Wireless Mouse,4,198.18,Cash on Delivery,Riyadh,Sale,792.72
1483,2024-07-07,5587,Cameras,Canon EOS 200D,2,3159.21,Cash on Delivery,Riyadh,Sale,6318.42
1484,2024-09-17,5250,Phones,Samsung Galaxy S23,1,3545.1,Credit Card,Riyadh,Sale,3545.1
1485,2024-07-05,5036,Phones,Oppo Reno 8,4,4654.05,Debit Card,Jeddah,Sale,18616.2
1486,2024-12-01,5254,Cameras,GoPro Hero 11,4,1063.61,Debit Card,Dammam,Sale,4254.44
1487,2024-06-12,Guest,TVs,Sony 65-inch Bravia,3,3261.01,Credit Card,Madinah,Sale,9783.03
1488,2024-04-01,5070,Phones,iPhone 14,2,4826.44,Credit Card,Makkah,Sale,9652.88
1489,2024-06-08,5467,TVs,LG 43-inch UHD,3,6429.37,Credit Card,Madinah,Sale,19288.11
1490,2024-04-12,Guest,Phones,Xiaomi Redmi Note 12,3,3094.8,Cash on Delivery,Madinah,Sale,9284.400000000001
1491,2024-10-29,5778,TVs,LG 43-inch UHD,4,5024.69,Debit Card,Madinah,Sale,20098.76
1492,2024-01-04,5554,Laptops,Dell XPS 13,4,4302.98,Credit Card,Jeddah,Sale,17211.92
1493,2024-06-20,5106,Accessories,Wireless Mouse,1,99.6,Apple Pay,Dammam,Sale,99.6
1494,2024-08-02,5728,Laptops,Dell XPS 13,4,5514.04,Credit Card,Jeddah,Sale,22056.16
1495,2024-01-23,5469,Accessories,Wireless Mouse,2,160.74,Apple Pay,Dammam,Sale,321.48
1496,2024-09-15,5606,Phones,iPhone 14,2,3542.8,Apple Pay,Riyadh,Sale,7085.6
1497,2024-08-10,5267,Cameras,Canon EOS 200D,2,1179.84,Debit Card,Dammam,Sale,2359.68
1498,2024-12-24,5278,Accessories,Laptop Stand,3,390.53,Cash on Delivery,Makkah,Sale,1171.59
1499,2024-04-13,5108,Laptops,MacBook Air M2,2,5873.17,Unknown,Not Specified,Sale,11746.34
1500,2024-08-26,5548,Laptops,Lenovo ThinkPad E14,3,7038.05,Apple Pay,Riyadh,Sale,21114.15
1501,2024-08-19,5122,Accessories,USB-C Cable,3,228.36,Apple Pay,Dammam,Sale,685.08
1502,2024-12-17,5335,Phones,Samsung Galaxy S23,3,2583.35,Credit Card,Jeddah,Sale,7750.049999999999
1503,2024-12-30,5525,Laptops,MacBook Air M2,2,7789.67,Cash on Delivery,Makkah,Sale,15579.34
1504,2024-05-13,5463,Phones,Xiaomi Redmi Note 12,2,3896.56,Credit Card,Makkah,Sale,7793.12
1505,2024-10-08,5104,Cameras,GoPro Hero 11,2,1485.42,Credit Card,Makkah,Sale,2970.84
1506,2024-01-07,5202,Laptops,MacBook Air M2,1,8421.03,Debit Card,Jeddah,Sale,8421.03
1507,2024-12-17,5022,TVs,LG 43-inch UHD,1,6077.19,Cash on Delivery,Riyadh,Sale,6077.19
1508,2024-11-26,5339,Phones,Samsung Galaxy S23,4,4824.3,Debit Card,Riyadh,Sale,19297.2
1509,2024-08-24,5443,Phones,iPhone 14,1,4040.02,Debit Card,Madinah,Sale,4040.02
1510,2024-01-16,5362,TVs,LG 43-inch UHD,4,4989.76,Apple Pay,Jeddah,Sale,19959.04
1511,2024-05-20,5035,Laptops,Dell XPS 13,3,5218.58,Apple Pay,Jeddah,Sale,15655.74
1512,2024-11-11,5421,Cameras,GoPro Hero 11,2,4257.82,Cash on Delivery,Makkah,Sale,8515.64
1513,2024-02-01,5140,Cameras,Nikon D3500,1,4017.83,Cash on Delivery,Makkah,Sale,4017.83
1514,2024-11-25,5019,TVs,Samsung 55-inch QLED,5,2035.14,Unknown,Madinah,Sale,10175.7
1515,2024-02-07,5579,TVs,Sony 65-inch Bravia,4,1937.11,Apple Pay,Dammam,Sale,7748.44
1516,2024-07-17,5326,Cameras,Nikon D3500,3,2255.27,Debit Card,Riyadh,Sale,6765.8099999999995
1517,2024-01-16,Guest,Cameras,Canon EOS 200D,3,3817.99,Credit Card,Makkah,Sale,11453.97
1518,2024-03-22,Guest,Accessories,USB-C Cable,1,395.29,Debit Card,Jeddah,Sale,395.29
1519,2024-01-29,5177,Cameras,GoPro Hero 11,2,1441.5,Apple Pay,Dammam,Sale,2883.0
1520,2024-10-30,5028,Laptops,Dell XPS 13,3,6361.85,Unknown,Madinah,Sale,19085.550000000003
1521,2024-10-15,5316,Accessories,USB-C Cable,2,170.93,Apple Pay,Madinah,Sale,341.86
1522,2024-01-20,5616,Laptops,Lenovo ThinkPad E14,1,8804.44,Credit Card,Jeddah,Sale,8804.44
1523,2024-09-26,5628,Laptops,MacBook Air M2,4,7973.77,Credit Card,Dammam,Sale,31895.08
1524,2024-06-23,5022,Laptops,Dell XPS 13,2,7949.14,Cash on Delivery,Riyadh,Sale,15898.28
1525,2024-02-26,5382,Laptops,Dell XPS 13,5,5546.51,Cash on Delivery,Riyadh,Sale,27732.550000000003
1526,2024-02-21,5139,TVs,Sony 65-inch Bravia,3,3957.06,Cash on Delivery,Dammam,Sale,11871.18
1527,2024-11-23,5724,Laptops,Lenovo ThinkPad E14,4,4277.15,Cash on Delivery,Jeddah,Sale,17108.6
1528,2024-11-10,5179,Cameras,GoPro Hero 11,3,1102.95,Debit Card,Not Specified,Sale,3308.8500000000004
1529,2024-12-18,5746,TVs,LG 43-inch UHD,3,6296.56,Debit Card,Jeddah,Sale,18889.68
1530,2024-10-17,5325,Phones,Oppo Reno 8,1,4345.15,Debit Card,Madinah,Sale,4345.15
1531,2024-11-23,5144,Cameras,Canon EOS 200D,5,4498.98,Credit Card,Makkah,Sale,22494.899999999998
1532,2024-05-01,5651,Accessories,Wireless Mouse,-3,398.76,Cash on Delivery,Not Specified,Return,-1196.28
1533,2024-08-16,5255,Phones,Xiaomi Redmi Note 12,1,3444.01,Cash on Delivery,Jeddah,Sale,3444.01
1534,2024-05-11,5395,Phones,Xiaomi Redmi Note 12,1,4191.46,Credit Card,Riyadh,Sale,4191.46
1535,2024-08-02,5387,TVs,Sony 65-inch Bravia,-2,6712.78,Apple Pay,Makkah,Return,-13425.56
1536,2024-02-21,5462,Accessories,Laptop Stand,-4,344.37,Debit Card,Jeddah,Return,-1377.48
1537,2024-05-30,5107,Phones,iPhone 14,1,2365.72,Cash on Delivery,Dammam,Sale,2365.72
1538,2024-03-28,5560,Phones,Xiaomi Redmi Note 12,4,3076.9,Unknown,Riyadh,Sale,12307.6
1539,2024-10-31,5441,Phones,Xiaomi Redmi Note 12,5,1952.06,Apple Pay,Riyadh,Sale,9760.3
1540,2024-03-21,5210,Laptops,Lenovo ThinkPad E14,1,8701.33,Credit Card,Dammam,Sale,8701.33
1541,2024-12-22,5304,Laptops,Lenovo ThinkPad E14,5,6440.14,Cash on Delivery,Dammam,Sale,32200.7
1542,2024-01-26,5055,Laptops,MacBook Air M2,4,3986.18,Apple Pay,Jeddah,Sale,15944.72
1543,2024-08-06,5491,Accessories,Wireless Mouse,1,278.53,Cash on Delivery,Madinah,Sale,278.53
1544,2024-01-14,5083,Laptops,MacBook Air M2,2,6517.83,Debit Card,Dammam,Sale,13035.66
1545,2024-06-06,5676,TVs,Samsung 55-inch QLED,4,3662.45,Apple Pay,Makkah,Sale,14649.8
1546,2024-11-24,5379,Accessories,Wireless Mouse,5,72.02,Apple Pay,Jeddah,Sale,360.09999999999997
1547,2024-04-05,5450,TVs,LG 43-inch UHD,4,5292.18,Credit Card,Dammam,Sale,21168.72
1548,2024-04-25,5770,TVs,LG 43-inch UHD,3,4505.6,Credit Card,Jeddah,Sale,13516.800000000001
1549,2024-12-08,5232,Phones,iPhone 14,-3,4203.11,Apple Pay,Madinah,Return,-12609.329999999998
1550,2024-07-17,5703,Cameras,Canon EOS 200D,5,2772.59,Apple Pay,Madinah,Sale,13862.95
1551,2024-04-30,5404,TVs,Sony 65-inch Bravia,4,6231.34,Cash on Delivery,Riyadh,Sale,24925.36
1552,2024-03-02,5216,Phones,Samsung Galaxy S23,4,3431.67,Debit Card,Jeddah,Sale,13726.68
1553,2024-01-22,5206,Laptops,Dell XPS 13,4,6146.1,Credit Card,Makkah,Sale,24584.4
1554,2024-06-12,5569,Laptops,HP Pavilion 15,1,8198.25,Credit Card,Makkah,Sale,8198.25
1555,2024-06-15,Guest,TVs,Sony 65-inch Bravia,3,3898.11,Apple Pay,Riyadh,Sale,11694.33
1556,2024-09-24,5153,Cameras,GoPro Hero 11,4,1382.45,Credit Card,Makkah,Sale,5529.8
1557,2024-02-24,Guest,Laptops,MacBook Air M2,5,2687.09,Credit Card,Not Specified,Sale,13435.45
1558,2024-05-15,5623,Accessories,Laptop Stand,4,309.4,Apple Pay,Madinah,Sale,1237.6
1559,2024-03-29,5633,TVs,Samsung 55-inch QLED,3,5025.61,Apple Pay,Jeddah,Sale,15076.829999999998
1560,2024-12-21,5339,Cameras,GoPro Hero 11,4,3434.69,Credit Card,Makkah,Sale,13738.76
1561,2024-08-31,5345,Laptops,MacBook Air M2,3,3884.27,Cash on Delivery,Riyadh,Sale,11652.81
1562,2024-05-23,5137,Accessories,Bluetooth Headphones,4,80.46,Credit Card,Not Specified,Sale,321.84
1563,2024-06-13,5661,Accessories,Laptop Stand,3,35.38,Apple Pay,Madinah,Sale,106.14000000000001
1564,2024-08-14,5777,Phones,Samsung Galaxy S23,2,2727.06,Apple Pay,Makkah,Sale,5454.12
1565,2024-01-29,5318,Cameras,Nikon D3500,5,3023.7,Debit Card,Riyadh,Sale,15118.5
1566,2024-03-10,5197,Cameras,Nikon D3500,5,2312.08,Credit Card,Jeddah,Sale,11560.4
1567,2024-05-07,5369,Laptops,MacBook Air M2,1,5343.59,Apple Pay,Riyadh,Sale,5343.59
1568,2024-07-07,5697,Laptops,HP Pavilion 15,4,8377.03,Apple Pay,Riyadh,Sale,33508.12
1569,2024-07-09,5485,Phones,Samsung Galaxy S23,4,2718.89,Apple Pay,Jeddah,Sale,10875.56
1570,2024-06-28,5766,Cameras,GoPro Hero 11,3,2750.36,Debit Card,Dammam,Sale,8251.08
1571,2024-01-15,5585,Phones,Xiaomi Redmi Note 12,4,4242.79,Credit Card,Jeddah,Sale,16971.16
1572,2024-11-27,5667,Laptops,Dell XPS 13,2,5077.53,Debit Card,Dammam,Sale,10155.06
1573,2024-01-11,5662,TVs,Sony 65-inch Bravia,1,5034.85,Apple Pay,Jeddah,Sale,5034.85
1574,2024-04-24,5433,Laptops,MacBook Air M2,-3,8105.36,Cash on Delivery,Dammam,Return,-24316.079999999998
1575,2024-08-23,5309,TVs,LG 43-inch UHD,3,6737.51,Debit Card,Makkah,Sale,20212.53
1576,2024-07-22,5523,Cameras,GoPro Hero 11,5,1429.46,Credit Card,Riyadh,Sale,7147.3
1577,2024-06-01,5344,Accessories,Bluetooth Headphones,1,372.84,Apple Pay,Riyadh,Sale,372.84
1578,2024-05-21,5153,Accessories,Bluetooth Headphones,3,212.08,Cash on Delivery,Jeddah,Sale,636.24
1579,2024-01-30,5697,Cameras,Canon EOS 200D,5,1829.68,Apple Pay,Dammam,Sale,9148.4
1580,2024-12-01,5428,Laptops,MacBook Air M2,4,5484.38,Unknown,Dammam,Sale,21937.52
1581,2024-01-19,5743,TVs,LG 43-inch UHD,5,6896.17,Debit Card,Dammam,Sale,34480.85
1582,2024-12-09,5673,Laptops,Lenovo ThinkPad E14,3,5702.02,Cash on Delivery,Jeddah,Sale,17106.06
1583,2024-05-30,5758,Cameras,Canon EOS 200D,1,2083.51,Apple Pay,Jeddah,Sale,2083.51
1584,2024-12-14,5363,Accessories,USB-C Cable,3,264.36,Credit Card,Jeddah,Sale,793.08
1585,2024-08-03,5599,Laptops,HP Pavilion 15,3,4060.95,Cash on Delivery,Dammam,Sale,12182.849999999999
1586,2024-01-03,5594,Accessories,Laptop Stand,-4,58.07,Credit Card,Madinah,Return,-232.28
1587,2024-08-29,Guest,Cameras,Canon EOS 200D,2,1363.97,Credit Card,Makkah,Sale,2727.94
1588,2024-01-28,5350,Accessories,Laptop Stand,2,77.38,Debit Card,Jeddah,Sale,154.76
1589,2024-08-22,Guest,TVs,Sony 65-inch Bravia,2,2589.89,Cash on Delivery,Jeddah,Sale,5179.78
1590,2024-06-19,5004,Phones,Oppo Reno 8,2,1985.9,Cash on Delivery,Riyadh,Sale,3971.8
1591,2024-04-17,5781,TVs,LG 43-inch UHD,2,5132.55,Debit Card,Makkah,Sale,10265.1
1592,2024-11-10,5439,Phones,Samsung Galaxy S23,4,2136.58,Apple Pay,Makkah,Sale,8546.32
1593,2024-01-03,5014,TVs,LG 43-inch UHD,1,3597.47,Debit Card,Dammam,Sale,3597.47
1594,2024-01-10,5710,Accessories,USB-C Cable,1,361.81,Debit Card,Jeddah,Sale,361.81
1595,2024-03-07,5602,Accessories,Bluetooth Headphones,1,205.37,Apple Pay,Madinah,Sale,205.37
1596,2024-02-03,5466,Accessories,USB-C Cable,1,277.0,Cash on Delivery,Dammam,Sale,277.0
1597,2024-09-25,5350,Cameras,GoPro Hero 11,3,1520.35,Apple Pay,Jeddah,Sale,4561.049999999999
1598,2024-04-06,5233,TVs,LG 43-inch UHD,2,2799.9,Apple Pay,Riyadh,Sale,5599.8
1599,2024-04-18,5375,Laptops,Dell XPS 13,1,2765.65,Debit Card,Riyadh,Sale,2765.65
1600,2024-11-23,5049,Phones,Oppo Reno 8,3,2091.27,Credit Card,Madinah,Sale,6273.8099999999995
1601,2024-01-25,5389,Phones,iPhone 14,1,2475.07,Apple Pay,Makkah,Sale,2475.07
1602,2024-08-30,5308,Phones,Xiaomi Redmi Note 12,2,2119.54,Debit Card,Not Specified,Sale,4239.08
1603,2024-02-21,5620,TVs,Sony 65-inch Bravia,5,2261.25,Cash on Delivery,Madinah,Sale,11306.25
1604,2024-02-23,5116,Laptops,Lenovo ThinkPad E14,5,3284.13,Credit Card,Dammam,Sale,16420.65
1605,2024-04-11,5535,Phones,Oppo Reno 8,5,3112.73,Debit Card,Dammam,Sale,15563.65
1606,2024-12-26,5040,Laptops,HP Pavilion 15,4,3841.17,Cash on Delivery,Jeddah,Sale,15364.68
1607,2024-04-16,5002,Cameras,Nikon D3500,4,2211.37,Cash on Delivery,Jeddah,Sale,8845.48
1608,2024-02-26,5092,Phones,iPhone 14,5,3261.96,Apple Pay,Jeddah,Sale,16309.8
1609,2024-02-21,5303,Cameras,Canon EOS 200D,3,3385.42,Debit Card,Makkah,Sale,10156.26
1610,2024-01-26,Guest,Accessories,Laptop Stand,1,44.55,Debit Card,Riyadh,Sale,44.55
1611,2024-08-06,5009,Accessories,Bluetooth Headphones,1,325.78,Credit Card,Riyadh,Sale,325.78
1612,2024-06-17,5274,Laptops,Dell XPS 13,3,6581.35,Apple Pay,Madinah,Sale,19744.050000000003
1613,2024-06-24,5409,Phones,Xiaomi Redmi Note 12,2,1786.16,Credit Card,Makkah,Sale,3572.32
1614,2024-07-16,5115,TVs,LG 43-inch UHD,4,6342.61,Apple Pay,Jeddah,Sale,25370.44
1615,2024-03-22,5494,Laptops,MacBook Air M2,1,8485.67,Apple Pay,Madinah,Sale,8485.67
1616,2024-08-12,5626,Cameras,GoPro Hero 11,2,1119.88,Apple Pay,Dammam,Sale,2239.76
1617,2024-09-04,5451,Phones,Samsung Galaxy S23,4,2469.07,Credit Card,Makkah,Sale,9876.28
1618,2024-05-13,5785,Phones,iPhone 14,3,4321.7,Credit Card,Madinah,Sale,12965.099999999999
1619,2024-10-16,5535,Cameras,GoPro Hero 11,2,3593.73,Unknown,Madinah,Sale,7187.46
1620,2024-08-09,5679,Cameras,Canon EOS 200D,2,1564.28,Apple Pay,Dammam,Sale,3128.56
1621,2024-10-12,5658,TVs,Samsung 55-inch QLED,5,2888.62,Credit Card,Riyadh,Sale,14443.099999999999
1622,2024-10-09,5328,Laptops,Lenovo ThinkPad E14,2,4908.07,Credit Card,Makkah,Sale,9816.14
1623,2024-05-22,5658,Laptops,HP Pavilion 15,1,5649.4,Debit Card,Not Specified,Sale,5649.4
1624,2024-04-30,5586,TVs,LG 43-inch UHD,1,5014.92,Apple Pay,Makkah,Sale,5014.92
1625,2024-09-12,5509,TVs,Samsung 55-inch QLED,4,3718.35,Cash on Delivery,Riyadh,Sale,14873.4
1626,2024-07-25,5562,Phones,iPhone 14,4,3118.87,Credit Card,Madinah,Sale,12475.48
1627,2024-11-05,5575,Phones,iPhone 14,5,4116.15,Cash on Delivery,Madinah,Sale,20580.75
1628,2024-06-23,5465,Laptops,Lenovo ThinkPad E14,3,2738.44,Credit Card,Jeddah,Sale,8215.32
1629,2024-12-02,5099,Accessories,Laptop Stand,3,123.4,Apple Pay,Riyadh,Sale,370.20000000000005
1630,2024-06-23,Guest,Laptops,MacBook Air M2,3,5873.17,Cash on Delivery,Madinah,Sale,17619.510000000002
1631,2024-01-24,5734,Accessories,Wireless Mouse,2,361.23,Apple Pay,Jeddah,Sale,722.46
1632,2024-05-10,5123,TVs,Samsung 55-inch QLED,5,4460.72,Debit Card,Jeddah,Sale,22303.600000000002
1633,2024-08-22,5775,TVs,Samsung 55-inch QLED,2,4566.99,Cash on Delivery,Riyadh,Sale,9133.98
1634,2024-11-20,5468,TVs,Samsung 55-inch QLED,5,2357.29,Credit Card,Makkah,Sale,11786.45
1635,2024-03-09,5753,Cameras,GoPro Hero 11,4,2510.68,Credit Card,Madinah,Sale,10042.72
1636,2024-10-26,5177,Phones,Oppo Reno 8,4,3364.16,Debit Card,Madinah,Sale,13456.64
1637,2024-07-17,5393,Laptops,MacBook Air M2,5,4076.06,Cash on Delivery,Madinah,Sale,20380.3
1638,2024-12-20,5351,TVs,Sony 65-inch Bravia,2,3200.06,Cash on Delivery,Makkah,Sale,6400.12
1639,2024-03-09,5716,Accessories,Laptop Stand,2,217.01,Apple Pay,Madinah,Sale,434.02
1640,2024-12-25,5647,Cameras,Nikon D3500,-5,972.26,Cash on Delivery,Madinah,Return,-4861.3
1641,2024-04-17,5688,Laptops,Dell XPS 13,5,4593.51,Cash on Delivery,Dammam,Sale,22967.550000000003
1642,2024-09-14,5779,Laptops,Dell XPS 13,5,3874.41,Cash on Delivery,Riyadh,Sale,19372.05
1643,2024-10-25,5292,Accessories,Laptop Stand,5,151.17,Apple Pay,Madinah,Sale,755.8499999999999
1644,2024-09-24,5148,TVs,Samsung 55-inch QLED,1,4407.88,Credit Card,Makkah,Sale,4407.88
1645,2024-04-12,5699,Phones,iPhone 14,3,4616.85,Debit Card,Dammam,Sale,13850.550000000001
1646,2024-02-01,5033,Accessories,USB-C Cable,3,249.63,Debit Card,Madinah,Sale,748.89
1647,2024-02-22,5398,Accessories,Laptop Stand,5,281.27,Debit Card,Madinah,Sale,1406.35
1648,2024-12-20,5426,Laptops,HP Pavilion 15,1,7629.61,Apple Pay,Makkah,Sale,7629.61
1649,2024-01-07,5799,Accessories,Wireless Mouse,3,214.42,Debit Card,Madinah,Sale,643.26
1650,2024-11-20,5301,TVs,Samsung 55-inch QLED,3,2251.99,Debit Card,Jeddah,Sale,6755.969999999999
1651,2024-12-15,5752,TVs,Samsung 55-inch QLED,1,4592.95,Debit Card,Jeddah,Sale,4592.95
1652,2024-07-12,5569,Cameras,Canon EOS 200D,1,3012.63,Apple Pay,Dammam,Sale,3012.63
1653,2024-03-23,5338,Accessories,USB-C Cable,5,305.81,Cash on Delivery,Riyadh,Sale,1529.05
1654,2024-03-20,5611,TVs,Sony 65-inch Bravia,1,4044.63,Debit Card,Not Specified,Sale,4044.63
1655,2024-09-08,5724,Phones,Xiaomi Redmi Note 12,5,1946.53,Unknown,Riyadh,Sale,9732.65
1656,2024-04-04,5163,Accessories,USB-C Cable,5,135.0,Credit Card,Madinah,Sale,675.0
1657,2024-10-01,5226,TVs,Sony 65-inch Bravia,4,3688.03,Credit Card,Dammam,Sale,14752.12
1658,2024-06-18,5770,Laptops,HP Pavilion 15,3,6698.46,Cash on Delivery,Not Specified,Sale,20095.38
1659,2024-08-31,5684,Cameras,GoPro Hero 11,5,2954.8,Credit Card,Riyadh,Sale,14774.0
1660,2024-05-03,5698,Accessories,Laptop Stand,5,161.76,Debit Card,Riyadh,Sale,808.8
1661,2024-02-28,5741,Accessories,Laptop Stand,4,395.01,Cash on Delivery,Madinah,Sale,1580.04
1662,2024-09-21,5044,Accessories,Wireless Mouse,3,254.14,Apple Pay,Makkah,Sale,762.42
1663,2024-06-13,5171,Accessories,USB-C Cable,5,117.77,Credit Card,Riyadh,Sale,588.85
1664,2024-01-04,5701,Cameras,GoPro Hero 11,1,1266.42,Debit Card,Jeddah,Sale,1266.42
1665,2024-04-15,5764,TVs,Samsung 55-inch QLED,5,2594.87,Apple Pay,Riyadh,Sale,12974.349999999999
1666,2024-08-23,5075,Laptops,MacBook Air M2,3,4098.73,Credit Card,Riyadh,Sale,12296.189999999999
1667,2024-05-08,5233,Phones,Samsung Galaxy S23,5,2062.38,Credit Card,Madinah,Sale,10311.900000000001
1668,2024-07-17,5323,Accessories,Laptop Stand,4,99.03,Apple Pay,Makkah,Sale,396.12
1669,2024-12-10,5064,Phones,Oppo Reno 8,1,2497.83,Credit Card,Madinah,Sale,2497.83
1670,2024-12-24,5108,Cameras,Canon EOS 200D,1,1524.14,Cash on Delivery,Madinah,Sale,1524.14
1671,2024-11-06,5390,Accessories,Bluetooth Headphones,1,361.8,Cash on Delivery,Makkah,Sale,361.8
1672,2024-01-16,5225,TVs,Sony 65-inch Bravia,4,2217.22,Debit Card,Madinah,Sale,8868.88
1673,2024-10-06,5693,Laptops,Lenovo ThinkPad E14,3,5909.32,Debit Card,Dammam,Sale,17727.96
1674,2024-10-10,5042,Accessories,Wireless Mouse,5,181.85,Debit Card,Riyadh,Sale,909.25
1675,2024-10-02,5215,Phones,Oppo Reno 8,5,4938.33,Credit Card,Dammam,Sale,24691.65
1676,2024-07-30,5188,Accessories,USB-C Cable,5,71.45,Debit Card,Jeddah,Sale,357.25
1677,2024-04-09,5055,Laptops,HP Pavilion 15,1,5086.06,Debit Card,Madinah,Sale,5086.06
1678,2024-11-26,5687,Cameras,Nikon D3500,5,4390.09,Credit Card,Dammam,Sale,21950.45
1679,2024-02-20,5365,Phones,Xiaomi Redmi Note 12,2,4529.27,Apple Pay,Dammam,Sale,9058.54
1680,2024-02-21,5325,Laptops,Dell XPS 13,3,7810.97,Credit Card,Jeddah,Sale,23432.91
1681,2024-06-17,5156,TVs,LG 43-inch UHD,5,3141.09,Cash on Delivery,Madinah,Sale,15705.45
1682,2024-07-05,5004,Cameras,GoPro Hero 11,3,1515.2,Apple Pay,Jeddah,Sale,4545.6
1683,2024-04-23,5137,Accessories,USB-C Cable,4,277.4,Cash on Delivery,Dammam,Sale,1109.6
1684,2024-08-24,5498,Accessories,Laptop Stand,4,373.87,Cash on Delivery,Dammam,Sale,1495.48
1685,2024-03-30,5143,Cameras,Canon EOS 200D,5,2904.35,Credit Card,Dammam,Sale,14521.75
1686,2024-05-14,5519,Cameras,Canon EOS 200D,1,2957.81,Credit Card,Riyadh,Sale,2957.81
1687,2024-10-29,5266,Phones,Oppo Reno 8,2,2479.93,Credit Card,Madinah,Sale,4959.86
1688,2024-08-29,5228,Cameras,GoPro Hero 11,2,3670.17,Cash on Delivery,Makkah,Sale,7340.34
1689,2024-05-28,5522,Cameras,GoPro Hero 11,2,1573.36,Apple Pay,Madinah,Sale,3146.72
1690,2024-07-05,5628,Phones,Oppo Reno 8,-5,2632.88,Credit Card,Jeddah,Return,-13164.400000000001
1691,2024-08-16,5579,Laptops,Dell XPS 13,2,5265.34,Debit Card,Madinah,Sale,10530.68
1692,2024-07-02,5237,Laptops,Lenovo ThinkPad E14,1,5799.47,Debit Card,Not Specified,Sale,5799.47
1693,2024-07-08,5530,Phones,Xiaomi Redmi Note 12,2,2348.43,Credit Card,Not Specified,Sale,4696.86
1694,2024-08-28,5664,Accessories,Laptop Stand,4,72.49,Credit Card,Riyadh,Sale,289.96
1695,2024-12-26,5592,Accessories,Wireless Mouse,5,255.93,Cash on Delivery,Dammam,Sale,1279.65
1696,2024-03-30,5601,Cameras,GoPro Hero 11,4,1939.07,Unknown,Dammam,Sale,7756.28
1697,2024-07-11,5353,Phones,Xiaomi Redmi Note 12,2,3534.33,Apple Pay,Dammam,Sale,7068.66
1698,2024-11-05,5169,TVs,LG 43-inch UHD,1,2602.69,Debit Card,Makkah,Sale,2602.69
1699,2024-09-20,5191,Laptops,MacBook Air M2,3,5627.41,Debit Card,Jeddah,Sale,16882.23
1700,2024-11-04,5338,Laptops,HP Pavilion 15,1,5961.83,Debit Card,Makkah,Sale,5961.83
1701,2024-12-11,Guest,Phones,Oppo Reno 8,4,1681.38,Apple Pay,Jeddah,Sale,6725.52
1702,2024-01-12,5587,Laptops,Lenovo ThinkPad E14,2,4687.93,Credit Card,Jeddah,Sale,9375.86
1703,2024-03-09,5150,Cameras,Canon EOS 200D,5,1383.89,Credit Card,Madinah,Sale,6919.450000000001
1704,2024-05-12,5577,Phones,Samsung Galaxy S23,-2,1721.81,Apple Pay,Madinah,Return,-3443.62
1705,2024-02-13,5482,Phones,Xiaomi Redmi Note 12,2,4964.86,Apple Pay,Madinah,Sale,9929.72
1706,2024-04-22,5785,TVs,Samsung 55-inch QLED,4,3476.24,Debit Card,Madinah,Sale,13904.96
1707,2024-03-26,5604,Laptops,HP Pavilion 15,3,7764.18,Apple Pay,Madinah,Sale,23292.54
1708,2024-07-12,5016,Phones,Samsung Galaxy S23,4,2391.24,Debit Card,Riyadh,Sale,9564.96
1709,2024-03-17,5487,Laptops,Lenovo ThinkPad E14,5,6929.77,Credit Card,Jeddah,Sale,34648.850000000006
1710,2024-01-20,Guest,Cameras,GoPro Hero 11,5,3636.82,Credit Card,Riyadh,Sale,18184.100000000002
1711,2024-12-13,5044,Laptops,MacBook Air M2,4,6371.65,Apple Pay,Dammam,Sale,25486.6
1712,2024-04-27,5603,Cameras,Nikon D3500,4,2597.67,Apple Pay,Dammam,Sale,10390.68
1713,2024-08-05,5784,Cameras,Canon EOS 200D,2,2382.63,Cash on Delivery,Makkah,Sale,4765.26
1714,2024-05-25,5193,Laptops,MacBook Air M2,5,4767.64,Apple Pay,Dammam,Sale,23838.2
1715,2024-10-22,5007,Phones,iPhone 14,5,4753.35,Credit Card,Madinah,Sale,23766.75
1716,2024-04-15,5109,TVs,Sony 65-inch Bravia,3,6119.22,Apple Pay,Dammam,Sale,18357.66
1717,2024-11-29,5548,Laptops,Lenovo ThinkPad E14,5,8772.67,Cash on Delivery,Dammam,Sale,43863.35
1718,2024-07-06,5773,TVs,Sony 65-inch Bravia,5,2446.35,Cash on Delivery,Makkah,Sale,12231.75
1719,2024-10-09,5379,Laptops,Lenovo ThinkPad E14,5,7250.64,Apple Pay,Jeddah,Sale,36253.200000000004
1720,2024-04-09,5352,Cameras,GoPro Hero 11,3,4278.03,Cash on Delivery,Madinah,Sale,12834.09
1721,2024-03-11,5716,TVs,Sony 65-inch Bravia,1,2742.41,Debit Card,Makkah,Sale,2742.41
1722,2024-04-19,5563,Laptops,MacBook Air M2,5,2932.23,Apple Pay,Dammam,Sale,14661.15
1723,2024-12-16,5651,Cameras,GoPro Hero 11,1,3568.03,Debit Card,Makkah,Sale,3568.03
1724,2024-03-15,Guest,Phones,iPhone 14,4,3510.66,Apple Pay,Riyadh,Sale,14042.64
1725,2024-07-08,5410,Accessories,USB-C Cable,1,217.01,Credit Card,Not Specified,Sale,217.01
1726,2024-09-23,5655,Cameras,GoPro Hero 11,3,1403.18,Credit Card,Jeddah,Sale,4209.54
1727,2024-01-06,5034,TVs,LG 43-inch UHD,2,5935.39,Cash on Delivery,Jeddah,Sale,11870.78
1728,2024-09-21,5368,Cameras,GoPro Hero 11,2,1625.86,Debit Card,Riyadh,Sale,3251.72
1729,2024-03-21,5361,Laptops,MacBook Air M2,1,3563.76,Cash on Delivery,Makkah,Sale,3563.76
1730,2024-10-27,5092,TVs,LG 43-inch UHD,2,2654.18,Credit Card,Riyadh,Sale,5308.36
1731,2024-10-13,5283,Cameras,Nikon D3500,5,3832.47,Cash on Delivery,Dammam,Sale,19162.35
1732,2024-08-20,5179,Laptops,Dell XPS 13,4,6823.78,Credit Card,Dammam,Sale,27295.12
1733,2024-02-24,5301,TVs,Sony 65-inch Bravia,5,4519.94,Credit Card,Madinah,Sale,22599.699999999997
1734,2024-09-19,5386,Accessories,Wireless Mouse,-3,162.77,Cash on Delivery,Makkah,Return,-488.31000000000006
1735,2024-05-04,5600,Cameras,Nikon D3500,3,4057.92,Apple Pay,Makkah,Sale,12173.76
1736,2024-02-29,5648,Phones,Oppo Reno 8,3,2873.56,Credit Card,Makkah,Sale,8620.68
1737,2024-06-10,5548,Laptops,Dell XPS 13,4,7807.9,Cash on Delivery,Madinah,Sale,31231.6
1738,2024-05-07,5689,Phones,Xiaomi Redmi Note 12,3,3036.97,Credit Card,Makkah,Sale,9110.91
1739,2024-10-10,5362,Accessories,Wireless Mouse,2,169.47,Apple Pay,Dammam,Sale,338.94
1740,2024-04-03,5240,Laptops,HP Pavilion 15,-2,5507.42,Apple Pay,Jeddah,Return,-11014.84
1741,2024-04-15,5633,Laptops,HP Pavilion 15,2,4458.96,Debit Card,Jeddah,Sale,8917.92
1742,2024-02-24,5628,Accessories,USB-C Cable,1,306.62,Credit Card,Makkah,Sale,306.62
1743,2024-09-03,5588,Phones,iPhone 14,3,3259.52,Cash on Delivery,Makkah,Sale,9778.56
1744,2024-04-03,5227,Accessories,Laptop Stand,5,115.92,Cash on Delivery,Makkah,Sale,579.6
1745,2024-01-28,Guest,Cameras,Canon EOS 200D,5,4138.47,Apple Pay,Makkah,Sale,20692.350000000002
1746,2024-07-20,5715,Phones,Xiaomi Redmi Note 12,2,2843.62,Apple Pay,Riyadh,Sale,5687.24
1747,2024-06-10,5388,Cameras,Nikon D3500,1,2856.79,Credit Card,Jeddah,Sale,2856.79
1748,2024-06-15,Guest,Cameras,Canon EOS 200D,-3,4163.3,Cash on Delivery,Jeddah,Return,-12489.900000000001
1749,2024-05-17,5188,Accessories,USB-C Cable,4,260.97,Cash on Delivery,Not Specified,Sale,1043.88
1750,2024-04-17,5410,TVs,LG 43-inch UHD,4,2407.87,Cash on Delivery,Dammam,Sale,9631.48
1751,2024-04-02,5702,Accessories,Laptop Stand,5,377.74,Debit Card,Madinah,Sale,1888.7
1752,2024-05-18,5200,Laptops,MacBook Air M2,2,6580.1,Apple Pay,Makkah,Sale,13160.2
1753,2024-08-30,5511,Laptops,Dell XPS 13,1,4676.89,Debit Card,Makkah,Sale,4676.89
1754,2024-09-06,5581,Laptops,HP Pavilion 15,3,3405.27,Cash on Delivery,Madinah,Sale,10215.81
1755,2024-02-20,5260,Phones,Oppo Reno 8,-2,4279.09,Credit Card,Jeddah,Return,-8558.18
1756,2024-02-19,5369,TVs,Sony 65-inch Bravia,4,5024.38,Cash on Delivery,Dammam,Sale,20097.52
1757,2024-06-25,5359,Accessories,Bluetooth Headphones,1,227.38,Apple Pay,Riyadh,Sale,227.38
1758,2024-10-22,Guest,Cameras,Canon EOS 200D,5,4118.01,Debit Card,Dammam,Sale,20590.050000000003
1759,2024-08-16,5293,Accessories,Laptop Stand,1,321.78,Apple Pay,Madinah,Sale,321.78
1760,2024-03-15,5646,TVs,Sony 65-inch Bravia,2,2588.71,Cash on Delivery,Makkah,Sale,5177.42
1761,2024-07-26,Guest,Cameras,GoPro Hero 11,1,2022.2,Unknown,Jeddah,Sale,2022.2
1762,2024-06-11,5660,Laptops,HP Pavilion 15,3,4115.18,Cash on Delivery,Madinah,Sale,12345.54
1763,2024-08-15,5171,TVs,LG 43-inch UHD,3,5668.52,Apple Pay,Makkah,Sale,17005.56
1764,2024-03-05,5215,Laptops,MacBook Air M2,2,2717.96,Cash on Delivery,Riyadh,Sale,5435.92
1765,2024-02-22,5561,Laptops,Lenovo ThinkPad E14,1,6204.28,Credit Card,Makkah,Sale,6204.28
1766,2024-07-22,5268,Phones,iPhone 14,5,4168.61,Credit Card,Riyadh,Sale,20843.05
1767,2024-02-13,5253,Cameras,Canon EOS 200D,4,4056.36,Cash on Delivery,Jeddah,Sale,16225.44
1768,2024-11-16,5174,Accessories,Laptop Stand,2,156.57,Debit Card,Madinah,Sale,313.14
1769,2024-12-05,5478,Phones,iPhone 14,3,4374.4,Cash on Delivery,Makkah,Sale,13123.199999999999
1770,2024-10-07,5181,Cameras,Nikon D3500,4,1298.27,Debit Card,Madinah,Sale,5193.08
1771,2024-08-21,5655,Cameras,GoPro Hero 11,5,3947.23,Apple Pay,Madinah,Sale,19736.15
1772,2024-06-26,5452,Cameras,Nikon D3500,4,1358.96,Debit Card,Riyadh,Sale,5435.84
1773,2024-07-30,Guest,Accessories,Bluetooth Headphones,3,177.0,Unknown,Dammam,Sale,531.0
1774,2024-06-25,5008,Phones,Samsung Galaxy S23,3,4290.53,Apple Pay,Madinah,Sale,12871.59
1775,2024-02-06,5611,TVs,LG 43-inch UHD,1,2579.57,Apple Pay,Dammam,Sale,2579.57
1776,2024-10-07,5574,Laptops,MacBook Air M2,3,3990.13,Debit Card,Makkah,Sale,11970.39
1777,2024-05-07,5225,TVs,LG 43-inch UHD,2,5555.71,Apple Pay,Makkah,Sale,11111.42
1778,2024-08-04,Guest,Accessories,Wireless Mouse,2,296.41,Cash on Delivery,Dammam,Sale,592.82
1779,2024-07-30,5139,Cameras,Nikon D3500,-2,3208.13,Credit Card,Jeddah,Return,-6416.26
1780,2024-11-22,5717,Accessories,Wireless Mouse,4,286.76,Apple Pay,Dammam,Sale,1147.04
1781,2024-04-06,5050,Cameras,Nikon D3500,3,2853.81,Credit Card,Jeddah,Sale,8561.43
1782,2024-04-05,5128,Cameras,Canon EOS 200D,1,1806.48,Cash on Delivery,Dammam,Sale,1806.48
1783,2024-01-05,5015,TVs,Sony 65-inch Bravia,2,3597.62,Credit Card,Jeddah,Sale,7195.24
1784,2024-06-24,5380,TVs,Samsung 55-inch QLED,4,2744.31,Cash on Delivery,Makkah,Sale,10977.24
1785,2024-01-17,5057,TVs,Sony 65-inch Bravia,3,6523.94,Credit Card,Jeddah,Sale,19571.82
1786,2024-02-06,5196,Accessories,Laptop Stand,5,245.85,Apple Pay,Jeddah,Sale,1229.25
1787,2024-01-07,5789,Accessories,Laptop Stand,1,178.32,Debit Card,Makkah,Sale,178.32
1788,2024-01-18,5533,TVs,Samsung 55-inch QLED,2,4202.43,Apple Pay,Riyadh,Sale,8404.86
1789,2024-07-18,5644,Laptops,Lenovo ThinkPad E14,3,8657.34,Cash on Delivery,Jeddah,Sale,25972.02
1790,2024-05-09,5369,Phones,iPhone 14,4,2036.73,Cash on Delivery,Jeddah,Sale,8146.92
1791,2024-02-27,5015,Phones,Samsung Galaxy S23,2,3551.8,Apple Pay,Dammam,Sale,7103.6
1792,2024-10-26,5009,Laptops,HP Pavilion 15,1,5788.28,Apple Pay,Jeddah,Sale,5788.28
1793,2024-12-18,5789,Phones,Oppo Reno 8,5,3640.09,Debit Card,Dammam,Sale,18200.45
1794,2024-03-21,5346,Phones,Samsung Galaxy S23,4,1563.39,Credit Card,Madinah,Sale,6253.56
1795,2024-07-01,5499,Phones,iPhone 14,2,4552.43,Credit Card,Jeddah,Sale,9104.86
1796,2024-12-10,5021,Laptops,HP Pavilion 15,3,8558.77,Apple Pay,Jeddah,Sale,25676.31
1797,2024-03-09,5723,TVs,LG 43-inch UHD,3,4738.69,Credit Card,Makkah,Sale,14216.07
1798,2024-05-30,5580,TVs,Sony 65-inch Bravia,-5,5422.58,Apple Pay,Jeddah,Return,-27112.9
1799,2024-06-14,Guest,Laptops,HP Pavilion 15,4,8496.25,Cash on Delivery,Madinah,Sale,33985.0
1800,2024-09-28,5269,Laptops,MacBook Air M2,2,7097.05,Apple Pay,Dammam,Sale,14194.1
1801,2024-08-20,5019,Cameras,Nikon D3500,1,1449.14,Apple Pay,Jeddah,Sale,1449.14
1802,2024-11-13,5674,Cameras,Nikon D3500,2,2974.64,Cash on Delivery,Riyadh,Sale,5949.28
1803,2024-04-07,5157,Cameras,Nikon D3500,5,2606.12,Apple Pay,Madinah,Sale,13030.599999999999
1804,2024-06-14,5098,Cameras,Nikon D3500,-4,2426.87,Cash on Delivery,Riyadh,Return,-9707.48
1805,2024-02-04,5032,Cameras,GoPro Hero 11,1,3551.2,Debit Card,Not Specified,Sale,3551.2
1806,2024-09-05,5584,Laptops,MacBook Air M2,2,8573.39,Credit Card,Riyadh,Sale,17146.78
1807,2024-09-07,5375,TVs,Sony 65-inch Bravia,5,6612.96,Cash on Delivery,Riyadh,Sale,33064.8
1808,2024-01-07,5479,Laptops,MacBook Air M2,2,5430.46,Apple Pay,Riyadh,Sale,10860.92
1809,2024-10-12,5631,Phones,Xiaomi Redmi Note 12,4,1896.33,Unknown,Riyadh,Sale,7585.32
1810,2024-02-06,5531,Accessories,Wireless Mouse,3,394.39,Credit Card,Jeddah,Sale,1183.17
1811,2024-04-28,5197,Phones,iPhone 14,5,4436.14,Apple Pay,Jeddah,Sale,22180.7
1812,2024-05-07,5767,Cameras,GoPro Hero 11,5,1348.79,Debit Card,Madinah,Sale,6743.95
1813,2024-02-24,Guest,Cameras,Nikon D3500,-5,4215.03,Cash on Delivery,Makkah,Return,-21075.149999999998
1814,2024-03-26,5345,TVs,Samsung 55-inch QLED,2,6323.46,Apple Pay,Madinah,Sale,12646.92
1815,2024-06-29,5422,Laptops,Lenovo ThinkPad E14,3,5872.45,Cash on Delivery,Dammam,Sale,17617.35
1816,2024-06-14,5558,TVs,Sony 65-inch Bravia,5,4874.63,Debit Card,Madinah,Sale,24373.15
1817,2024-10-08,5458,Laptops,Lenovo ThinkPad E14,3,5093.52,Cash on Delivery,Makkah,Sale,15280.560000000001
1818,2024-01-18,5138,TVs,Samsung 55-inch QLED,3,2084.76,Credit Card,Madinah,Sale,6254.280000000001
1819,2024-06-02,5022,Accessories,Wireless Mouse,2,154.02,Debit Card,Dammam,Sale,308.04
1820,2024-02-18,5159,Accessories,USB-C Cable,-1,327.06,Apple Pay,Dammam,Return,-327.06
1821,2024-07-06,5262,Laptops,HP Pavilion 15,5,2530.11,Debit Card,Jeddah,Sale,12650.550000000001
1822,2024-10-19,5740,Accessories,Wireless Mouse,4,153.39,Debit Card,Riyadh,Sale,613.56
1823,2024-03-29,5657,Accessories,Laptop Stand,4,177.32,Credit Card,Madinah,Sale,709.28
1824,2024-10-22,5789,Accessories,Wireless Mouse,-4,228.84,Credit Card,Riyadh,Return,-915.36
1825,2024-08-10,5765,Accessories,Bluetooth Headphones,4,370.35,Credit Card,Jeddah,Sale,1481.4
1826,2024-11-20,5536,Cameras,Canon EOS 200D,4,2146.85,Credit Card,Dammam,Sale,8587.4
1827,2024-10-03,5514,Phones,Xiaomi Redmi Note 12,5,2714.34,Debit Card,Dammam,Sale,13571.7
1828,2024-01-26,5589,Laptops,Dell XPS 13,4,7293.76,Unknown,Madinah,Sale,29175.04
1829,2024-04-23,5151,Cameras,Canon EOS 200D,4,2527.98,Cash on Delivery,Makkah,Sale,10111.92
1830,2024-02-12,5408,Laptops,HP Pavilion 15,4,3959.93,Credit Card,Madinah,Sale,15839.72
1831,2024-07-23,5780,Accessories,Wireless Mouse,5,197.4,Apple Pay,Jeddah,Sale,987.0
1832,2024-10-13,5667,Laptops,Lenovo ThinkPad E14,2,3415.57,Apple Pay,Makkah,Sale,6831.14
1833,2024-10-14,5073,Cameras,Canon EOS 200D,5,1534.99,Debit Card,Jeddah,Sale,7674.95
1834,2024-06-14,5687,Accessories,Laptop Stand,5,214.4,Credit Card,Riyadh,Sale,1072.0
1835,2024-07-06,5352,TVs,LG 43-inch UHD,3,3978.41,Debit Card,Dammam,Sale,11935.23
1836,2024-01-13,5631,Cameras,GoPro Hero 11,3,4193.45,Debit Card,Dammam,Sale,12580.349999999999
1837,2024-03-15,5204,TVs,Sony 65-inch Bravia,4,3684.45,Credit Card,Jeddah,Sale,14737.8
1838,2024-02-13,5635,Accessories,USB-C Cable,1,244.82,Credit Card,Jeddah,Sale,244.82
1839,2024-01-08,5460,Laptops,HP Pavilion 15,3,6609.72,Credit Card,Dammam,Sale,19829.16
1840,2024-06-18,5559,TVs,Samsung 55-inch QLED,2,1868.09,Debit Card,Jeddah,Sale,3736.18
1841,2024-10-07,5385,Cameras,Nikon D3500,4,3288.73,Debit Card,Riyadh,Sale,13154.92
1842,2024-09-26,5061,Cameras,GoPro Hero 11,1,1540.93,Cash on Delivery,Jeddah,Sale,1540.93
1843,2024-12-22,5476,Accessories,USB-C Cable,5,385.6,Cash on Delivery,Riyadh,Sale,1928.0
1844,2024-07-17,5019,Phones,iPhone 14,3,2020.32,Cash on Delivery,Riyadh,Sale,6060.96
1845,2024-04-28,Guest,Accessories,Laptop Stand,4,183.41,Credit Card,Dammam,Sale,733.64
1846,2024-02-15,Guest,Cameras,GoPro Hero 11,2,1207.26,Debit Card,Madinah,Sale,2414.52
1847,2024-01-12,5312,Cameras,GoPro Hero 11,-1,4488.75,Debit Card,Madinah,Return,-4488.75
1848,2024-07-20,5700,Accessories,Laptop Stand,2,215.81,Unknown,Dammam,Sale,431.62
1849,2024-11-16,5282,Accessories,Bluetooth Headphones,3,250.29,Debit Card,Madinah,Sale,750.87
1850,2024-07-17,5155,Phones,Xiaomi Redmi Note 12,-1,1734.77,Cash on Delivery,Jeddah,Return,-1734.77
1851,2024-12-02,5533,Accessories,Laptop Stand,2,307.49,Credit Card,Makkah,Sale,614.98
1852,2024-12-17,5586,Cameras,GoPro Hero 11,2,1655.66,Apple Pay,Jeddah,Sale,3311.32
1853,2024-06-08,5555,Laptops,Lenovo ThinkPad E14,5,8337.35,Cash on Delivery,Makkah,Sale,41686.75
1854,2024-11-30,5316,Laptops,Dell XPS 13,2,3833.41,Debit Card,Jeddah,Sale,7666.82
1855,2024-08-08,5069,Cameras,Canon EOS 200D,2,1586.48,Debit Card,Dammam,Sale,3172.96
1856,2024-03-01,5744,Cameras,GoPro Hero 11,2,1031.58,Cash on Delivery,Jeddah,Sale,2063.16
1857,2024-07-30,5763,Phones,Xiaomi Redmi Note 12,4,3152.23,Cash on Delivery,Makkah,Sale,12608.92
1858,2024-04-06,5026,Accessories,USB-C Cable,1,238.99,Debit Card,Jeddah,Sale,238.99
1859,2024-05-16,5237,Cameras,GoPro Hero 11,5,1136.55,Debit Card,Madinah,Sale,5682.75
1860,2024-07-02,5514,Laptops,MacBook Air M2,-1,7540.93,Apple Pay,Jeddah,Return,-7540.93
1861,2024-12-30,5503,Cameras,Nikon D3500,3,2531.84,Debit Card,Makkah,Sale,7595.52
1862,2024-03-24,5418,TVs,Samsung 55-inch QLED,2,4526.83,Debit Card,Riyadh,Sale,9053.66
1863,2024-07-30,5067,Phones,Xiaomi Redmi Note 12,2,3042.67,Debit Card,Jeddah,Sale,6085.34
1864,2024-11-11,5252,Laptops,Lenovo ThinkPad E14,4,5104.96,Cash on Delivery,Makkah,Sale,20419.84
1865,2024-01-22,5403,TVs,LG 43-inch UHD,5,4710.13,Apple Pay,Dammam,Sale,23550.65
1866,2024-10-19,5111,Cameras,GoPro Hero 11,5,1458.86,Credit Card,Madinah,Sale,7294.299999999999
1867,2024-01-22,5571,TVs,LG 43-inch UHD,2,2746.03,Apple Pay,Riyadh,Sale,5492.06
1868,2024-11-18,5450,TVs,Sony 65-inch Bravia,1,6281.29,Debit Card,Dammam,Sale,6281.29
1869,2024-05-26,5301,TVs,LG 43-inch UHD,4,6719.8,Debit Card,Makkah,Sale,26879.2
1870,2024-12-19,Guest,Cameras,Canon EOS 200D,5,2243.91,Debit Card,Makkah,Sale,11219.55
1871,2024-09-13,5712,TVs,Samsung 55-inch QLED,1,3207.87,Unknown,Madinah,Sale,3207.87
1872,2024-07-20,5025,Cameras,Canon EOS 200D,4,3218.4,Cash on Delivery,Makkah,Sale,12873.6
1873,2024-10-29,5256,Laptops,Lenovo ThinkPad E14,2,5156.77,Apple Pay,Riyadh,Sale,10313.54
1874,2024-03-04,5649,Accessories,USB-C Cable,1,39.39,Credit Card,Makkah,Sale,39.39
1875,2024-09-25,5563,Accessories,Wireless Mouse,-4,87.78,Debit Card,Makkah,Return,-351.12
1876,2024-03-28,5148,TVs,Samsung 55-inch QLED,3,5523.06,Debit Card,Jeddah,Sale,16569.18
1877,2024-08-02,5295,Laptops,MacBook Air M2,3,6783.01,Cash on Delivery,Makkah,Sale,20349.03
1878,2024-03-08,5783,Laptops,MacBook Air M2,2,2676.12,Credit Card,Madinah,Sale,5352.24
1879,2024-08-22,5005,Accessories,Wireless Mouse,4,112.13,Apple Pay,Madinah,Sale,448.52
1880,2024-05-01,5419,Cameras,Nikon D3500,2,1731.87,Apple Pay,Makkah,Sale,3463.74
1881,2024-11-03,5560,TVs,Samsung 55-inch QLED,5,5293.84,Credit Card,Jeddah,Sale,26469.2
1882,2024-01-26,5668,Accessories,USB-C Cable,2,37.29,Debit Card,Riyadh,Sale,74.58
1883,2024-03-15,5089,Accessories,Wireless Mouse,1,68.52,Cash on Delivery,Not Specified,Sale,68.52
1884,2024-08-01,5625,Phones,iPhone 14,-2,4299.71,Debit Card,Dammam,Return,-8599.42
1885,2024-10-14,5368,Cameras,GoPro Hero 11,2,1542.76,Apple Pay,Madinah,Sale,3085.52
1886,2024-06-02,5069,Phones,iPhone 14,3,3784.61,Cash on Delivery,Makkah,Sale,11353.83
1887,2024-02-03,5124,TVs,Sony 65-inch Bravia,3,3038.55,Apple Pay,Jeddah,Sale,9115.650000000001
1888,2024-09-26,5626,Accessories,Bluetooth Headphones,4,66.79,Debit Card,Jeddah,Sale,267.16
1889,2024-10-19,5741,Phones,iPhone 14,5,2351.1,Credit Card,Makkah,Sale,11755.5
1890,2024-05-27,5538,Cameras,GoPro Hero 11,4,3500.16,Cash on Delivery,Dammam,Sale,14000.64
1891,2024-06-30,5746,Cameras,GoPro Hero 11,2,3980.51,Apple Pay,Madinah,Sale,7961.02
1892,2024-04-02,5198,TVs,LG 43-inch UHD,5,6117.14,Debit Card,Dammam,Sale,30585.7
1893,2024-01-13,5630,Phones,iPhone 14,4,2890.14,Credit Card,Jeddah,Sale,11560.56
1894,2024-01-24,5652,TVs,LG 43-inch UHD,3,5274.04,Cash on Delivery,Madinah,Sale,15822.119999999999
1895,2024-11-23,Guest,Laptops,MacBook Air M2,2,3832.4,Cash on Delivery,Dammam,Sale,7664.8
1896,2024-09-16,5116,Accessories,Bluetooth Headphones,5,138.46,Cash on Delivery,Riyadh,Sale,692.3000000000001
1897,2024-07-21,5198,Accessories,Bluetooth Headphones,5,361.64,Credit Card,Jeddah,Sale,1808.1999999999998
1898,2024-12-10,5661,Accessories,Bluetooth Headphones,4,34.81,Apple Pay,Riyadh,Sale,139.24
1899,2024-03-20,Guest,Laptops,Lenovo ThinkPad E14,4,3055.81,Cash on Delivery,Makkah,Sale,12223.24
1900,2024-10-16,5591,Phones,Xiaomi Redmi Note 12,3,2227.6,Credit Card,Jeddah,Sale,6682.799999999999
1901,2024-02-03,5347,Accessories,Bluetooth Headphones,2,39.82,Cash on Delivery,Riyadh,Sale,79.64
1902,2024-09-30,Guest,TVs,Sony 65-inch Bravia,2,2743.46,Apple Pay,Jeddah,Sale,5486.92
1903,2024-12-27,5423,Phones,Xiaomi Redmi Note 12,3,3540.65,Credit Card,Dammam,Sale,10621.95
1904,2024-05-01,5221,Phones,Oppo Reno 8,3,2974.99,Apple Pay,Dammam,Sale,8924.97
1905,2024-03-30,5796,Cameras,Nikon D3500,-1,4113.62,Cash on Delivery,Riyadh,Return,-4113.62
1906,2024-08-15,5512,Laptops,MacBook Air M2,5,7813.38,Credit Card,Makkah,Sale,39066.9
1907,2024-06-23,5146,Laptops,Dell XPS 13,4,4721.81,Cash on Delivery,Dammam,Sale,18887.24
1908,2024-04-15,5730,Phones,Samsung Galaxy S23,1,2407.98,Apple Pay,Makkah,Sale,2407.98
1909,2024-01-03,5089,Cameras,Canon EOS 200D,3,2266.89,Unknown,Madinah,Sale,6800.67
1910,2024-01-24,5591,Accessories,Laptop Stand,1,248.41,Cash on Delivery,Riyadh,Sale,248.41
1911,2024-06-13,5283,Accessories,USB-C Cable,2,129.18,Debit Card,Dammam,Sale,258.36
1912,2024-08-13,5161,Cameras,Nikon D3500,1,3146.94,Cash on Delivery,Jeddah,Sale,3146.94
1913,2024-01-08,5555,Accessories,Wireless Mouse,5,181.48,Credit Card,Jeddah,Sale,907.4
1914,2024-05-18,5250,Accessories,Bluetooth Headphones,2,234.26,Unknown,Not Specified,Sale,468.52
1915,2024-06-08,5454,Laptops,MacBook Air M2,5,5334.82,Cash on Delivery,Not Specified,Sale,26674.1
1916,2024-01-15,5392,Phones,Samsung Galaxy S23,4,2530.63,Credit Card,Riyadh,Sale,10122.52
1917,2024-08-06,5606,Phones,iPhone 14,4,4819.59,Debit Card,Madinah,Sale,19278.36
1918,2024-07-01,5730,TVs,Sony 65-inch Bravia,3,5770.75,Cash on Delivery,Jeddah,Sale,17312.25
1919,2024-08-26,5715,Cameras,Canon EOS 200D,5,1404.41,Debit Card,Riyadh,Sale,7022.05
1920,2024-08-21,5237,TVs,Samsung 55-inch QLED,3,6316.03,Apple Pay,Makkah,Sale,18948.09
1921,2024-11-11,Guest,Laptops,Dell XPS 13,3,5668.3,Cash on Delivery,Makkah,Sale,17004.9
1922,2024-08-20,5486,Accessories,Bluetooth Headphones,4,360.98,Credit Card,Riyadh,Sale,1443.92
1923,2024-09-02,5786,Phones,Xiaomi Redmi Note 12,4,4299.49,Debit Card,Dammam,Sale,17197.96
1924,2024-09-17,5333,Accessories,USB-C Cable,1,187.33,Apple Pay,Riyadh,Sale,187.33
1925,2024-02-06,5604,Cameras,GoPro Hero 11,-3,980.89,Apple Pay,Makkah,Return,-2942.67
1926,2024-11-13,5393,TVs,Samsung 55-inch QLED,2,3197.12,Debit Card,Makkah,Sale,6394.24
1927,2024-04-16,5580,Phones,Xiaomi Redmi Note 12,5,3395.72,Apple Pay,Makkah,Sale,16978.6
1928,2024-03-29,5606,Accessories,USB-C Cable,1,264.39,Apple Pay,Riyadh,Sale,264.39
1929,2024-06-15,5180,Cameras,Nikon D3500,5,1828.4,Credit Card,Makkah,Sale,9142.0
1930,2024-02-05,5789,Accessories,Laptop Stand,5,81.56,Credit Card,Madinah,Sale,407.8
1931,2024-09-10,5142,TVs,LG 43-inch UHD,1,6141.64,Credit Card,Jeddah,Sale,6141.64
1932,2024-01-01,5544,Cameras,GoPro Hero 11,2,4443.85,Debit Card,Makkah,Sale,8887.7
1933,2024-11-11,5210,Accessories,Laptop Stand,5,224.51,Apple Pay,Jeddah,Sale,1122.55
1934,2024-10-18,5091,Accessories,Bluetooth Headphones,3,93.52,Apple Pay,Dammam,Sale,280.56
1935,2024-11-09,5301,Cameras,Canon EOS 200D,5,1880.31,Apple Pay,Jeddah,Sale,9401.55
1936,2024-10-08,5367,Phones,Xiaomi Redmi Note 12,1,1564.37,Credit Card,Madinah,Sale,1564.37
1937,2024-01-16,5403,Phones,Xiaomi Redmi Note 12,-2,4700.05,Apple Pay,Madinah,Return,-9400.1
1938,2024-07-26,5216,Accessories,Laptop Stand,4,73.57,Apple Pay,Madinah,Sale,294.28
1939,2024-03-12,5427,Laptops,Lenovo ThinkPad E14,2,6247.36,Apple Pay,Dammam,Sale,12494.72
1940,2024-12-09,5073,Laptops,HP Pavilion 15,2,4281.36,Debit Card,Riyadh,Sale,8562.72
1941,2024-09-06,5140,Phones,Samsung Galaxy S23,4,3439.62,Debit Card,Riyadh,Sale,13758.48
1942,2024-12-22,5184,TVs,LG 43-inch UHD,5,5187.39,Apple Pay,Madinah,Sale,25936.95
1943,2024-08-05,5363,TVs,Sony 65-inch Bravia,5,6114.66,Apple Pay,Makkah,Sale,30573.3
1944,2024-08-05,5510,Laptops,Dell XPS 13,5,3841.74,Credit Card,Madinah,Sale,19208.699999999997
1945,2024-07-29,5038,Laptops,HP Pavilion 15,5,2571.47,Cash on Delivery,Riyadh,Sale,12857.349999999999
1946,2024-12-26,5493,Cameras,Nikon D3500,3,1392.79,Credit Card,Madinah,Sale,4178.37
1947,2024-09-26,5080,Phones,Samsung Galaxy S23,3,4650.07,Apple Pay,Madinah,Sale,13950.21
1948,2024-02-15,5700,Cameras,GoPro Hero 11,2,4046.0,Apple Pay,Riyadh,Sale,8092.0
1949,2024-06-08,5547,Cameras,GoPro Hero 11,5,3050.69,Credit Card,Dammam,Sale,15253.45
1950,2024-08-20,5751,Phones,Oppo Reno 8,5,3601.81,Apple Pay,Madinah,Sale,18009.05
1951,2024-06-29,5036,Accessories,Laptop Stand,3,276.06,Cash on Delivery,Jeddah,Sale,828.1800000000001
1952,2024-06-04,5644,Cameras,GoPro Hero 11,5,1531.34,Cash on Delivery,Riyadh,Sale,7656.7
1953,2024-03-27,5755,TVs,Sony 65-inch Bravia,5,6554.94,Credit Card,Dammam,Sale,32774.7
1954,2024-05-26,5517,Cameras,Canon EOS 200D,4,2407.57,Credit Card,Jeddah,Sale,9630.28
1955,2024-05-09,5263,Phones,Xiaomi Redmi Note 12,2,2840.98,Cash on Delivery,Dammam,Sale,5681.96
1956,2024-11-05,5378,Phones,iPhone 14,2,3316.21,Debit Card,Makkah,Sale,6632.42
1957,2024-12-24,Guest,Laptops,HP Pavilion 15,2,2805.28,Apple Pay,Jeddah,Sale,5610.56
1958,2024-02-13,5770,Phones,Xiaomi Redmi Note 12,2,2081.99,Debit Card,Makkah,Sale,4163.98
1959,2024-05-01,5591,TVs,LG 43-inch UHD,4,5637.77,Debit Card,Jeddah,Sale,22551.08
1960,2024-11-24,5171,Accessories,Wireless Mouse,3,60.64,Credit Card,Riyadh,Sale,181.92000000000002
1961,2024-08-31,5239,TVs,LG 43-inch UHD,3,4936.39,Apple Pay,Madinah,Sale,14809.170000000002
1962,2024-12-27,5148,TVs,Sony 65-inch Bravia,4,3075.82,Apple Pay,Dammam,Sale,12303.28
1963,2024-01-07,5694,Cameras,Nikon D3500,3,2301.46,Apple Pay,Makkah,Sale,6904.38
1964,2024-02-19,5625,Accessories,Wireless Mouse,5,136.82,Cash on Delivery,Makkah,Sale,684.0999999999999
1965,2024-05-18,5670,Accessories,Bluetooth Headphones,-3,161.6,Credit Card,Dammam,Return,-484.79999999999995
1966,2024-08-24,5345,Cameras,Nikon D3500,-2,3488.57,Debit Card,Madinah,Return,-6977.14
1967,2024-10-07,5012,Laptops,HP Pavilion 15,1,4431.29,Credit Card,Riyadh,Sale,4431.29
1968,2024-09-25,5224,TVs,Samsung 55-inch QLED,1,4745.3,Apple Pay,Dammam,Sale,4745.3
1969,2024-04-08,5094,Accessories,Bluetooth Headphones,1,217.01,Credit Card,Madinah,Sale,217.01
1970,2024-11-02,5619,Phones,Samsung Galaxy S23,1,3822.85,Credit Card,Riyadh,Sale,3822.85
1971,2024-12-02,5712,Laptops,Lenovo ThinkPad E14,5,8589.39,Debit Card,Riyadh,Sale,42946.95
1972,2024-05-30,5283,Laptops,HP Pavilion 15,4,7261.72,Credit Card,Makkah,Sale,29046.88
1973,2024-12-07,5799,TVs,Sony 65-inch Bravia,3,2917.69,Cash on Delivery,Jeddah,Sale,8753.07
1974,2024-02-01,5061,Phones,Xiaomi Redmi Note 12,4,1609.14,Apple Pay,Dammam,Sale,6436.56
1975,2024-04-01,5205,Accessories,Bluetooth Headphones,4,127.04,Credit Card,Makkah,Sale,508.16
1976,2024-04-01,5553,Cameras,Nikon D3500,4,3042.28,Credit Card,Not Specified,Sale,12169.12
1977,2024-11-10,5105,TVs,Samsung 55-inch QLED,1,2067.41,Apple Pay,Dammam,Sale,2067.41
1978,2024-02-06,5019,Phones,iPhone 14,5,3237.28,Cash on Delivery,Makkah,Sale,16186.400000000001
1979,2024-11-30,5272,TVs,Samsung 55-inch QLED,1,4903.58,Credit Card,Makkah,Sale,4903.58
1980,2024-07-19,5724,Laptops,HP Pavilion 15,5,4672.59,Credit Card,Madinah,Sale,23362.95
1981,2024-08-11,5231,TVs,LG 43-inch UHD,4,5808.74,Credit Card,Madinah,Sale,23234.96
1982,2024-12-18,5548,Phones,Oppo Reno 8,4,1873.09,Credit Card,Madinah,Sale,7492.36
1983,2024-12-15,5647,Accessories,Bluetooth Headphones,3,57.8,Apple Pay,Riyadh,Sale,173.39999999999998
1984,2024-09-30,5778,Phones,Xiaomi Redmi Note 12,3,4048.66,Credit Card,Makkah,Sale,12145.98
1985,2024-03-31,5676,Accessories,USB-C Cable,5,213.33,Credit Card,Makkah,Sale,1066.65
1986,2024-12-22,5498,Laptops,HP Pavilion 15,4,6974.62,Credit Card,Dammam,Sale,27898.48
1987,2024-04-07,5025,Phones,Oppo Reno 8,2,3021.9,Credit Card,Jeddah,Sale,6043.8
1988,2024-09-07,5658,Cameras,Canon EOS 200D,4,1787.05,Credit Card,Madinah,Sale,7148.2
1989,2024-09-30,5347,Accessories,Laptop Stand,4,333.07,Credit Card,Riyadh,Sale,1332.28
1990,2024-01-22,5669,Phones,Xiaomi Redmi Note 12,4,4297.96,Credit Card,Jeddah,Sale,17191.84
1991,2024-12-13,5238,Cameras,Nikon D3500,5,3400.91,Debit Card,Madinah,Sale,17004.55
1992,2024-03-13,5633,Phones,iPhone 14,4,2452.51,Credit Card,Makkah,Sale,9810.04
1993,2024-12-25,Guest,Phones,Samsung Galaxy S23,2,3565.81,Credit Card,Jeddah,Sale,7131.62
1994,2024-02-19,5065,Phones,Xiaomi Redmi Note 12,4,2763.41,Debit Card,Madinah,Sale,11053.64
1995,2024-09-11,5207,Phones,iPhone 14,5,1820.54,Debit Card,Riyadh,Sale,9102.7
1996,2024-12-13,Guest,TVs,LG 43-inch UHD,4,6570.03,Cash on Delivery,Riyadh,Sale,26280.12
1997,2024-03-11,5607,Cameras,GoPro Hero 11,3,1392.55,Debit Card,Riyadh,Sale,4177.65
1998,2024-02-02,5775,Laptops,HP Pavilion 15,1,8676.54,Unknown,Jeddah,Sale,8676.54
1999,2024-12-22,5249,TVs,Samsung 55-inch QLED,-3,4119.23,Debit Card,Makkah,Return,-12357.689999999999
2000,2024-03-09,5016,Cameras,Canon EOS 200D,1,1566.48,Apple Pay,Jeddah,Sale,1566.48
2001,2024-01-04,5723,TVs,Samsung 55-inch QLED,1,4617.88,Debit Card,Riyadh,Sale,4617.88
2002,2024-08-01,5146,Cameras,Nikon D3500,4,4042.61,Debit Card,Jeddah,Sale,16170.44
2003,2024-07-29,5708,Accessories,Laptop Stand,2,217.01,Debit Card,Madinah,Sale,434.02
2004,2024-12-09,5356,Phones,Samsung Galaxy S23,5,4322.96,Credit Card,Dammam,Sale,21614.8
2005,2024-10-12,5542,TVs,Samsung 55-inch QLED,2,5225.67,Debit Card,Riyadh,Sale,10451.34
2006,2024-03-10,5788,Phones,Xiaomi Redmi Note 12,5,3922.97,Debit Card,Makkah,Sale,19614.85
2007,2024-01-28,5701,Laptops,HP Pavilion 15,2,8019.77,Credit Card,Jeddah,Sale,16039.54
2008,2024-03-31,5660,TVs,LG 43-inch UHD,2,3098.27,Credit Card,Not Specified,Sale,6196.54
2009,2024-04-17,5631,Accessories,Bluetooth Headphones,4,211.09,Cash on Delivery,Dammam,Sale,844.36
2010,2024-02-23,5029,TVs,Samsung 55-inch QLED,-1,2950.29,Debit Card,Jeddah,Return,-2950.29
2011,2024-02-29,5606,TVs,Sony 65-inch Bravia,1,6935.87,Debit Card,Makkah,Sale,6935.87
2012,2024-08-02,5797,Cameras,Nikon D3500,2,4298.61,Cash on Delivery,Jeddah,Sale,8597.22
2013,2024-04-26,5204,Phones,Xiaomi Redmi Note 12,1,1637.99,Debit Card,Makkah,Sale,1637.99
2014,2024-02-07,5446,TVs,Samsung 55-inch QLED,4,5468.99,Apple Pay,Riyadh,Sale,21875.96
2015,2024-08-11,5382,Laptops,Dell XPS 13,4,8514.11,Unknown,Makkah,Sale,34056.44
2016,2024-04-09,5343,Laptops,Lenovo ThinkPad E14,3,3673.74,Cash on Delivery,Jeddah,Sale,11021.22
2017,2024-12-20,5139,Laptops,MacBook Air M2,5,6191.64,Credit Card,Dammam,Sale,30958.2
2018,2024-08-22,5225,Phones,Oppo Reno 8,4,4704.21,Debit Card,Dammam,Sale,18816.84
2019,2024-11-22,5566,Accessories,USB-C Cable,5,42.56,Debit Card,Madinah,Sale,212.8
2020,2024-07-29,5605,Laptops,MacBook Air M2,5,7033.23,Apple Pay,Jeddah,Sale,35166.149999999994
2021,2024-05-22,5253,TVs,LG 43-inch UHD,1,3346.21,Apple Pay,Jeddah,Sale,3346.21
2022,2024-10-23,5005,Accessories,Laptop Stand,2,372.03,Debit Card,Madinah,Sale,744.06
2023,2024-01-21,5543,TVs,Samsung 55-inch QLED,4,6849.5,Credit Card,Makkah,Sale,27398.0
2024,2024-12-22,5246,TVs,LG 43-inch UHD,1,6710.19,Apple Pay,Makkah,Sale,6710.19
2025,2024-12-20,5367,Phones,iPhone 14,4,3159.75,Debit Card,Jeddah,Sale,12639.0
2026,2024-11-27,5685,Accessories,USB-C Cable,1,348.96,Credit Card,Makkah,Sale,348.96
2027,2024-12-26,5474,Accessories,USB-C Cable,4,342.48,Credit Card,Makkah,Sale,1369.92
2028,2024-04-04,5642,Laptops,Lenovo ThinkPad E14,3,4574.15,Apple Pay,Riyadh,Sale,13722.449999999999
2029,2024-12-19,5436,Phones,Oppo Reno 8,3,4401.2,Credit Card,Dammam,Sale,13203.599999999999
2030,2024-12-16,5527,Accessories,USB-C Cable,1,43.69,Cash on Delivery,Riyadh,Sale,43.69
2031,2024-02-26,5633,Accessories,Wireless Mouse,4,250.62,Cash on Delivery,Not Specified,Sale,1002.48
2032,2024-07-06,5726,Phones,Xiaomi Redmi Note 12,2,2305.03,Credit Card,Madinah,Sale,4610.06
2033,2024-06-20,5755,Laptops,Dell XPS 13,2,3283.68,Credit Card,Makkah,Sale,6567.36
2034,2024-04-17,Guest,Cameras,GoPro Hero 11,2,1177.03,Cash on Delivery,Dammam,Sale,2354.06
2035,2024-08-04,5381,Cameras,GoPro Hero 11,3,3406.64,Credit Card,Riyadh,Sale,10219.92
2036,2024-05-09,5726,Accessories,Laptop Stand,-5,155.75,Credit Card,Makkah,Return,-778.75
2037,2024-09-29,5376,Cameras,GoPro Hero 11,3,3509.16,Apple Pay,Madinah,Sale,10527.48
2038,2024-08-22,Guest,Phones,Samsung Galaxy S23,1,1728.75,Credit Card,Makkah,Sale,1728.75
2039,2024-02-25,5713,Accessories,Wireless Mouse,2,146.66,Cash on Delivery,Riyadh,Sale,293.32
2040,2024-03-18,5426,Laptops,Lenovo ThinkPad E14,-2,6006.69,Credit Card,Dammam,Return,-12013.38
2041,2024-08-30,5755,Cameras,Canon EOS 200D,3,3746.6,Unknown,Makkah,Sale,11239.8
2042,2024-04-06,5532,Phones,Xiaomi Redmi Note 12,1,2615.63,Credit Card,Jeddah,Sale,2615.63
2043,2024-10-23,5607,Accessories,Laptop Stand,3,261.58,Cash on Delivery,Makkah,Sale,784.74
2044,2024-08-15,5135,Cameras,GoPro Hero 11,4,4089.52,Cash on Delivery,Madinah,Sale,16358.08
2045,2024-05-13,5295,Accessories,USB-C Cable,2,257.87,Apple Pay,Dammam,Sale,515.74
2046,2024-06-29,5633,Phones,Samsung Galaxy S23,3,2315.36,Apple Pay,Jeddah,Sale,6946.08
2047,2024-03-04,Guest,Laptops,HP Pavilion 15,2,2658.61,Debit Card,Not Specified,Sale,5317.22
2048,2024-06-11,5266,Phones,iPhone 14,-5,4545.35,Debit Card,Makkah,Return,-22726.75
2049,2024-04-15,5352,Accessories,USB-C Cable,5,37.87,Credit Card,Dammam,Sale,189.35
2050,2024-08-17,Guest,Laptops,HP Pavilion 15,5,8185.56,Debit Card,Madinah,Sale,40927.8
2051,2024-07-26,5327,Phones,iPhone 14,4,3351.28,Debit Card,Makkah,Sale,13405.12
2052,2024-10-06,5485,Laptops,MacBook Air M2,5,8603.94,Cash on Delivery,Not Specified,Sale,43019.700000000004
2053,2024-10-16,5749,Accessories,USB-C Cable,4,325.55,Cash on Delivery,Riyadh,Sale,1302.2
2054,2024-03-12,5025,TVs,Samsung 55-inch QLED,5,6989.26,Credit Card,Dammam,Sale,34946.3
2055,2024-04-22,5334,TVs,Sony 65-inch Bravia,4,3623.7,Cash on Delivery,Riyadh,Sale,14494.8
2056,2024-10-25,5200,Phones,Samsung Galaxy S23,-5,4185.16,Debit Card,Dammam,Return,-20925.8
2057,2024-10-02,5403,Phones,iPhone 14,4,2906.76,Credit Card,Madinah,Sale,11627.04
2058,2024-06-11,5407,Laptops,Lenovo ThinkPad E14,5,5619.19,Credit Card,Dammam,Sale,28095.949999999997
2059,2024-07-08,5291,Laptops,Lenovo ThinkPad E14,4,6578.79,Cash on Delivery,Riyadh,Sale,26315.16
2060,2024-06-06,5745,Accessories,Bluetooth Headphones,4,353.26,Credit Card,Jeddah,Sale,1413.04
2061,2024-07-31,5745,TVs,Sony 65-inch Bravia,4,6917.23,Unknown,Jeddah,Sale,27668.92
2062,2024-07-31,5212,TVs,Sony 65-inch Bravia,2,5795.02,Credit Card,Jeddah,Sale,11590.04
2063,2024-09-25,5774,Accessories,Laptop Stand,3,184.57,Credit Card,Madinah,Sale,553.71
2064,2024-01-04,5179,TVs,Samsung 55-inch QLED,4,3991.06,Cash on Delivery,Makkah,Sale,15964.24
2065,2024-12-29,5190,Cameras,Nikon D3500,5,3555.3,Debit Card,Jeddah,Sale,17776.5
2066,2024-10-10,5599,TVs,LG 43-inch UHD,4,3041.64,Credit Card,Dammam,Sale,12166.56
2067,2024-10-13,5002,Accessories,Laptop Stand,4,70.88,Debit Card,Riyadh,Sale,283.52
2068,2024-06-02,5427,Laptops,HP Pavilion 15,4,4805.04,Credit Card,Dammam,Sale,19220.16
2069,2024-12-18,5783,Laptops,Lenovo ThinkPad E14,2,4367.05,Credit Card,Riyadh,Sale,8734.1
2070,2024-02-04,5492,Accessories,Laptop Stand,5,139.63,Cash on Delivery,Madinah,Sale,698.15
2071,2024-05-12,5524,Cameras,Nikon D3500,4,1740.99,Credit Card,Dammam,Sale,6963.96
2072,2024-05-12,5327,Cameras,Canon EOS 200D,2,1051.54,Credit Card,Jeddah,Sale,2103.08
2073,2024-03-10,5279,TVs,Sony 65-inch Bravia,3,1892.94,Debit Card,Riyadh,Sale,5678.82
2074,2024-11-21,5298,Accessories,Laptop Stand,3,395.46,Credit Card,Dammam,Sale,1186.3799999999999
2075,2024-02-09,5783,Cameras,GoPro Hero 11,5,2439.98,Debit Card,Jeddah,Sale,12199.9
2076,2024-10-05,5277,Phones,Samsung Galaxy S23,3,2845.14,Cash on Delivery,Dammam,Sale,8535.42
2077,2024-09-30,5013,Accessories,Wireless Mouse,5,281.47,Cash on Delivery,Jeddah,Sale,1407.3500000000001
2078,2024-07-09,Guest,Laptops,HP Pavilion 15,4,3918.65,Apple Pay,Dammam,Sale,15674.6
2079,2024-03-20,5572,Phones,Samsung Galaxy S23,5,4824.86,Debit Card,Jeddah,Sale,24124.3
2080,2024-09-26,5471,Cameras,GoPro Hero 11,5,3730.84,Credit Card,Makkah,Sale,18654.2
2081,2024-03-08,5319,Phones,iPhone 14,1,1812.94,Apple Pay,Dammam,Sale,1812.94
2082,2024-08-14,5726,Accessories,USB-C Cable,5,184.5,Cash on Delivery,Jeddah,Sale,922.5
2083,2024-03-01,5704,Accessories,Wireless Mouse,2,355.27,Debit Card,Jeddah,Sale,710.54
2084,2024-03-05,5435,Laptops,HP Pavilion 15,2,8640.76,Debit Card,Riyadh,Sale,17281.52
2085,2024-01-10,5201,Phones,iPhone 14,4,3135.91,Apple Pay,Riyadh,Sale,12543.64
2086,2024-12-03,5121,Phones,iPhone 14,5,3646.94,Credit Card,Makkah,Sale,18234.7
2087,2024-02-03,Guest,Accessories,Wireless Mouse,3,91.8,Credit Card,Riyadh,Sale,275.4
2088,2024-10-27,5029,Cameras,Canon EOS 200D,2,4468.21,Debit Card,Dammam,Sale,8936.42
2089,2024-05-22,5164,Phones,Samsung Galaxy S23,5,2310.85,Cash on Delivery,Dammam,Sale,11554.25
2090,2024-11-09,5592,Cameras,GoPro Hero 11,2,4293.83,Credit Card,Riyadh,Sale,8587.66
2091,2024-04-08,5004,Phones,Samsung Galaxy S23,3,3773.76,Debit Card,Madinah,Sale,11321.28
2092,2024-09-15,5189,Phones,Samsung Galaxy S23,4,3627.08,Cash on Delivery,Madinah,Sale,14508.32
2093,2024-02-24,Guest,TVs,Sony 65-inch Bravia,2,4465.98,Cash on Delivery,Makkah,Sale,8931.96
2094,2024-07-27,5477,Laptops,Dell XPS 13,1,3999.35,Cash on Delivery,Riyadh,Sale,3999.35
2095,2024-09-10,5739,Phones,Samsung Galaxy S23,3,2117.85,Cash on Delivery,Madinah,Sale,6353.549999999999
2096,2024-06-16,5290,Phones,iPhone 14,4,2271.7,Credit Card,Makkah,Sale,9086.8
2097,2024-06-08,5417,TVs,Sony 65-inch Bravia,4,2769.48,Debit Card,Madinah,Sale,11077.92
2098,2024-04-06,Guest,Accessories,Laptop Stand,1,318.45,Apple Pay,Dammam,Sale,318.45
2099,2024-12-10,5535,Phones,Oppo Reno 8,1,2725.44,Apple Pay,Makkah,Sale,2725.44
2100,2024-03-14,5104,Phones,iPhone 14,4,1702.45,Apple Pay,Madinah,Sale,6809.8
2101,2024-07-05,5609,Laptops,MacBook Air M2,2,8799.17,Cash on Delivery,Jeddah,Sale,17598.34
2102,2024-04-29,5783,TVs,Samsung 55-inch QLED,-4,6395.69,Apple Pay,Dammam,Return,-25582.76
2103,2024-05-19,5682,Cameras,GoPro Hero 11,4,4239.91,Cash on Delivery,Makkah,Sale,16959.64
2104,2024-09-05,5786,Cameras,Nikon D3500,5,4481.67,Cash on Delivery,Jeddah,Sale,22408.35
2105,2024-03-03,5236,TVs,Samsung 55-inch QLED,3,2704.26,Apple Pay,Not Specified,Sale,8112.780000000001
2106,2024-02-20,5694,Laptops,MacBook Air M2,1,5075.57,Credit Card,Makkah,Sale,5075.57
2107,2024-07-14,5310,Phones,Samsung Galaxy S23,5,4153.83,Cash on Delivery,Jeddah,Sale,20769.15
2108,2024-02-19,5206,Cameras,GoPro Hero 11,1,3405.67,Apple Pay,Makkah,Sale,3405.67
2109,2024-09-08,5351,Accessories,Laptop Stand,5,86.94,Cash on Delivery,Not Specified,Sale,434.7
2110,2024-01-10,5392,Cameras,GoPro Hero 11,1,3837.0,Apple Pay,Riyadh,Sale,3837.0
2111,2024-07-11,5033,TVs,LG 43-inch UHD,4,2967.09,Apple Pay,Riyadh,Sale,11868.36
2112,2024-12-27,5137,Laptops,HP Pavilion 15,2,3954.81,Apple Pay,Makkah,Sale,7909.62
2113,2024-09-06,5701,Accessories,Laptop Stand,1,228.68,Apple Pay,Madinah,Sale,228.68
2114,2024-08-28,5057,Cameras,GoPro Hero 11,4,3034.58,Debit Card,Madinah,Sale,12138.32
2115,2024-09-10,5692,TVs,LG 43-inch UHD,5,4816.45,Apple Pay,Madinah,Sale,24082.25
2116,2024-06-13,5046,Accessories,Bluetooth Headphones,-1,63.85,Credit Card,Madinah,Return,-63.85
2117,2024-06-27,5389,Laptops,HP Pavilion 15,5,8203.5,Credit Card,Dammam,Sale,41017.5
2118,2024-06-25,5057,Phones,Oppo Reno 8,3,2429.6,Apple Pay,Dammam,Sale,7288.799999999999
2119,2024-04-30,5312,Laptops,Dell XPS 13,3,3341.85,Credit Card,Riyadh,Sale,10025.55
2120,2024-03-27,5471,Phones,Xiaomi Redmi Note 12,1,4610.62,Cash on Delivery,Riyadh,Sale,4610.62
2121,2024-09-20,5712,TVs,Sony 65-inch Bravia,-4,6769.39,Cash on Delivery,Riyadh,Return,-27077.56
2122,2024-01-12,5399,TVs,Sony 65-inch Bravia,3,6283.06,Apple Pay,Madinah,Sale,18849.18
2123,2024-09-07,5508,Accessories,Wireless Mouse,1,329.52,Debit Card,Dammam,Sale,329.52
2124,2024-06-22,5446,Cameras,GoPro Hero 11,2,3258.87,Cash on Delivery,Dammam,Sale,6517.74
2125,2024-11-21,5271,Laptops,Lenovo ThinkPad E14,1,6080.57,Debit Card,Dammam,Sale,6080.57
2126,2024-10-20,5760,Phones,Xiaomi Redmi Note 12,4,1804.45,Debit Card,Madinah,Sale,7217.8
2127,2024-10-30,5580,Phones,iPhone 14,3,2929.59,Unknown,Riyadh,Sale,8788.77
2128,2024-08-06,5667,Cameras,Nikon D3500,2,2241.68,Cash on Delivery,Riyadh,Sale,4483.36
2129,2024-08-09,5424,Accessories,Bluetooth Headphones,5,126.11,Cash on Delivery,Jeddah,Sale,630.55
2130,2024-11-15,5184,TVs,LG 43-inch UHD,5,5561.78,Apple Pay,Madinah,Sale,27808.899999999998
2131,2024-10-22,Guest,Phones,Samsung Galaxy S23,4,3235.57,Debit Card,Makkah,Sale,12942.28
2132,2024-08-10,5205,Cameras,GoPro Hero 11,5,1191.77,Credit Card,Madinah,Sale,5958.85
2133,2024-03-16,5445,Accessories,Laptop Stand,2,111.47,Debit Card,Dammam,Sale,222.94
2134,2024-02-02,5293,TVs,LG 43-inch UHD,2,5352.95,Apple Pay,Dammam,Sale,10705.9
2135,2024-12-17,Guest,Laptops,HP Pavilion 15,5,5873.17,Debit Card,Makkah,Sale,29365.85
2136,2024-04-08,5475,Phones,Samsung Galaxy S23,1,4479.22,Debit Card,Dammam,Sale,4479.22
2137,2024-08-11,5163,TVs,Sony 65-inch Bravia,4,4374.76,Credit Card,Jeddah,Sale,17499.04
2138,2024-01-15,5180,Accessories,USB-C Cable,3,207.82,Cash on Delivery,Madinah,Sale,623.46
2139,2024-01-11,5616,Phones,Oppo Reno 8,1,3573.43,Credit Card,Dammam,Sale,3573.43
2140,2024-07-27,5741,Accessories,Wireless Mouse,3,335.13,Credit Card,Makkah,Sale,1005.39
2141,2024-02-27,5680,Laptops,Dell XPS 13,5,4760.76,Credit Card,Madinah,Sale,23803.800000000003
2142,2024-05-08,5614,Cameras,GoPro Hero 11,4,3340.86,Credit Card,Not Specified,Sale,13363.44
2143,2024-06-17,5433,Phones,Xiaomi Redmi Note 12,5,3480.06,Apple Pay,Jeddah,Sale,17400.3
2144,2024-02-24,5450,Laptops,Dell XPS 13,2,4235.68,Debit Card,Dammam,Sale,8471.36
2145,2024-10-28,5383,TVs,LG 43-inch UHD,1,6368.88,Apple Pay,Madinah,Sale,6368.88
2146,2024-10-06,5284,Phones,Xiaomi Redmi Note 12,4,4290.99,Apple Pay,Jeddah,Sale,17163.96
2147,2024-08-31,5660,Laptops,HP Pavilion 15,3,6779.94,Cash on Delivery,Riyadh,Sale,20339.82
2148,2024-12-05,5565,Cameras,Canon EOS 200D,1,3962.09,Debit Card,Dammam,Sale,3962.09
2149,2024-11-23,5242,TVs,LG 43-inch UHD,-3,6309.93,Credit Card,Madinah,Return,-18929.79
2150,2024-01-05,5092,TVs,LG 43-inch UHD,4,5483.49,Unknown,Dammam,Sale,21933.96
2151,2024-04-17,5785,Laptops,HP Pavilion 15,2,7940.59,Apple Pay,Not Specified,Sale,15881.18
2152,2024-05-20,5754,TVs,Samsung 55-inch QLED,1,5426.85,Apple Pay,Makkah,Sale,5426.85
2153,2024-08-04,5518,TVs,LG 43-inch UHD,1,5336.73,Debit Card,Dammam,Sale,5336.73
2154,2024-08-03,5711,Phones,Xiaomi Redmi Note 12,5,3665.14,Cash on Delivery,Makkah,Sale,18325.7
2155,2024-11-24,5003,Phones,iPhone 14,2,4134.51,Apple Pay,Jeddah,Sale,8269.02
2156,2024-11-17,5084,TVs,Samsung 55-inch QLED,3,2624.75,Cash on Delivery,Madinah,Sale,7874.25
2157,2024-07-05,5702,Phones,Samsung Galaxy S23,5,4583.05,Debit Card,Not Specified,Sale,22915.25
2158,2024-08-19,5177,TVs,LG 43-inch UHD,4,6333.59,Debit Card,Dammam,Sale,25334.36
2159,2024-05-24,5376,Cameras,Nikon D3500,2,1005.29,Credit Card,Makkah,Sale,2010.58
2160,2024-07-12,5023,Laptops,Lenovo ThinkPad E14,5,7867.81,Debit Card,Riyadh,Sale,39339.05
2161,2024-11-09,5203,Cameras,GoPro Hero 11,2,1363.93,Credit Card,Makkah,Sale,2727.86
2162,2024-01-26,5266,Accessories,USB-C Cable,4,153.99,Apple Pay,Madinah,Sale,615.96
2163,2024-07-07,5735,Laptops,MacBook Air M2,2,7332.8,Credit Card,Riyadh,Sale,14665.6
2164,2024-08-20,Guest,Cameras,Nikon D3500,4,1478.74,Credit Card,Jeddah,Sale,5914.96
2165,2024-05-16,5133,Laptops,Dell XPS 13,3,7816.79,Apple Pay,Makkah,Sale,23450.37
2166,2024-11-03,5428,TVs,Samsung 55-inch QLED,2,6127.1,Cash on Delivery,Jeddah,Sale,12254.2
2167,2024-03-15,5241,Laptops,Lenovo ThinkPad E14,1,5798.54,Cash on Delivery,Dammam,Sale,5798.54
2168,2024-05-07,5010,Cameras,Nikon D3500,3,922.99,Apple Pay,Riyadh,Sale,2768.9700000000003
2169,2024-06-14,Guest,TVs,Samsung 55-inch QLED,-4,3292.6,Debit Card,Makkah,Return,-13170.4
2170,2024-11-01,5570,TVs,Sony 65-inch Bravia,3,5008.02,Credit Card,Riyadh,Sale,15024.060000000001
2171,2024-06-19,5620,Phones,iPhone 14,2,4934.15,Apple Pay,Dammam,Sale,9868.3
2172,2024-01-24,5634,Cameras,GoPro Hero 11,1,3174.53,Cash on Delivery,Madinah,Sale,3174.53
2173,2024-07-21,5042,TVs,LG 43-inch UHD,3,3150.98,Debit Card,Madinah,Sale,9452.94
2174,2024-05-13,5479,Cameras,Canon EOS 200D,2,3182.42,Apple Pay,Dammam,Sale,6364.84
2175,2024-06-11,5266,Laptops,MacBook Air M2,5,6009.9,Apple Pay,Jeddah,Sale,30049.5
2176,2024-01-23,5765,Phones,Xiaomi Redmi Note 12,2,4229.46,Apple Pay,Dammam,Sale,8458.92
2177,2024-05-24,5320,Accessories,Laptop Stand,3,69.58,Cash on Delivery,Madinah,Sale,208.74
2178,2024-10-06,5673,TVs,Samsung 55-inch QLED,4,5757.35,Debit Card,Madinah,Sale,23029.4
2179,2024-04-06,5187,TVs,Samsung 55-inch QLED,2,4614.59,Credit Card,Jeddah,Sale,9229.18
2180,2024-05-13,5118,Phones,Oppo Reno 8,2,4870.47,Apple Pay,Makkah,Sale,9740.94
2181,2024-08-14,5504,TVs,Samsung 55-inch QLED,3,3577.74,Apple Pay,Makkah,Sale,10733.22
2182,2024-03-04,5290,Phones,Samsung Galaxy S23,-3,3714.18,Unknown,Jeddah,Return,-11142.539999999999
2183,2024-09-17,5004,Laptops,Dell XPS 13,3,5873.17,Debit Card,Madinah,Sale,17619.510000000002
2184,2024-04-02,5786,Cameras,GoPro Hero 11,4,1269.04,Credit Card,Jeddah,Sale,5076.16
2185,2024-02-18,5697,TVs,Sony 65-inch Bravia,3,6673.59,Credit Card,Dammam,Sale,20020.77
2186,2024-10-07,5157,Phones,Oppo Reno 8,-5,3907.6,Credit Card,Dammam,Return,-19538.0
2187,2024-08-23,5608,Phones,iPhone 14,4,1737.43,Apple Pay,Dammam,Sale,6949.72
2188,2024-01-23,5749,Phones,Xiaomi Redmi Note 12,5,2553.37,Apple Pay,Not Specified,Sale,12766.849999999999
2189,2024-04-18,5056,Cameras,Canon EOS 200D,1,3449.42,Cash on Delivery,Dammam,Sale,3449.42
2190,2024-02-17,5245,Phones,Oppo Reno 8,4,1735.73,Cash on Delivery,Jeddah,Sale,6942.92
2191,2024-01-11,5798,TVs,Samsung 55-inch QLED,2,4827.29,Debit Card,Makkah,Sale,9654.58
2192,2024-11-27,5502,TVs,LG 43-inch UHD,2,3598.59,Credit Card,Dammam,Sale,7197.18
2193,2024-06-07,5681,TVs,Sony 65-inch Bravia,5,5028.76,Debit Card,Dammam,Sale,25143.800000000003
2194,2024-09-19,5397,Phones,Xiaomi Redmi Note 12,2,1660.1,Apple Pay,Makkah,Sale,3320.2
2195,2024-10-15,5774,TVs,LG 43-inch UHD,5,6331.99,Apple Pay,Riyadh,Sale,31659.949999999997
2196,2024-11-10,5095,TVs,LG 43-inch UHD,2,6862.14,Apple Pay,Makkah,Sale,13724.28
2197,2024-08-25,5539,Phones,Xiaomi Redmi Note 12,2,4891.07,Debit Card,Makkah,Sale,9782.14
2198,2024-05-28,5489,Cameras,Canon EOS 200D,4,3598.75,Apple Pay,Riyadh,Sale,14395.0
2199,2024-03-06,5437,Accessories,USB-C Cable,3,78.13,Debit Card,Madinah,Sale,234.39
2200,2024-10-09,5110,Accessories,Wireless Mouse,1,310.56,Credit Card,Madinah,Sale,310.56
2201,2024-07-30,5259,Cameras,Nikon D3500,1,988.51,Apple Pay,Madinah,Sale,988.51
2202,2024-10-26,5758,Accessories,Bluetooth Headphones,1,38.19,Credit Card,Riyadh,Sale,38.19
2203,2024-04-03,5426,TVs,Samsung 55-inch QLED,4,3482.77,Credit Card,Riyadh,Sale,13931.08
2204,2024-10-27,5271,Accessories,Bluetooth Headphones,4,210.8,Apple Pay,Madinah,Sale,843.2
2205,2024-04-18,5265,Accessories,USB-C Cable,2,315.05,Credit Card,Madinah,Sale,630.1
2206,2024-09-30,5119,Phones,Oppo Reno 8,1,3891.53,Credit Card,Makkah,Sale,3891.53
2207,2024-12-01,5673,Phones,Samsung Galaxy S23,4,3060.66,Apple Pay,Makkah,Sale,12242.64
2208,2024-09-06,5309,Cameras,GoPro Hero 11,3,1885.06,Cash on Delivery,Makkah,Sale,5655.18
2209,2024-03-10,5016,Phones,Samsung Galaxy S23,1,3321.1949999999997,Debit Card,Riyadh,Sale,3321.1949999999997
2210,2024-04-17,5446,Laptops,MacBook Air M2,4,5270.18,Debit Card,Jeddah,Sale,21080.72
2211,2024-02-14,5485,Cameras,Canon EOS 200D,3,2524.99,Apple Pay,Jeddah,Sale,7574.969999999999
2212,2024-02-29,5496,TVs,Samsung 55-inch QLED,2,2650.84,Debit Card,Makkah,Sale,5301.68
2213,2024-08-18,5301,TVs,Samsung 55-inch QLED,-5,5933.01,Debit Card,Jeddah,Return,-29665.050000000003
2214,2024-01-27,5645,Cameras,Nikon D3500,3,3397.26,Credit Card,Riyadh,Sale,10191.78
2215,2024-09-10,5499,TVs,LG 43-inch UHD,5,4407.88,Cash on Delivery,Riyadh,Sale,22039.4
2216,2024-09-19,5731,TVs,LG 43-inch UHD,5,2228.38,Apple Pay,Jeddah,Sale,11141.900000000001
2217,2024-08-04,5065,Phones,iPhone 14,5,3881.75,Cash on Delivery,Madinah,Sale,19408.75
2218,2024-08-30,5661,Accessories,Laptop Stand,1,272.17,Unknown,Madinah,Sale,272.17
2219,2024-12-23,5294,Accessories,Laptop Stand,4,131.11,Credit Card,Jeddah,Sale,524.44
2220,2024-06-25,5224,Laptops,Lenovo ThinkPad E14,4,8680.61,Debit Card,Madinah,Sale,34722.44
2221,2024-06-22,Guest,Cameras,GoPro Hero 11,5,1443.81,Apple Pay,Jeddah,Sale,7219.049999999999
2222,2024-12-10,5636,TVs,LG 43-inch UHD,3,4048.14,Apple Pay,Jeddah,Sale,12144.42
2223,2024-12-19,5177,Laptops,HP Pavilion 15,1,8633.5,Apple Pay,Jeddah,Sale,8633.5
2224,2024-11-06,5505,Laptops,Dell XPS 13,4,5228.23,Credit Card,Makkah,Sale,20912.92
2225,2024-04-17,5367,Accessories,USB-C Cable,5,266.25,Credit Card,Riyadh,Sale,1331.25
2226,2024-12-12,5032,Accessories,Bluetooth Headphones,2,177.11,Debit Card,Madinah,Sale,354.22
2227,2024-08-08,5575,Phones,Xiaomi Redmi Note 12,1,2459.75,Debit Card,Riyadh,Sale,2459.75
2228,2024-05-12,5788,Laptops,Lenovo ThinkPad E14,3,8895.85,Cash on Delivery,Riyadh,Sale,26687.550000000003
2229,2024-03-18,5448,Cameras,Nikon D3500,5,2373.6,Credit Card,Riyadh,Sale,11868.0
2230,2024-02-24,5042,TVs,Samsung 55-inch QLED,5,6449.32,Credit Card,Madinah,Sale,32246.6
2231,2024-03-26,5160,Cameras,Canon EOS 200D,1,1727.84,Debit Card,Not Specified,Sale,1727.84
2232,2024-09-16,5662,Accessories,Laptop Stand,4,108.85,Credit Card,Jeddah,Sale,435.4
2233,2024-03-11,5425,Accessories,Bluetooth Headphones,1,41.52,Debit Card,Makkah,Sale,41.52
2234,2024-08-30,5175,Phones,Samsung Galaxy S23,3,3780.83,Cash on Delivery,Madinah,Sale,11342.49
2235,2024-07-09,5155,Phones,Xiaomi Redmi Note 12,-4,2789.84,Cash on Delivery,Jeddah,Return,-11159.36
2236,2024-04-26,5419,Cameras,Nikon D3500,2,4011.69,Apple Pay,Makkah,Sale,8023.38
2237,2024-12-15,5149,TVs,Sony 65-inch Bravia,3,4260.69,Credit Card,Makkah,Sale,12782.07
2238,2024-02-13,5790,Phones,iPhone 14,3,4888.68,Cash on Delivery,Makkah,Sale,14666.04
2239,2024-02-01,Guest,Laptops,Lenovo ThinkPad E14,4,3705.92,Credit Card,Jeddah,Sale,14823.68
2240,2024-08-02,5352,Phones,Xiaomi Redmi Note 12,4,4540.18,Cash on Delivery,Not Specified,Sale,18160.72
2241,2024-09-27,5456,Phones,Xiaomi Redmi Note 12,5,4218.09,Debit Card,Makkah,Sale,21090.45
2242,2024-12-23,5308,Laptops,Lenovo ThinkPad E14,3,7510.99,Apple Pay,Jeddah,Sale,22532.97
2243,2024-10-02,5532,Phones,iPhone 14,3,4456.74,Apple Pay,Jeddah,Sale,13370.22
2244,2024-04-19,5348,Cameras,Nikon D3500,1,3639.69,Cash on Delivery,Madinah,Sale,3639.69
2245,2024-01-15,5792,Laptops,MacBook Air M2,5,6570.43,Cash on Delivery,Jeddah,Sale,32852.15
2246,2024-09-15,5265,Accessories,Laptop Stand,1,78.56,Credit Card,Dammam,Sale,78.56
2247,2024-03-04,5305,Cameras,Nikon D3500,-1,1017.09,Credit Card,Makkah,Return,-1017.09
2248,2024-01-03,5763,Cameras,GoPro Hero 11,4,4215.05,Cash on Delivery,Jeddah,Sale,16860.2
2249,2024-12-31,5306,Cameras,GoPro Hero 11,5,3119.94,Debit Card,Dammam,Sale,15599.7
2250,2024-12-31,5335,Accessories,USB-C Cable,4,324.72,Debit Card,Riyadh,Sale,1298.88
2251,2024-04-08,5150,Cameras,GoPro Hero 11,3,2633.48,Apple Pay,Riyadh,Sale,7900.4400000000005
2252,2024-02-11,5133,TVs,LG 43-inch UHD,1,2410.0,Credit Card,Makkah,Sale,2410.0
2253,2024-08-16,5412,TVs,Samsung 55-inch QLED,1,2450.97,Cash on Delivery,Madinah,Sale,2450.97
2254,2024-09-22,5510,Cameras,GoPro Hero 11,4,3368.04,Cash on Delivery,Madinah,Sale,13472.16
2255,2024-12-18,5147,TVs,LG 43-inch UHD,4,4037.59,Apple Pay,Jeddah,Sale,16150.36
2256,2024-09-05,5541,Cameras,Canon EOS 200D,4,1621.89,Debit Card,Madinah,Sale,6487.56
2257,2024-08-21,5572,Phones,Samsung Galaxy S23,4,3220.58,Credit Card,Jeddah,Sale,12882.32
2258,2024-11-04,5378,Accessories,Wireless Mouse,4,53.76,Credit Card,Riyadh,Sale,215.04
2259,2024-01-21,5380,Cameras,Nikon D3500,5,2995.1,Debit Card,Riyadh,Sale,14975.5
2260,2024-06-04,5146,Accessories,Bluetooth Headphones,3,129.53,Unknown,Riyadh,Sale,388.59000000000003
2261,2024-01-25,5187,Laptops,Lenovo ThinkPad E14,3,7684.13,Cash on Delivery,Jeddah,Sale,23052.39
2262,2024-03-03,5045,TVs,Samsung 55-inch QLED,5,3413.88,Cash on Delivery,Riyadh,Sale,17069.4
2263,2024-10-20,5800,TVs,LG 43-inch UHD,3,4167.14,Apple Pay,Dammam,Sale,12501.420000000002
2264,2024-11-06,5651,TVs,LG 43-inch UHD,2,1860.43,Unknown,Madinah,Sale,3720.86
2265,2024-12-07,5091,TVs,LG 43-inch UHD,4,2176.72,Debit Card,Dammam,Sale,8706.88
2266,2024-11-15,5404,Cameras,GoPro Hero 11,-4,2312.98,Apple Pay,Jeddah,Return,-9251.92
2267,2024-12-09,5169,Accessories,Wireless Mouse,4,207.58,Cash on Delivery,Riyadh,Sale,830.32
2268,2024-10-14,Guest,Phones,Xiaomi Redmi Note 12,1,3600.07,Credit Card,Jeddah,Sale,3600.07
2269,2024-01-28,5514,Cameras,GoPro Hero 11,-5,1949.99,Debit Card,Makkah,Return,-9749.95
2270,2024-12-03,Guest,Phones,iPhone 14,5,3932.44,Debit Card,Riyadh,Sale,19662.2
2271,2024-12-27,5546,Laptops,Dell XPS 13,5,8090.8,Apple Pay,Riyadh,Sale,40454.0
2272,2024-07-24,5023,Cameras,Nikon D3500,5,3707.46,Credit Card,Makkah,Sale,18537.3
2273,2024-04-02,5324,Accessories,Laptop Stand,4,44.66,Credit Card,Madinah,Sale,178.64
2274,2024-02-16,5172,TVs,LG 43-inch UHD,1,4298.64,Credit Card,Madinah,Sale,4298.64
2275,2024-03-04,5314,Accessories,USB-C Cable,3,68.82,Credit Card,Jeddah,Sale,206.45999999999998
2276,2024-03-27,5027,TVs,Sony 65-inch Bravia,1,3058.63,Cash on Delivery,Jeddah,Sale,3058.63
2277,2024-07-18,5422,Phones,Xiaomi Redmi Note 12,1,4953.32,Cash on Delivery,Jeddah,Sale,4953.32
2278,2024-07-11,5245,Accessories,Bluetooth Headphones,-1,82.72,Credit Card,Jeddah,Return,-82.72
2279,2024-05-01,5275,Cameras,GoPro Hero 11,4,2696.0,Apple Pay,Riyadh,Sale,10784.0
2280,2024-08-25,5495,Phones,Xiaomi Redmi Note 12,5,3663.55,Apple Pay,Riyadh,Sale,18317.75
2281,2024-11-20,5567,Phones,Oppo Reno 8,2,3958.63,Credit Card,Dammam,Sale,7917.26
2282,2024-02-21,5581,Cameras,GoPro Hero 11,2,2914.74,Debit Card,Dammam,Sale,5829.48
2283,2024-02-12,5382,TVs,LG 43-inch UHD,5,1850.81,Debit Card,Jeddah,Sale,9254.05
2284,2024-05-05,5462,Cameras,Canon EOS 200D,5,2075.26,Apple Pay,Madinah,Sale,10376.300000000001
2285,2024-08-25,5000,Phones,iPhone 14,5,3311.99,Cash on Delivery,Jeddah,Sale,16559.949999999997
2286,2024-05-19,5359,Phones,Oppo Reno 8,5,1807.53,Cash on Delivery,Makkah,Sale,9037.65
2287,2024-01-24,5091,Laptops,HP Pavilion 15,2,4779.08,Credit Card,Dammam,Sale,9558.16
2288,2024-03-03,5215,TVs,Sony 65-inch Bravia,2,1972.66,Cash on Delivery,Makkah,Sale,3945.32
2289,2024-06-11,5279,Cameras,GoPro Hero 11,3,1182.88,Cash on Delivery,Makkah,Sale,3548.6400000000003
2290,2024-06-23,5336,Laptops,HP Pavilion 15,2,5080.0,Apple Pay,Madinah,Sale,10160.0
2291,2024-11-26,5009,Phones,Samsung Galaxy S23,1,1964.51,Apple Pay,Riyadh,Sale,1964.51
2292,2024-10-11,5083,Laptops,Lenovo ThinkPad E14,4,6189.02,Apple Pay,Madinah,Sale,24756.08
2293,2024-12-09,5385,Phones,iPhone 14,4,3913.13,Credit Card,Dammam,Sale,15652.52
2294,2024-07-17,5473,Cameras,Nikon D3500,2,3782.11,Credit Card,Riyadh,Sale,7564.22
2295,2024-08-15,5776,Accessories,USB-C Cable,1,104.06,Debit Card,Riyadh,Sale,104.06
2296,2024-04-08,5239,Accessories,Bluetooth Headphones,1,91.97,Unknown,Jeddah,Sale,91.97
2297,2024-01-19,5214,TVs,LG 43-inch UHD,3,2343.75,Apple Pay,Madinah,Sale,7031.25
2298,2024-11-22,5582,Phones,Samsung Galaxy S23,-4,3727.51,Credit Card,Dammam,Return,-14910.04
2299,2024-03-28,5688,Cameras,Nikon D3500,5,3443.31,Debit Card,Madinah,Sale,17216.55
2300,2024-03-30,5130,Cameras,GoPro Hero 11,1,1013.71,Debit Card,Riyadh,Sale,1013.71
2301,2024-09-24,Guest,Accessories,USB-C Cable,3,376.4,Debit Card,Riyadh,Sale,1129.1999999999998
2302,2024-05-09,5437,Cameras,GoPro Hero 11,5,1087.1,Apple Pay,Riyadh,Sale,5435.5
2303,2024-08-09,5696,Phones,Xiaomi Redmi Note 12,4,3394.54,Cash on Delivery,Riyadh,Sale,13578.16
2304,2024-09-10,5048,Cameras,Nikon D3500,3,3452.62,Credit Card,Jeddah,Sale,10357.86
2305,2024-09-29,5401,Accessories,Laptop Stand,4,352.26,Cash on Delivery,Riyadh,Sale,1409.04
2306,2024-02-11,5706,Laptops,HP Pavilion 15,5,7141.57,Credit Card,Jeddah,Sale,35707.85
2307,2024-05-07,5318,TVs,Samsung 55-inch QLED,2,5968.99,Debit Card,Dammam,Sale,11937.98
2308,2024-01-15,5606,Phones,iPhone 14,4,2688.08,Apple Pay,Riyadh,Sale,10752.32
2309,2024-05-06,5348,Accessories,Bluetooth Headphones,1,331.49,Apple Pay,Jeddah,Sale,331.49
2310,2024-09-23,5634,Phones,Xiaomi Redmi Note 12,2,1780.4,Credit Card,Madinah,Sale,3560.8
2311,2024-11-16,5062,TVs,Samsung 55-inch QLED,-4,6453.05,Credit Card,Riyadh,Return,-25812.2
2312,2024-06-09,5452,Phones,Oppo Reno 8,1,3416.57,Debit Card,Riyadh,Sale,3416.57
2313,2024-11-08,5693,Phones,Xiaomi Redmi Note 12,4,4360.54,Credit Card,Riyadh,Sale,17442.16
2314,2024-05-30,5632,Phones,iPhone 14,4,3083.11,Apple Pay,Not Specified,Sale,12332.44
2315,2024-11-02,5393,TVs,Samsung 55-inch QLED,5,5146.6,Credit Card,Makkah,Sale,25733.0
2316,2024-11-13,5666,TVs,LG 43-inch UHD,-5,4537.29,Credit Card,Dammam,Return,-22686.45
2317,2024-09-21,5105,Phones,Oppo Reno 8,3,4060.56,Debit Card,Riyadh,Sale,12181.68
2318,2024-10-30,5262,Phones,iPhone 14,2,1785.7,Debit Card,Madinah,Sale,3571.4
2319,2024-09-03,5248,Accessories,Laptop Stand,5,52.33,Apple Pay,Jeddah,Sale,261.65
2320,2024-01-31,5446,Laptops,MacBook Air M2,2,4106.17,Cash on Delivery,Madinah,Sale,8212.34
2321,2024-07-02,5480,Cameras,GoPro Hero 11,3,1474.36,Debit Card,Jeddah,Sale,4423.08
2322,2024-05-29,5600,Accessories,Bluetooth Headphones,3,352.56,Credit Card,Madinah,Sale,1057.68
2323,2024-01-05,5352,Laptops,MacBook Air M2,5,3924.89,Credit Card,Makkah,Sale,19624.45
2324,2024-11-23,5193,Laptops,Dell XPS 13,2,8843.12,Credit Card,Dammam,Sale,17686.24
2325,2024-12-20,5579,TVs,Sony 65-inch Bravia,4,3551.86,Cash on Delivery,Madinah,Sale,14207.44
2326,2024-08-02,5465,Accessories,Bluetooth Headphones,3,97.38,Debit Card,Riyadh,Sale,292.14
2327,2024-04-22,5477,Phones,Oppo Reno 8,-1,4263.94,Debit Card,Jeddah,Return,-4263.94
2328,2024-05-02,5210,Cameras,Canon EOS 200D,4,3271.35,Cash on Delivery,Makkah,Sale,13085.4
2329,2024-01-04,5366,TVs,Samsung 55-inch QLED,3,4390.62,Credit Card,Riyadh,Sale,13171.86
2330,2024-03-13,5646,Phones,iPhone 14,3,3443.77,Apple Pay,Jeddah,Sale,10331.31
2331,2024-01-23,5290,Cameras,Nikon D3500,1,3489.13,Debit Card,Jeddah,Sale,3489.13
2332,2024-05-14,5251,Laptops,Dell XPS 13,2,3984.96,Cash on Delivery,Madinah,Sale,7969.92
2333,2024-01-12,5021,Laptops,Dell XPS 13,2,8976.17,Cash on Delivery,Riyadh,Sale,17952.34
2334,2024-12-01,5312,Laptops,Lenovo ThinkPad E14,1,8836.16,Cash on Delivery,Jeddah,Sale,8836.16
2335,2024-08-07,5638,TVs,Samsung 55-inch QLED,3,5181.69,Debit Card,Madinah,Sale,15545.07
2336,2024-02-03,5194,TVs,Sony 65-inch Bravia,1,2837.62,Debit Card,Jeddah,Sale,2837.62
2337,2024-12-21,5439,Laptops,Lenovo ThinkPad E14,3,6921.48,Cash on Delivery,Madinah,Sale,20764.44
2338,2024-11-11,5301,Laptops,MacBook Air M2,5,2969.29,Debit Card,Madinah,Sale,14846.45
2339,2024-05-06,5520,Laptops,HP Pavilion 15,1,2699.24,Cash on Delivery,Jeddah,Sale,2699.24
2340,2024-04-17,5066,Cameras,Nikon D3500,-1,1827.66,Apple Pay,Madinah,Return,-1827.66
2341,2024-11-26,5531,Laptops,Lenovo ThinkPad E14,5,5507.05,Cash on Delivery,Makkah,Sale,27535.25
2342,2024-06-13,5485,TVs,Samsung 55-inch QLED,3,6315.02,Apple Pay,Makkah,Sale,18945.06
2343,2024-11-22,5224,Accessories,Laptop Stand,5,299.05,Credit Card,Not Specified,Sale,1495.25
2344,2024-04-30,5435,Laptops,Lenovo ThinkPad E14,4,7327.59,Debit Card,Dammam,Sale,29310.36
2345,2024-03-21,5086,TVs,Sony 65-inch Bravia,3,4012.57,Cash on Delivery,Madinah,Sale,12037.710000000001
2346,2024-05-31,5597,Laptops,MacBook Air M2,4,4748.58,Cash on Delivery,Jeddah,Sale,18994.32
2347,2024-09-19,5461,Phones,Oppo Reno 8,5,2798.64,Cash on Delivery,Makkah,Sale,13993.199999999999
2348,2024-07-28,5279,TVs,LG 43-inch UHD,3,6935.78,Apple Pay,Dammam,Sale,20807.34
2349,2024-04-01,5660,TVs,Samsung 55-inch QLED,4,2008.57,Debit Card,Dammam,Sale,8034.28
2350,2024-02-12,5233,Phones,Xiaomi Redmi Note 12,3,4534.61,Credit Card,Dammam,Sale,13603.829999999998
2351,2024-02-06,5205,Phones,iPhone 14,3,3525.36,Credit Card,Madinah,Sale,10576.08
2352,2024-12-11,5763,Accessories,USB-C Cable,3,192.29,Cash on Delivery,Dammam,Sale,576.87
2353,2024-12-27,5267,Accessories,USB-C Cable,5,298.35,Debit Card,Madinah,Sale,1491.75
2354,2024-05-24,5593,Phones,Xiaomi Redmi Note 12,3,3203.34,Unknown,Makkah,Sale,9610.02
2355,2024-11-30,5233,Phones,Oppo Reno 8,5,4556.98,Debit Card,Makkah,Sale,22784.899999999998
2356,2024-08-30,5348,Laptops,Dell XPS 13,-2,8354.56,Apple Pay,Makkah,Return,-16709.12
2357,2024-04-06,5449,Phones,Xiaomi Redmi Note 12,4,2976.02,Apple Pay,Jeddah,Sale,11904.08
2358,2024-01-16,5131,TVs,Sony 65-inch Bravia,3,3239.5,Debit Card,Madinah,Sale,9718.5
2359,2024-09-12,Guest,Accessories,Wireless Mouse,3,249.17,Cash on Delivery,Jeddah,Sale,747.51
2360,2024-07-25,5601,TVs,Sony 65-inch Bravia,5,6544.29,Cash on Delivery,Dammam,Sale,32721.45
2361,2024-03-12,5644,Phones,iPhone 14,2,3321.1949999999997,Cash on Delivery,Madinah,Sale,6642.389999999999
2362,2024-10-20,5400,Cameras,GoPro Hero 11,4,3142.68,Apple Pay,Jeddah,Sale,12570.72
2363,2024-04-06,5583,Phones,Oppo Reno 8,-4,3710.46,Credit Card,Dammam,Return,-14841.84
2364,2024-06-04,5691,TVs,Sony 65-inch Bravia,1,5612.19,Debit Card,Riyadh,Sale,5612.19
2365,2024-01-17,5191,Cameras,Canon EOS 200D,5,1373.64,Apple Pay,Riyadh,Sale,6868.200000000001
2366,2024-07-16,5298,Laptops,MacBook Air M2,3,7152.86,Debit Card,Jeddah,Sale,21458.579999999998
2367,2024-08-20,5011,Cameras,Canon EOS 200D,1,4172.52,Cash on Delivery,Madinah,Sale,4172.52
2368,2024-07-29,5132,Laptops,HP Pavilion 15,4,3667.94,Debit Card,Riyadh,Sale,14671.76
2369,2024-09-01,5133,Cameras,Nikon D3500,1,1755.16,Apple Pay,Jeddah,Sale,1755.16
2370,2024-08-09,5588,Laptops,HP Pavilion 15,4,8814.07,Debit Card,Not Specified,Sale,35256.28
2371,2024-09-14,5007,Accessories,USB-C Cable,4,96.96,Cash on Delivery,Not Specified,Sale,387.84
2372,2024-02-02,5336,Laptops,Lenovo ThinkPad E14,4,8053.5,Debit Card,Madinah,Sale,32214.0
2373,2024-08-23,5294,Cameras,Nikon D3500,4,2672.2,Credit Card,Riyadh,Sale,10688.8
2374,2024-12-24,5179,TVs,LG 43-inch UHD,3,3085.6,Apple Pay,Madinah,Sale,9256.8
2375,2024-04-01,5393,TVs,Samsung 55-inch QLED,5,6327.9,Apple Pay,Makkah,Sale,31639.5
2376,2024-07-20,5280,Laptops,MacBook Air M2,1,5394.48,Debit Card,Not Specified,Sale,5394.48
2377,2024-12-07,5421,Cameras,Nikon D3500,1,2753.34,Debit Card,Makkah,Sale,2753.34
2378,2024-07-07,5784,Cameras,Canon EOS 200D,1,2193.24,Credit Card,Madinah,Sale,2193.24
2379,2024-08-18,5518,Accessories,Laptop Stand,2,249.39,Cash on Delivery,Jeddah,Sale,498.78
2380,2024-01-14,5351,Phones,Oppo Reno 8,1,2072.33,Apple Pay,Makkah,Sale,2072.33
2381,2024-07-22,5117,TVs,Samsung 55-inch QLED,1,3833.62,Credit Card,Dammam,Sale,3833.62
2382,2024-12-09,5069,Laptops,HP Pavilion 15,4,8801.18,Apple Pay,Makkah,Sale,35204.72
2383,2024-12-31,5285,Phones,Samsung Galaxy S23,4,2403.47,Debit Card,Makkah,Sale,9613.88
2384,2024-01-10,5301,Laptops,Dell XPS 13,5,6768.79,Credit Card,Jeddah,Sale,33843.95
2385,2024-03-27,5157,Phones,Oppo Reno 8,1,2638.17,Credit Card,Dammam,Sale,2638.17
2386,2024-04-01,5221,TVs,LG 43-inch UHD,2,5822.06,Credit Card,Madinah,Sale,11644.12
2387,2024-01-25,5706,TVs,Sony 65-inch Bravia,5,2480.54,Credit Card,Makkah,Sale,12402.7
2388,2024-01-27,5790,Accessories,Laptop Stand,5,388.83,Credit Card,Riyadh,Sale,1944.1499999999999
2389,2024-05-07,5093,TVs,Samsung 55-inch QLED,3,4159.71,Debit Card,Jeddah,Sale,12479.130000000001
2390,2024-01-15,5696,Phones,Oppo Reno 8,1,2326.18,Cash on Delivery,Jeddah,Sale,2326.18
2391,2024-02-19,5425,Phones,Samsung Galaxy S23,-2,1757.24,Debit Card,Riyadh,Return,-3514.48
2392,2024-06-16,5212,Cameras,Canon EOS 200D,3,1511.13,Debit Card,Madinah,Sale,4533.39
2393,2024-08-07,5108,Cameras,Nikon D3500,1,2771.19,Debit Card,Jeddah,Sale,2771.19
2394,2024-03-29,5012,Accessories,Bluetooth Headphones,1,154.69,Apple Pay,Dammam,Sale,154.69
2395,2024-08-22,5665,TVs,Samsung 55-inch QLED,2,6110.19,Credit Card,Dammam,Sale,12220.38
2396,2024-01-23,5308,Cameras,Nikon D3500,1,2451.2,Debit Card,Makkah,Sale,2451.2
2397,2024-02-22,5097,Cameras,Nikon D3500,5,1795.37,Debit Card,Dammam,Sale,8976.849999999999
2398,2024-11-19,Guest,Cameras,Nikon D3500,4,3121.72,Debit Card,Dammam,Sale,12486.88
2399,2024-02-04,5599,Accessories,Laptop Stand,3,291.51,Credit Card,Madinah,Sale,874.53
2400,2024-09-18,5021,TVs,LG 43-inch UHD,2,2668.62,Credit Card,Jeddah,Sale,5337.24
2401,2024-06-07,5634,Cameras,Canon EOS 200D,2,1503.43,Apple Pay,Jeddah,Sale,3006.86
2402,2024-03-11,5206,Phones,iPhone 14,3,1628.35,Apple Pay,Dammam,Sale,4885.049999999999
2403,2024-04-14,5454,Laptops,Lenovo ThinkPad E14,1,7286.61,Debit Card,Madinah,Sale,7286.61
2404,2024-05-22,5424,Accessories,USB-C Cable,3,275.61,Credit Card,Madinah,Sale,826.83
2405,2024-04-27,5210,Accessories,Wireless Mouse,3,205.61,Cash on Delivery,Jeddah,Sale,616.83
2406,2024-12-06,5390,Cameras,Canon EOS 200D,2,3939.01,Debit Card,Madinah,Sale,7878.02
2407,2024-04-03,5503,Cameras,Nikon D3500,4,3800.41,Credit Card,Riyadh,Sale,15201.64
2408,2024-01-27,5093,Phones,Samsung Galaxy S23,2,3548.74,Debit Card,Jeddah,Sale,7097.48
2409,2024-04-30,5742,Laptops,Dell XPS 13,5,8143.76,Credit Card,Makkah,Sale,40718.8
2410,2024-03-25,5180,TVs,LG 43-inch UHD,2,2870.37,Debit Card,Makkah,Sale,5740.74
2411,2024-04-06,5278,Cameras,Canon EOS 200D,3,1302.91,Unknown,Jeddah,Sale,3908.7300000000005
2412,2024-03-07,5482,TVs,Samsung 55-inch QLED,4,3202.7,Apple Pay,Jeddah,Sale,12810.8
2413,2024-09-15,Guest,TVs,LG 43-inch UHD,5,2096.85,Unknown,Jeddah,Sale,10484.25
2414,2024-08-06,5550,Phones,Oppo Reno 8,1,3359.09,Cash on Delivery,Madinah,Sale,3359.09
2415,2024-05-11,5464,Laptops,Dell XPS 13,4,8587.94,Apple Pay,Dammam,Sale,34351.76
2416,2024-10-14,5341,Accessories,Laptop Stand,5,44.56,Apple Pay,Riyadh,Sale,222.8
2417,2024-04-10,5013,Laptops,Lenovo ThinkPad E14,2,3293.71,Debit Card,Riyadh,Sale,6587.42
2418,2024-07-10,5404,Cameras,GoPro Hero 11,4,2527.92,Apple Pay,Makkah,Sale,10111.68
2419,2024-09-07,Guest,Accessories,Laptop Stand,3,375.53,Credit Card,Makkah,Sale,1126.59
2420,2024-10-16,5261,Phones,Oppo Reno 8,2,2606.55,Debit Card,Makkah,Sale,5213.1
2421,2024-11-21,5434,Accessories,Laptop Stand,3,217.68,Credit Card,Makkah,Sale,653.04
2422,2024-09-01,5714,Laptops,Dell XPS 13,1,2770.22,Cash on Delivery,Riyadh,Sale,2770.22
2423,2024-11-05,5253,Laptops,HP Pavilion 15,4,3464.23,Debit Card,Dammam,Sale,13856.92
2424,2024-12-05,5789,Cameras,GoPro Hero 11,2,4451.87,Credit Card,Riyadh,Sale,8903.74
2425,2024-07-22,5193,Phones,Oppo Reno 8,5,4877.92,Credit Card,Madinah,Sale,24389.6
2426,2024-08-06,5545,TVs,Samsung 55-inch QLED,3,1825.69,Cash on Delivery,Madinah,Sale,5477.07
2427,2024-06-06,5651,TVs,Sony 65-inch Bravia,-4,6749.42,Credit Card,Riyadh,Return,-26997.68
2428,2024-03-14,5715,Cameras,Nikon D3500,3,3200.83,Debit Card,Makkah,Sale,9602.49
2429,2024-03-27,5071,Accessories,Wireless Mouse,4,351.13,Credit Card,Riyadh,Sale,1404.52
2430,2024-08-01,5180,TVs,Sony 65-inch Bravia,3,4164.65,Apple Pay,Jeddah,Sale,12493.949999999999
2431,2024-12-26,5186,Accessories,USB-C Cable,-2,220.77,Debit Card,Makkah,Return,-441.54
2432,2024-08-18,Guest,Cameras,Canon EOS 200D,-5,2659.85,Debit Card,Jeddah,Return,-13299.25
2433,2024-04-08,5641,Phones,Samsung Galaxy S23,3,3834.02,Apple Pay,Makkah,Sale,11502.06
2434,2024-11-21,5087,Cameras,Canon EOS 200D,2,1402.74,Credit Card,Dammam,Sale,2805.48
2435,2024-05-21,Guest,TVs,Samsung 55-inch QLED,1,1955.86,Cash on Delivery,Riyadh,Sale,1955.86
2436,2024-09-05,5272,Laptops,Lenovo ThinkPad E14,1,4501.54,Credit Card,Riyadh,Sale,4501.54
2437,2024-02-19,5617,Phones,iPhone 14,2,3966.38,Credit Card,Makkah,Sale,7932.76
2438,2024-09-05,5439,Cameras,Nikon D3500,4,1626.67,Cash on Delivery,Madinah,Sale,6506.68
2439,2024-12-15,5369,Accessories,Bluetooth Headphones,3,279.17,Cash on Delivery,Jeddah,Sale,837.51
2440,2024-11-08,5102,TVs,LG 43-inch UHD,1,6843.54,Cash on Delivery,Dammam,Sale,6843.54
2441,2024-12-23,5616,Phones,Oppo Reno 8,4,1828.65,Debit Card,Riyadh,Sale,7314.6
2442,2024-12-24,5633,Phones,Xiaomi Redmi Note 12,2,3854.11,Unknown,Makkah,Sale,7708.22
2443,2024-07-30,5017,TVs,Sony 65-inch Bravia,2,4107.5,Credit Card,Dammam,Sale,8215.0
2444,2024-06-15,5496,Accessories,Wireless Mouse,4,351.21,Debit Card,Madinah,Sale,1404.84
2445,2024-11-09,5487,TVs,Sony 65-inch Bravia,1,2721.18,Cash on Delivery,Makkah,Sale,2721.18
2446,2024-05-30,5532,Phones,Oppo Reno 8,5,3924.19,Debit Card,Jeddah,Sale,19620.95
2447,2024-09-15,5089,Cameras,GoPro Hero 11,1,3917.22,Debit Card,Makkah,Sale,3917.22
2448,2024-03-27,5678,Accessories,Laptop Stand,4,379.51,Credit Card,Makkah,Sale,1518.04
2449,2024-05-04,5108,Cameras,Canon EOS 200D,2,3359.69,Debit Card,Riyadh,Sale,6719.38
2450,2024-01-15,5784,TVs,Sony 65-inch Bravia,2,4385.31,Cash on Delivery,Makkah,Sale,8770.62
2451,2024-05-11,5547,Accessories,USB-C Cable,4,258.6,Credit Card,Jeddah,Sale,1034.4
2452,2024-12-20,5784,TVs,Samsung 55-inch QLED,3,6318.31,Unknown,Madinah,Sale,18954.93
2453,2024-11-25,5669,Cameras,Canon EOS 200D,3,2954.2,Apple Pay,Makkah,Sale,8862.599999999999
2454,2024-04-29,5297,Cameras,Nikon D3500,2,1009.39,Cash on Delivery,Riyadh,Sale,2018.78
2455,2024-02-15,5586,Phones,iPhone 14,3,4758.32,Debit Card,Not Specified,Sale,14274.96
2456,2024-06-09,5063,Accessories,USB-C Cable,4,285.12,Credit Card,Dammam,Sale,1140.48
2457,2024-04-07,5789,Cameras,GoPro Hero 11,4,3335.45,Unknown,Dammam,Sale,13341.8
2458,2024-09-23,5404,Accessories,USB-C Cable,5,109.8,Debit Card,Riyadh,Sale,549.0
2459,2024-06-10,Guest,Phones,Oppo Reno 8,2,3806.1,Cash on Delivery,Jeddah,Sale,7612.2
2460,2024-11-03,5613,TVs,Samsung 55-inch QLED,-3,3848.09,Debit Card,Riyadh,Return,-11544.27
2461,2024-09-14,5489,Accessories,Bluetooth Headphones,1,270.96,Cash on Delivery,Madinah,Sale,270.96
2462,2024-05-29,5156,Laptops,Lenovo ThinkPad E14,4,3192.85,Unknown,Dammam,Sale,12771.4
2463,2024-12-24,5744,Laptops,Dell XPS 13,1,6775.99,Debit Card,Makkah,Sale,6775.99
2464,2024-12-03,5401,TVs,LG 43-inch UHD,2,6996.95,Credit Card,Madinah,Sale,13993.9
2465,2024-12-13,5400,Accessories,Laptop Stand,4,47.84,Cash on Delivery,Makkah,Sale,191.36
2466,2024-05-24,5134,Phones,Xiaomi Redmi Note 12,2,4920.11,Apple Pay,Riyadh,Sale,9840.22
2467,2024-12-29,5591,Accessories,Wireless Mouse,3,180.56,Apple Pay,Jeddah,Sale,541.6800000000001
2468,2024-12-22,5214,Laptops,Lenovo ThinkPad E14,4,8159.9,Cash on Delivery,Jeddah,Sale,32639.6
2469,2024-11-29,5104,Laptops,Dell XPS 13,1,7585.51,Cash on Delivery,Madinah,Sale,7585.51
2470,2024-08-06,5364,Laptops,Lenovo ThinkPad E14,2,6185.61,Credit Card,Riyadh,Sale,12371.22
2471,2024-01-27,5444,TVs,Samsung 55-inch QLED,1,5639.94,Cash on Delivery,Madinah,Sale,5639.94
2472,2024-05-05,5406,Laptops,Lenovo ThinkPad E14,1,8210.35,Credit Card,Jeddah,Sale,8210.35
2473,2024-12-18,5794,TVs,LG 43-inch UHD,5,3901.53,Debit Card,Makkah,Sale,19507.65
2474,2024-11-28,5376,Phones,Oppo Reno 8,4,2644.62,Cash on Delivery,Makkah,Sale,10578.48
2475,2024-02-29,5656,Phones,iPhone 14,-1,3836.58,Credit Card,Makkah,Return,-3836.58
2476,2024-01-12,5710,Cameras,Canon EOS 200D,5,3808.25,Apple Pay,Dammam,Sale,19041.25
2477,2024-07-15,5585,Phones,Samsung Galaxy S23,4,4168.0,Apple Pay,Dammam,Sale,16672.0
2478,2024-06-15,5717,Laptops,MacBook Air M2,1,7685.79,Debit Card,Makkah,Sale,7685.79
2479,2024-10-11,5531,Phones,Oppo Reno 8,5,3024.54,Apple Pay,Riyadh,Sale,15122.7
2480,2024-12-31,5185,Cameras,GoPro Hero 11,1,3844.2,Debit Card,Riyadh,Sale,3844.2
2481,2024-04-02,5125,Cameras,GoPro Hero 11,1,1332.75,Apple Pay,Dammam,Sale,1332.75
2482,2024-10-21,5575,Phones,Samsung Galaxy S23,2,3405.71,Debit Card,Riyadh,Sale,6811.42
2483,2024-02-13,5557,Accessories,Wireless Mouse,1,32.13,Cash on Delivery,Dammam,Sale,32.13
2484,2024-12-02,5047,Laptops,Lenovo ThinkPad E14,1,4609.81,Debit Card,Dammam,Sale,4609.81
2485,2024-12-03,5590,Cameras,Nikon D3500,-5,2219.26,Apple Pay,Jeddah,Return,-11096.300000000001
2486,2024-06-09,5551,TVs,Sony 65-inch Bravia,5,4407.88,Cash on Delivery,Madinah,Sale,22039.4
2487,2024-12-18,5037,Cameras,Canon EOS 200D,1,3403.68,Credit Card,Jeddah,Sale,3403.68
2488,2024-06-02,5565,Laptops,Dell XPS 13,2,5025.63,Debit Card,Madinah,Sale,10051.26
2489,2024-05-22,Guest,Laptops,HP Pavilion 15,-2,5416.51,Apple Pay,Riyadh,Return,-10833.02
2490,2024-07-14,5085,Accessories,Bluetooth Headphones,2,117.89,Apple Pay,Makkah,Sale,235.78
2491,2024-12-21,5644,Accessories,Laptop Stand,2,168.1,Debit Card,Riyadh,Sale,336.2
2492,2024-12-31,5157,Accessories,USB-C Cable,3,114.09,Debit Card,Makkah,Sale,342.27
2493,2024-07-13,5276,Accessories,Laptop Stand,1,57.08,Debit Card,Riyadh,Sale,57.08
2494,2024-12-16,5337,Phones,iPhone 14,5,3321.1949999999997,Apple Pay,Riyadh,Sale,16605.975
2495,2024-06-19,5280,Phones,Xiaomi Redmi Note 12,3,3838.74,Debit Card,Jeddah,Sale,11516.22
2496,2024-07-12,5126,Phones,iPhone 14,2,3668.22,Apple Pay,Riyadh,Sale,7336.44
2497,2024-10-28,5357,Laptops,HP Pavilion 15,4,5512.71,Credit Card,Madinah,Sale,22050.84
2498,2024-10-09,5174,Cameras,Nikon D3500,3,2267.23,Credit Card,Riyadh,Sale,6801.6900000000005
2499,2024-04-02,5606,Accessories,Laptop Stand,3,349.43,Apple Pay,Makkah,Sale,1048.29
2500,2024-01-05,5146,Laptops,HP Pavilion 15,5,5874.03,Debit Card,Jeddah,Sale,29370.149999999998
2501,2024-05-16,5694,TVs,Sony 65-inch Bravia,1,4291.75,Cash on Delivery,Jeddah,Sale,4291.75
2502,2024-12-27,5362,Cameras,Nikon D3500,4,992.31,Debit Card,Makkah,Sale,3969.24
2503,2024-05-26,5735,TVs,Sony 65-inch Bravia,3,3574.49,Apple Pay,Madinah,Sale,10723.47
2504,2024-11-21,5789,Laptops,HP Pavilion 15,1,4971.27,Cash on Delivery,Makkah,Sale,4971.27
2505,2024-11-20,5095,Accessories,Wireless Mouse,1,177.56,Credit Card,Jeddah,Sale,177.56
2506,2024-02-13,5434,Laptops,MacBook Air M2,3,6271.12,Apple Pay,Riyadh,Sale,18813.36
2507,2024-03-10,5701,Cameras,GoPro Hero 11,4,2820.97,Apple Pay,Madinah,Sale,11283.88
2508,2024-03-04,Guest,Cameras,GoPro Hero 11,4,3088.46,Credit Card,Madinah,Sale,12353.84
2509,2024-12-25,5756,Phones,Oppo Reno 8,5,4177.09,Cash on Delivery,Jeddah,Sale,20885.45
2510,2024-11-07,5690,Cameras,GoPro Hero 11,1,3826.75,Apple Pay,Jeddah,Sale,3826.75
2511,2024-03-30,5526,Cameras,Canon EOS 200D,1,3485.24,Cash on Delivery,Jeddah,Sale,3485.24
2512,2024-08-04,5382,Accessories,Wireless Mouse,4,383.54,Apple Pay,Jeddah,Sale,1534.16
2513,2024-12-13,Guest,Phones,Xiaomi Redmi Note 12,2,1563.81,Credit Card,Dammam,Sale,3127.62
2514,2024-05-15,5403,TVs,LG 43-inch UHD,-2,2818.05,Credit Card,Madinah,Return,-5636.1
2515,2024-11-25,5632,Laptops,HP Pavilion 15,5,2549.16,Credit Card,Makkah,Sale,12745.8
2516,2024-07-01,5305,TVs,Samsung 55-inch QLED,1,5166.87,Apple Pay,Dammam,Sale,5166.87
2517,2024-01-03,5363,Accessories,Wireless Mouse,3,362.27,Debit Card,Makkah,Sale,1086.81
2518,2024-08-08,5541,Phones,iPhone 14,4,2352.19,Debit Card,Riyadh,Sale,9408.76
2519,2024-07-29,Guest,Cameras,Canon EOS 200D,1,4237.32,Apple Pay,Riyadh,Sale,4237.32
2520,2024-08-28,5373,Accessories,USB-C Cable,4,52.3,Cash on Delivery,Dammam,Sale,209.2
2521,2024-10-01,5672,TVs,Samsung 55-inch QLED,3,6659.07,Credit Card,Makkah,Sale,19977.21
2522,2024-03-12,5367,TVs,Samsung 55-inch QLED,3,3628.44,Apple Pay,Not Specified,Sale,10885.32
2523,2024-04-07,5404,Laptops,MacBook Air M2,3,3159.24,Credit Card,Jeddah,Sale,9477.72
2524,2024-06-18,5490,TVs,Sony 65-inch Bravia,1,4326.53,Debit Card,Jeddah,Sale,4326.53
2525,2024-08-03,5332,Accessories,Wireless Mouse,4,125.01,Apple Pay,Jeddah,Sale,500.04
2526,2024-07-18,5021,TVs,Sony 65-inch Bravia,2,3281.34,Credit Card,Riyadh,Sale,6562.68
2527,2024-06-25,5053,Laptops,Dell XPS 13,5,4497.38,Credit Card,Jeddah,Sale,22486.9
2528,2024-01-11,5296,Accessories,Laptop Stand,1,327.12,Apple Pay,Makkah,Sale,327.12
2529,2024-02-12,5156,Accessories,Laptop Stand,-4,229.49,Debit Card,Madinah,Return,-917.96
2530,2024-05-07,5717,Cameras,Canon EOS 200D,3,2020.71,Credit Card,Dammam,Sale,6062.13
2531,2024-04-11,5625,Laptops,Lenovo ThinkPad E14,4,6467.17,Credit Card,Madinah,Sale,25868.68
2532,2024-10-29,5135,Laptops,Dell XPS 13,2,7154.98,Debit Card,Not Specified,Sale,14309.96
2533,2024-05-20,5018,TVs,Samsung 55-inch QLED,2,3217.64,Debit Card,Not Specified,Sale,6435.28
2534,2024-02-16,5537,Cameras,Canon EOS 200D,1,2388.78,Apple Pay,Makkah,Sale,2388.78
2535,2024-04-23,5062,Accessories,USB-C Cable,3,75.1,Apple Pay,Makkah,Sale,225.29999999999998
2536,2024-11-25,5275,Cameras,Nikon D3500,-1,1552.14,Cash on Delivery,Riyadh,Return,-1552.14
2537,2024-06-28,5048,Accessories,Bluetooth Headphones,-4,282.01,Debit Card,Dammam,Return,-1128.04
2538,2024-01-01,5292,Laptops,MacBook Air M2,1,3679.35,Cash on Delivery,Jeddah,Sale,3679.35
2539,2024-11-06,5258,TVs,LG 43-inch UHD,1,4530.85,Apple Pay,Jeddah,Sale,4530.85
2540,2024-06-20,5685,TVs,LG 43-inch UHD,3,5487.04,Credit Card,Riyadh,Sale,16461.12
2541,2024-06-18,5541,Phones,Samsung Galaxy S23,3,1874.07,Cash on Delivery,Madinah,Sale,5622.21
2542,2024-05-01,5393,Cameras,Nikon D3500,3,2942.32,Debit Card,Madinah,Sale,8826.960000000001
2543,2024-03-07,5600,Phones,iPhone 14,5,2397.97,Credit Card,Riyadh,Sale,11989.849999999999
2544,2024-12-26,5559,Laptops,Dell XPS 13,4,8759.02,Unknown,Riyadh,Sale,35036.08
2545,2024-06-03,5738,Cameras,Nikon D3500,4,2640.76,Debit Card,Madinah,Sale,10563.04
2546,2024-03-06,5728,Laptops,MacBook Air M2,2,7738.95,Apple Pay,Madinah,Sale,15477.9
2547,2024-07-06,5069,Accessories,Bluetooth Headphones,-4,233.58,Credit Card,Makkah,Return,-934.32
2548,2024-09-25,5613,TVs,LG 43-inch UHD,5,2025.75,Credit Card,Jeddah,Sale,10128.75
2549,2024-05-28,5758,Accessories,USB-C Cable,1,264.27,Credit Card,Not Specified,Sale,264.27
2550,2024-12-16,5448,TVs,LG 43-inch UHD,-5,6747.3,Credit Card,Jeddah,Return,-33736.5
2551,2024-10-14,5278,Cameras,Nikon D3500,4,3065.8,Apple Pay,Madinah,Sale,12263.2
2552,2024-01-02,5713,Laptops,Dell XPS 13,2,7824.73,Debit Card,Madinah,Sale,15649.46
2553,2024-09-14,5225,Phones,Oppo Reno 8,5,4594.72,Cash on Delivery,Dammam,Sale,22973.600000000002
2554,2024-10-09,5046,Accessories,Bluetooth Headphones,1,114.39,Debit Card,Jeddah,Sale,114.39
2555,2024-05-29,5136,Cameras,Canon EOS 200D,1,1663.36,Debit Card,Dammam,Sale,1663.36
2556,2024-11-24,5118,Accessories,Wireless Mouse,2,256.06,Debit Card,Madinah,Sale,512.12
2557,2024-11-19,5085,Phones,Xiaomi Redmi Note 12,5,2938.6,Cash on Delivery,Dammam,Sale,14693.0
2558,2024-09-03,5058,Cameras,Nikon D3500,4,3923.5,Cash on Delivery,Dammam,Sale,15694.0
2559,2024-04-22,5016,Phones,Xiaomi Redmi Note 12,3,4650.08,Debit Card,Dammam,Sale,13950.24
2560,2024-10-25,5641,Cameras,GoPro Hero 11,1,2172.32,Apple Pay,Dammam,Sale,2172.32
2561,2024-04-15,5275,Cameras,GoPro Hero 11,4,1752.73,Debit Card,Dammam,Sale,7010.92
2562,2024-03-20,5377,Laptops,Lenovo ThinkPad E14,4,7573.42,Debit Card,Not Specified,Sale,30293.68
2563,2024-02-17,Guest,Laptops,Lenovo ThinkPad E14,4,4286.24,Debit Card,Makkah,Sale,17144.96
2564,2024-10-18,5021,Laptops,Dell XPS 13,4,7846.99,Debit Card,Dammam,Sale,31387.96
2565,2024-03-31,5146,Accessories,USB-C Cable,4,186.78,Debit Card,Riyadh,Sale,747.12
2566,2024-05-05,5741,Phones,Oppo Reno 8,4,3836.42,Apple Pay,Riyadh,Sale,15345.68
2567,2024-01-07,5393,Cameras,Canon EOS 200D,-5,1243.93,Credit Card,Makkah,Return,-6219.650000000001
2568,2024-01-07,5788,Phones,iPhone 14,1,3683.51,Debit Card,Jeddah,Sale,3683.51
2569,2024-03-14,Guest,Phones,Xiaomi Redmi Note 12,5,3081.19,Credit Card,Riyadh,Sale,15405.95
2570,2024-06-22,5491,Cameras,GoPro Hero 11,1,3011.79,Debit Card,Jeddah,Sale,3011.79
2571,2024-03-24,5158,Cameras,Nikon D3500,3,1504.85,Cash on Delivery,Makkah,Sale,4514.549999999999
2572,2024-10-05,5045,Laptops,MacBook Air M2,3,7289.68,Credit Card,Riyadh,Sale,21869.04
2573,2024-02-22,5001,Phones,Xiaomi Redmi Note 12,5,4519.79,Apple Pay,Jeddah,Sale,22598.95
2574,2024-04-26,5361,Laptops,MacBook Air M2,4,3908.81,Apple Pay,Jeddah,Sale,15635.24
2575,2024-12-16,5173,Accessories,USB-C Cable,4,65.41,Credit Card,Makkah,Sale,261.64
2576,2024-02-22,5630,Phones,Samsung Galaxy S23,3,1582.74,Cash on Delivery,Riyadh,Sale,4748.22
2577,2024-07-03,5154,Accessories,Wireless Mouse,1,267.53,Credit Card,Not Specified,Sale,267.53
2578,2024-09-28,5153,Laptops,Lenovo ThinkPad E14,3,6446.11,Debit Card,Makkah,Sale,19338.329999999998
2579,2024-06-27,5677,Accessories,Bluetooth Headphones,1,232.28,Cash on Delivery,Makkah,Sale,232.28
2580,2024-12-30,5796,Accessories,Bluetooth Headphones,1,115.82,Credit Card,Jeddah,Sale,115.82
2581,2024-03-16,5068,Laptops,HP Pavilion 15,4,5040.89,Apple Pay,Makkah,Sale,20163.56
2582,2024-05-22,5130,Phones,Oppo Reno 8,2,3580.67,Credit Card,Dammam,Sale,7161.34
2583,2024-06-29,5492,Laptops,Lenovo ThinkPad E14,-3,5728.98,Apple Pay,Makkah,Return,-17186.94
2584,2024-11-21,5392,TVs,Sony 65-inch Bravia,3,6936.48,Debit Card,Jeddah,Sale,20809.44
2585,2024-09-11,5549,TVs,Sony 65-inch Bravia,5,2509.49,Apple Pay,Madinah,Sale,12547.449999999999
2586,2024-02-12,5591,Laptops,Lenovo ThinkPad E14,5,7018.44,Apple Pay,Madinah,Sale,35092.2
2587,2024-04-30,5017,Laptops,MacBook Air M2,3,5128.07,Credit Card,Jeddah,Sale,15384.21
2588,2024-03-09,5369,Accessories,Laptop Stand,1,188.43,Credit Card,Dammam,Sale,188.43
2589,2024-08-23,5215,Laptops,HP Pavilion 15,2,7164.39,Apple Pay,Jeddah,Sale,14328.78
2590,2024-03-11,5750,Laptops,MacBook Air M2,1,7000.83,Debit Card,Makkah,Sale,7000.83
2591,2024-07-09,5075,Phones,Oppo Reno 8,1,4969.4,Credit Card,Madinah,Sale,4969.4
2592,2024-03-21,5144,TVs,Sony 65-inch Bravia,1,2467.65,Debit Card,Dammam,Sale,2467.65
2593,2024-02-09,5783,Phones,Samsung Galaxy S23,1,1864.38,Apple Pay,Jeddah,Sale,1864.38
2594,2024-03-12,5421,Laptops,Lenovo ThinkPad E14,5,7208.2,Cash on Delivery,Makkah,Sale,36041.0
2595,2024-11-26,5159,Accessories,Laptop Stand,1,244.0,Cash on Delivery,Riyadh,Sale,244.0
2596,2024-11-05,5405,Phones,iPhone 14,2,2459.56,Debit Card,Riyadh,Sale,4919.12
2597,2024-08-20,Guest,TVs,Sony 65-inch Bravia,-5,2212.98,Cash on Delivery,Madinah,Return,-11064.9
2598,2024-08-04,5534,Accessories,USB-C Cable,2,61.69,Cash on Delivery,Riyadh,Sale,123.38
2599,2024-04-18,5401,TVs,Samsung 55-inch QLED,-4,6449.79,Credit Card,Jeddah,Return,-25799.16
2600,2024-12-20,5668,Laptops,MacBook Air M2,4,3747.14,Apple Pay,Dammam,Sale,14988.56
2601,2024-03-25,5199,TVs,LG 43-inch UHD,1,3481.53,Cash on Delivery,Makkah,Sale,3481.53
2602,2024-02-23,5797,Accessories,Wireless Mouse,1,113.86,Cash on Delivery,Madinah,Sale,113.86
2603,2024-05-02,5109,Accessories,Wireless Mouse,3,161.35,Debit Card,Madinah,Sale,484.04999999999995
2604,2024-11-01,5564,Phones,Samsung Galaxy S23,1,1742.98,Cash on Delivery,Jeddah,Sale,1742.98
2605,2024-05-03,5578,Laptops,MacBook Air M2,3,5873.89,Unknown,Madinah,Sale,17621.670000000002
2606,2024-01-24,5316,Phones,Oppo Reno 8,1,1736.64,Cash on Delivery,Riyadh,Sale,1736.64
2607,2024-05-24,5769,Phones,Xiaomi Redmi Note 12,4,4301.25,Debit Card,Dammam,Sale,17205.0
2608,2024-07-01,5417,TVs,Sony 65-inch Bravia,2,3015.3,Credit Card,Dammam,Sale,6030.6
2609,2024-09-14,5391,Cameras,Canon EOS 200D,2,2844.04,Credit Card,Madinah,Sale,5688.08
2610,2024-01-20,5698,TVs,Sony 65-inch Bravia,3,6376.41,Unknown,Jeddah,Sale,19129.23
2611,2024-11-16,5697,TVs,Samsung 55-inch QLED,1,5184.56,Debit Card,Jeddah,Sale,5184.56
2612,2024-09-13,5134,Laptops,Dell XPS 13,5,5964.23,Cash on Delivery,Makkah,Sale,29821.149999999998
2613,2024-07-03,5729,Accessories,Bluetooth Headphones,5,150.0,Apple Pay,Riyadh,Sale,750.0
2614,2024-04-16,5580,TVs,Samsung 55-inch QLED,5,3531.61,Credit Card,Jeddah,Sale,17658.05
2615,2024-08-01,5800,TVs,Samsung 55-inch QLED,2,5281.33,Cash on Delivery,Madinah,Sale,10562.66
2616,2024-02-18,5302,Phones,Oppo Reno 8,4,4979.49,Cash on Delivery,Jeddah,Sale,19917.96
2617,2024-05-23,5091,Laptops,MacBook Air M2,5,6801.95,Cash on Delivery,Not Specified,Sale,34009.75
2618,2024-12-29,5262,Phones,Samsung Galaxy S23,4,3452.24,Cash on Delivery,Makkah,Sale,13808.96
2619,2024-03-12,5372,TVs,Sony 65-inch Bravia,1,5599.38,Apple Pay,Riyadh,Sale,5599.38
2620,2024-07-28,5375,Accessories,Laptop Stand,5,202.13,Debit Card,Makkah,Sale,1010.65
2621,2024-06-09,5518,Cameras,GoPro Hero 11,3,1116.51,Credit Card,Makkah,Sale,3349.5299999999997
2622,2024-12-15,5716,TVs,LG 43-inch UHD,1,4723.94,Credit Card,Jeddah,Sale,4723.94
2623,2024-03-20,5162,Cameras,Canon EOS 200D,-1,4347.45,Cash on Delivery,Makkah,Return,-4347.45
2624,2024-02-07,5685,Cameras,Nikon D3500,2,1531.09,Apple Pay,Makkah,Sale,3062.18
2625,2024-08-26,5087,Phones,Xiaomi Redmi Note 12,4,3915.02,Unknown,Riyadh,Sale,15660.08
2626,2024-07-22,5336,Laptops,MacBook Air M2,4,3806.07,Debit Card,Makkah,Sale,15224.28
2627,2024-06-24,5719,Phones,Xiaomi Redmi Note 12,5,3375.4,Apple Pay,Jeddah,Sale,16877.0
2628,2024-05-22,5159,TVs,Samsung 55-inch QLED,4,2302.72,Credit Card,Madinah,Sale,9210.88
2629,2024-11-23,5032,TVs,Samsung 55-inch QLED,2,4141.93,Cash on Delivery,Madinah,Sale,8283.86
2630,2024-02-01,5218,Cameras,Nikon D3500,3,3622.19,Apple Pay,Makkah,Sale,10866.57
2631,2024-01-12,5650,Phones,Samsung Galaxy S23,4,2716.5,Cash on Delivery,Dammam,Sale,10866.0
2632,2024-03-13,5083,Laptops,MacBook Air M2,1,6821.93,Cash on Delivery,Makkah,Sale,6821.93
2633,2024-08-02,5188,Accessories,Laptop Stand,5,324.32,Debit Card,Dammam,Sale,1621.6
2634,2024-08-07,5203,Phones,iPhone 14,3,4745.12,Cash on Delivery,Jeddah,Sale,14235.36
2635,2024-09-03,5363,Accessories,Laptop Stand,4,116.82,Debit Card,Makkah,Sale,467.28
2636,2024-01-06,5740,Cameras,Nikon D3500,5,2337.54,Debit Card,Riyadh,Sale,11687.7
2637,2024-03-15,5154,Cameras,GoPro Hero 11,3,1448.7,Cash on Delivery,Riyadh,Sale,4346.1
2638,2024-09-12,5269,TVs,Samsung 55-inch QLED,-3,6960.91,Credit Card,Makkah,Return,-20882.73
2639,2024-01-02,5654,Cameras,GoPro Hero 11,4,4237.2,Debit Card,Makkah,Sale,16948.8
2640,2024-01-19,5713,Cameras,Canon EOS 200D,2,2843.85,Debit Card,Makkah,Sale,5687.7
2641,2024-03-11,Guest,Cameras,Canon EOS 200D,4,3931.32,Debit Card,Dammam,Sale,15725.28
2642,2024-07-08,5314,Laptops,MacBook Air M2,3,5886.23,Credit Card,Dammam,Sale,17658.69
2643,2024-12-24,5420,Cameras,Canon EOS 200D,4,3144.91,Apple Pay,Makkah,Sale,12579.64
2644,2024-10-04,5180,Accessories,Bluetooth Headphones,4,62.98,Cash on Delivery,Riyadh,Sale,251.92
2645,2024-07-10,5446,TVs,LG 43-inch UHD,2,5727.41,Debit Card,Madinah,Sale,11454.82
2646,2024-12-03,5101,TVs,LG 43-inch UHD,4,2464.11,Cash on Delivery,Madinah,Sale,9856.44
2647,2024-02-15,5508,Phones,iPhone 14,1,4391.24,Apple Pay,Riyadh,Sale,4391.24
2648,2024-02-21,5430,Cameras,GoPro Hero 11,4,3715.3,Credit Card,Dammam,Sale,14861.2
2649,2024-08-20,5200,Laptops,Dell XPS 13,5,7106.84,Apple Pay,Riyadh,Sale,35534.2
2650,2024-06-28,5007,TVs,Samsung 55-inch QLED,4,1988.03,Apple Pay,Not Specified,Sale,7952.12
2651,2024-09-16,5314,Accessories,USB-C Cable,3,142.16,Cash on Delivery,Dammam,Sale,426.48
2652,2024-05-03,5015,TVs,Sony 65-inch Bravia,1,3168.19,Apple Pay,Riyadh,Sale,3168.19
2653,2024-10-07,5174,Phones,Samsung Galaxy S23,5,2760.48,Cash on Delivery,Dammam,Sale,13802.4
2654,2024-05-03,5631,Cameras,Nikon D3500,5,1215.51,Apple Pay,Jeddah,Sale,6077.55
2655,2024-10-22,5745,TVs,Samsung 55-inch QLED,4,6672.18,Debit Card,Makkah,Sale,26688.72
2656,2024-06-11,5236,Laptops,Lenovo ThinkPad E14,5,6099.71,Debit Card,Not Specified,Sale,30498.55
2657,2024-09-15,5566,Phones,Samsung Galaxy S23,1,3321.1949999999997,Apple Pay,Dammam,Sale,3321.1949999999997
2658,2024-04-14,5447,Laptops,HP Pavilion 15,1,5080.38,Unknown,Riyadh,Sale,5080.38
2659,2024-01-15,5391,Phones,Samsung Galaxy S23,5,3065.21,Credit Card,Not Specified,Sale,15326.05
2660,2024-08-20,5668,Phones,Samsung Galaxy S23,3,3602.08,Debit Card,Jeddah,Sale,10806.24
2661,2024-04-09,5788,Laptops,HP Pavilion 15,5,5851.92,Debit Card,Makkah,Sale,29259.6
2662,2024-05-20,5653,Accessories,Wireless Mouse,1,370.18,Debit Card,Riyadh,Sale,370.18
2663,2024-02-26,5145,Cameras,Canon EOS 200D,4,2689.07,Credit Card,Riyadh,Sale,10756.28
2664,2024-04-02,5370,Accessories,Bluetooth Headphones,1,397.1,Credit Card,Makkah,Sale,397.1
2665,2024-02-21,5075,Laptops,Lenovo ThinkPad E14,4,8034.26,Credit Card,Makkah,Sale,32137.04
2666,2024-02-09,5321,TVs,Sony 65-inch Bravia,2,2884.25,Apple Pay,Makkah,Sale,5768.5
2667,2024-04-02,5675,TVs,Samsung 55-inch QLED,3,6639.1,Credit Card,Jeddah,Sale,19917.300000000003
2668,2024-11-06,5355,Cameras,GoPro Hero 11,1,1318.92,Credit Card,Dammam,Sale,1318.92
2669,2024-11-03,5534,TVs,Sony 65-inch Bravia,5,6050.74,Credit Card,Jeddah,Sale,30253.699999999997
2670,2024-04-08,Guest,Accessories,Wireless Mouse,-5,170.83,Credit Card,Madinah,Return,-854.1500000000001
2671,2024-03-19,5222,Cameras,GoPro Hero 11,2,4060.71,Cash on Delivery,Riyadh,Sale,8121.42
2672,2024-03-11,5274,Phones,Xiaomi Redmi Note 12,2,4538.2,Credit Card,Jeddah,Sale,9076.4
2673,2024-04-12,5667,Accessories,Laptop Stand,1,328.19,Cash on Delivery,Madinah,Sale,328.19
2674,2024-09-10,5256,Accessories,Laptop Stand,4,322.31,Apple Pay,Jeddah,Sale,1289.24
2675,2024-12-17,5597,Laptops,Dell XPS 13,3,4480.41,Apple Pay,Riyadh,Sale,13441.23
2676,2024-03-25,5456,Cameras,Nikon D3500,2,1191.31,Apple Pay,Makkah,Sale,2382.62
2677,2024-05-19,5392,TVs,Sony 65-inch Bravia,3,3895.5,Credit Card,Madinah,Sale,11686.5
2678,2024-10-17,5460,TVs,Samsung 55-inch QLED,3,2702.33,Cash on Delivery,Riyadh,Sale,8106.99
2679,2024-09-18,5618,Laptops,MacBook Air M2,3,7017.18,Apple Pay,Dammam,Sale,21051.54
2680,2024-07-22,Guest,Cameras,Nikon D3500,1,2145.96,Credit Card,Jeddah,Sale,2145.96
2681,2024-07-02,5672,TVs,Samsung 55-inch QLED,-2,6873.17,Credit Card,Jeddah,Return,-13746.34
2682,2024-03-15,5326,Accessories,Bluetooth Headphones,3,267.16,Credit Card,Riyadh,Sale,801.48
2683,2024-04-19,5575,Phones,Xiaomi Redmi Note 12,-4,4378.68,Cash on Delivery,Jeddah,Return,-17514.72
2684,2024-05-25,5222,Phones,Oppo Reno 8,5,1963.84,Debit Card,Madinah,Sale,9819.199999999999
2685,2024-11-07,5325,Phones,Xiaomi Redmi Note 12,1,4517.05,Apple Pay,Makkah,Sale,4517.05
2686,2024-04-10,5047,Accessories,USB-C Cable,1,371.42,Apple Pay,Not Specified,Sale,371.42
2687,2024-03-02,Guest,Accessories,Laptop Stand,1,210.21,Apple Pay,Jeddah,Sale,210.21
2688,2024-05-01,5018,Accessories,Laptop Stand,5,254.31,Credit Card,Dammam,Sale,1271.55
2689,2024-08-24,5037,Cameras,Canon EOS 200D,3,3653.32,Debit Card,Makkah,Sale,10959.960000000001
2690,2024-01-21,Guest,Cameras,GoPro Hero 11,3,1529.42,Credit Card,Riyadh,Sale,4588.26
2691,2024-06-03,5409,Phones,Oppo Reno 8,3,3258.98,Cash on Delivery,Not Specified,Sale,9776.94
2692,2024-09-09,5305,Phones,Xiaomi Redmi Note 12,5,2895.32,Credit Card,Makkah,Sale,14476.6
2693,2024-11-24,5105,TVs,LG 43-inch UHD,1,2561.14,Unknown,Madinah,Sale,2561.14
2694,2024-01-25,5330,Phones,Samsung Galaxy S23,1,2786.37,Debit Card,Riyadh,Sale,2786.37
2695,2024-03-28,5550,TVs,Samsung 55-inch QLED,1,2154.5,Debit Card,Dammam,Sale,2154.5
2696,2024-05-12,Guest,Phones,iPhone 14,1,1590.34,Credit Card,Riyadh,Sale,1590.34
2697,2024-06-17,5715,Phones,Xiaomi Redmi Note 12,5,1973.08,Apple Pay,Dammam,Sale,9865.4
2698,2024-10-25,5326,Laptops,Dell XPS 13,4,5873.17,Credit Card,Jeddah,Sale,23492.68
2699,2024-11-22,5540,Laptops,Lenovo ThinkPad E14,4,6071.94,Credit Card,Madinah,Sale,24287.76
2700,2024-04-12,5791,Laptops,Lenovo ThinkPad E14,4,8777.84,Cash on Delivery,Dammam,Sale,35111.36
2701,2024-02-17,5361,TVs,Samsung 55-inch QLED,3,4048.99,Cash on Delivery,Riyadh,Sale,12146.97
2702,2024-03-12,5506,Cameras,Canon EOS 200D,-2,2022.54,Credit Card,Riyadh,Return,-4045.08
2703,2024-01-07,5192,Phones,Samsung Galaxy S23,2,3271.5,Apple Pay,Makkah,Sale,6543.0
2704,2024-06-23,5725,TVs,Samsung 55-inch QLED,2,4085.46,Cash on Delivery,Dammam,Sale,8170.92
2705,2024-03-19,5224,TVs,Sony 65-inch Bravia,5,2349.46,Credit Card,Jeddah,Sale,11747.3
2706,2024-08-19,5192,Accessories,Laptop Stand,5,267.11,Debit Card,Not Specified,Sale,1335.5500000000002
2707,2024-08-04,5663,Phones,Xiaomi Redmi Note 12,2,2256.13,Cash on Delivery,Not Specified,Sale,4512.26
2708,2024-08-24,5016,Phones,Samsung Galaxy S23,1,3668.56,Credit Card,Jeddah,Sale,3668.56
2709,2024-05-16,5463,TVs,Samsung 55-inch QLED,1,5181.05,Apple Pay,Madinah,Sale,5181.05
2710,2024-03-01,5441,Accessories,Bluetooth Headphones,5,86.25,Credit Card,Dammam,Sale,431.25
2711,2024-07-22,5341,Laptops,Dell XPS 13,5,2898.77,Apple Pay,Madinah,Sale,14493.85
2712,2024-05-19,5664,Phones,Oppo Reno 8,3,4232.67,Credit Card,Riyadh,Sale,12698.01
2713,2024-08-04,5412,TVs,Sony 65-inch Bravia,2,4190.96,Cash on Delivery,Jeddah,Sale,8381.92
2714,2024-09-28,5443,Laptops,HP Pavilion 15,5,2878.06,Apple Pay,Madinah,Sale,14390.3
2715,2024-11-26,5117,Phones,iPhone 14,2,4982.03,Credit Card,Jeddah,Sale,9964.06
2716,2024-10-21,5544,Phones,iPhone 14,3,1702.23,Debit Card,Riyadh,Sale,5106.6900000000005
2717,2024-04-25,5402,Phones,Xiaomi Redmi Note 12,5,3932.62,Apple Pay,Makkah,Sale,19663.1
2718,2024-12-20,5175,Phones,Samsung Galaxy S23,3,4942.88,Apple Pay,Jeddah,Sale,14828.64
2719,2024-11-22,5096,Laptops,HP Pavilion 15,3,4054.67,Cash on Delivery,Riyadh,Sale,12164.01
2720,2024-06-05,5697,Laptops,Lenovo ThinkPad E14,2,3424.62,Debit Card,Dammam,Sale,6849.24
2721,2024-05-04,5013,Phones,Samsung Galaxy S23,3,1924.85,Apple Pay,Jeddah,Sale,5774.549999999999
2722,2024-06-20,5078,TVs,LG 43-inch UHD,1,3377.03,Debit Card,Dammam,Sale,3377.03
2723,2024-10-31,5001,Laptops,MacBook Air M2,-3,3156.8,Apple Pay,Madinah,Return,-9470.400000000001
2724,2024-08-29,5580,TVs,Samsung 55-inch QLED,1,5399.24,Credit Card,Riyadh,Sale,5399.24
2725,2024-09-25,5793,Accessories,USB-C Cable,5,217.01,Debit Card,Jeddah,Sale,1085.05
2726,2024-06-04,5752,Phones,iPhone 14,3,3282.98,Apple Pay,Makkah,Sale,9848.94
2727,2024-12-05,5469,Accessories,Bluetooth Headphones,4,398.78,Cash on Delivery,Dammam,Sale,1595.12
2728,2024-06-03,5276,Phones,Xiaomi Redmi Note 12,3,4348.9,Apple Pay,Riyadh,Sale,13046.699999999999
2729,2024-11-23,5225,Cameras,GoPro Hero 11,1,3114.79,Debit Card,Makkah,Sale,3114.79
2730,2024-09-11,5758,Laptops,HP Pavilion 15,1,4490.65,Debit Card,Madinah,Sale,4490.65
2731,2024-04-15,5654,TVs,LG 43-inch UHD,1,5044.26,Debit Card,Makkah,Sale,5044.26
2732,2024-11-16,5179,Phones,Xiaomi Redmi Note 12,5,3344.65,Apple Pay,Madinah,Sale,16723.25
2733,2024-06-18,5316,Accessories,Bluetooth Headphones,-4,187.65,Unknown,Dammam,Return,-750.6
2734,2024-10-23,5125,Laptops,MacBook Air M2,5,3349.62,Unknown,Madinah,Sale,16748.1
2735,2024-10-17,5008,TVs,LG 43-inch UHD,3,6410.34,Cash on Delivery,Riyadh,Sale,19231.02
2736,2024-03-16,5296,TVs,Sony 65-inch Bravia,-4,4138.88,Debit Card,Madinah,Return,-16555.52
2737,2024-12-06,5295,Cameras,GoPro Hero 11,2,1600.64,Cash on Delivery,Makkah,Sale,3201.28
2738,2024-01-08,5289,Phones,Xiaomi Redmi Note 12,4,2787.16,Credit Card,Jeddah,Sale,11148.64
2739,2024-01-28,5440,Cameras,Canon EOS 200D,4,2390.87,Cash on Delivery,Riyadh,Sale,9563.48
2740,2024-01-26,5290,Accessories,Wireless Mouse,3,336.19,Debit Card,Dammam,Sale,1008.5699999999999
2741,2024-10-14,5146,Cameras,GoPro Hero 11,2,3541.01,Credit Card,Dammam,Sale,7082.02
2742,2024-10-26,5032,Laptops,Lenovo ThinkPad E14,1,7500.48,Cash on Delivery,Jeddah,Sale,7500.48
2743,2024-05-07,5100,TVs,LG 43-inch UHD,4,1857.36,Apple Pay,Makkah,Sale,7429.44
2744,2024-11-01,5446,Accessories,Bluetooth Headphones,3,183.98,Debit Card,Madinah,Sale,551.9399999999999
2745,2024-12-15,5426,Accessories,USB-C Cable,2,208.1,Cash on Delivery,Jeddah,Sale,416.2
2746,2024-06-03,5580,Cameras,Canon EOS 200D,-3,969.09,Credit Card,Dammam,Return,-2907.27
2747,2024-04-03,5141,TVs,Sony 65-inch Bravia,4,3151.03,Apple Pay,Riyadh,Sale,12604.12
2748,2024-12-21,5362,Cameras,Nikon D3500,-3,3637.04,Cash on Delivery,Makkah,Return,-10911.119999999999
2749,2024-08-03,5572,TVs,LG 43-inch UHD,4,2512.97,Apple Pay,Riyadh,Sale,10051.88
2750,2024-02-15,5594,Phones,Oppo Reno 8,2,3373.59,Cash on Delivery,Jeddah,Sale,6747.18
2751,2024-03-06,5773,Cameras,Nikon D3500,5,1674.73,Cash on Delivery,Riyadh,Sale,8373.65
2752,2024-07-25,5471,TVs,Samsung 55-inch QLED,1,1863.03,Apple Pay,Madinah,Sale,1863.03
2753,2024-01-29,5608,Phones,iPhone 14,3,2344.21,Credit Card,Dammam,Sale,7032.63
2754,2024-10-16,5124,Phones,Xiaomi Redmi Note 12,4,4915.56,Cash on Delivery,Riyadh,Sale,19662.24
2755,2024-09-18,5147,Cameras,GoPro Hero 11,1,3785.53,Debit Card,Madinah,Sale,3785.53
2756,2024-09-10,5308,Cameras,GoPro Hero 11,2,4354.48,Debit Card,Not Specified,Sale,8708.96
2757,2024-09-05,5068,Accessories,Wireless Mouse,5,210.51,Debit Card,Riyadh,Sale,1052.55
2758,2024-11-05,5209,Phones,Samsung Galaxy S23,1,1884.08,Credit Card,Jeddah,Sale,1884.08
2759,2024-01-13,5056,Phones,Oppo Reno 8,5,3417.86,Apple Pay,Makkah,Sale,17089.3
2760,2024-07-26,5559,Phones,Xiaomi Redmi Note 12,-4,3090.32,Debit Card,Jeddah,Return,-12361.28
2761,2024-12-02,5149,Accessories,Laptop Stand,5,342.41,Credit Card,Makkah,Sale,1712.0500000000002
2762,2024-03-13,5759,Phones,Samsung Galaxy S23,2,1843.29,Debit Card,Madinah,Sale,3686.58
2763,2024-08-31,5683,Cameras,Canon EOS 200D,4,2657.67,Cash on Delivery,Dammam,Sale,10630.68
2764,2024-07-07,5714,Phones,Oppo Reno 8,3,2025.17,Apple Pay,Makkah,Sale,6075.51
2765,2024-08-01,5290,Phones,Oppo Reno 8,4,2636.37,Debit Card,Riyadh,Sale,10545.48
2766,2024-10-15,Guest,TVs,Samsung 55-inch QLED,4,5634.26,Credit Card,Madinah,Sale,22537.04
2767,2024-01-22,Guest,Phones,Oppo Reno 8,3,3166.06,Debit Card,Not Specified,Sale,9498.18
2768,2024-01-05,5515,TVs,LG 43-inch UHD,2,3754.62,Cash on Delivery,Madinah,Sale,7509.24
2769,2024-12-27,5064,Laptops,HP Pavilion 15,5,5064.1,Apple Pay,Madinah,Sale,25320.5
2770,2024-06-29,5732,Laptops,Dell XPS 13,5,5486.4,Cash on Delivery,Makkah,Sale,27432.0
2771,2024-12-03,5660,Laptops,HP Pavilion 15,3,7602.61,Apple Pay,Riyadh,Sale,22807.829999999998
2772,2024-08-29,5725,TVs,LG 43-inch UHD,5,6438.84,Debit Card,Madinah,Sale,32194.2
2773,2024-09-26,5602,Cameras,GoPro Hero 11,3,4339.2,Debit Card,Dammam,Sale,13017.599999999999
2774,2024-10-26,5046,Cameras,Nikon D3500,5,3732.85,Apple Pay,Riyadh,Sale,18664.25
2775,2024-04-28,5695,Phones,Samsung Galaxy S23,1,2603.92,Credit Card,Makkah,Sale,2603.92
2776,2024-04-28,5745,TVs,LG 43-inch UHD,2,5378.3,Credit Card,Jeddah,Sale,10756.6
2777,2024-02-02,5038,TVs,LG 43-inch UHD,1,4075.54,Cash on Delivery,Riyadh,Sale,4075.54
2778,2024-07-10,5328,Phones,Oppo Reno 8,5,2391.35,Credit Card,Jeddah,Sale,11956.75
2779,2024-07-12,5258,Phones,Oppo Reno 8,2,4443.05,Debit Card,Jeddah,Sale,8886.1
2780,2024-12-13,5759,TVs,LG 43-inch UHD,3,1999.82,Debit Card,Jeddah,Sale,5999.46
2781,2024-09-27,Guest,Laptops,Lenovo ThinkPad E14,2,8361.45,Credit Card,Madinah,Sale,16722.9
2782,2024-01-18,5792,Phones,Samsung Galaxy S23,2,3115.17,Credit Card,Dammam,Sale,6230.34
2783,2024-10-06,5698,TVs,Sony 65-inch Bravia,1,5113.45,Cash on Delivery,Jeddah,Sale,5113.45
2784,2024-04-07,5360,Cameras,Nikon D3500,2,3273.67,Apple Pay,Madinah,Sale,6547.34
2785,2024-02-04,5072,Accessories,USB-C Cable,4,361.19,Apple Pay,Makkah,Sale,1444.76
2786,2024-03-06,5120,Cameras,Canon EOS 200D,5,3192.01,Cash on Delivery,Riyadh,Sale,15960.050000000001
2787,2024-01-27,5229,TVs,Samsung 55-inch QLED,5,4992.45,Cash on Delivery,Riyadh,Sale,24962.25
2788,2024-07-18,5294,Accessories,Bluetooth Headphones,3,54.66,Credit Card,Jeddah,Sale,163.98
2789,2024-09-22,5633,Phones,Samsung Galaxy S23,5,3314.43,Cash on Delivery,Makkah,Sale,16572.149999999998
2790,2024-10-25,5033,Phones,iPhone 14,4,2025.59,Cash on Delivery,Riyadh,Sale,8102.36
2791,2024-05-13,5142,Accessories,Laptop Stand,2,302.85,Cash on Delivery,Riyadh,Sale,605.7
2792,2024-12-05,5074,Laptops,HP Pavilion 15,1,5829.44,Debit Card,Makkah,Sale,5829.44
2793,2024-12-25,5426,Cameras,GoPro Hero 11,1,3348.82,Cash on Delivery,Not Specified,Sale,3348.82
2794,2024-11-09,Guest,Cameras,GoPro Hero 11,1,1050.02,Apple Pay,Jeddah,Sale,1050.02
2795,2024-01-19,5441,Phones,iPhone 14,4,1796.77,Debit Card,Dammam,Sale,7187.08
2796,2024-04-26,5792,TVs,LG 43-inch UHD,1,5524.88,Credit Card,Riyadh,Sale,5524.88
2797,2024-12-15,5396,Laptops,Lenovo ThinkPad E14,1,2968.55,Apple Pay,Riyadh,Sale,2968.55
2798,2024-03-05,5141,TVs,Sony 65-inch Bravia,4,2170.53,Apple Pay,Madinah,Sale,8682.12
2799,2024-03-01,5198,Phones,Oppo Reno 8,5,1542.38,Cash on Delivery,Dammam,Sale,7711.900000000001
2800,2024-01-30,5602,Accessories,Laptop Stand,2,383.91,Debit Card,Riyadh,Sale,767.82
2801,2024-07-30,5737,Phones,Samsung Galaxy S23,-5,4081.28,Credit Card,Riyadh,Return,-20406.4
2802,2024-02-09,Guest,Laptops,MacBook Air M2,1,4796.13,Debit Card,Makkah,Sale,4796.13
2803,2024-06-09,5132,Accessories,Wireless Mouse,3,217.01,Debit Card,Dammam,Sale,651.03
2804,2024-09-02,5256,Cameras,Nikon D3500,1,2158.93,Credit Card,Riyadh,Sale,2158.93
2805,2024-09-10,5730,Cameras,Canon EOS 200D,3,3688.75,Debit Card,Makkah,Sale,11066.25
2806,2024-10-09,5273,Accessories,Bluetooth Headphones,3,274.71,Debit Card,Madinah,Sale,824.1299999999999
2807,2024-01-28,5497,Accessories,Wireless Mouse,3,98.52,Apple Pay,Madinah,Sale,295.56
2808,2024-04-14,5759,Accessories,Wireless Mouse,2,94.42,Debit Card,Not Specified,Sale,188.84
2809,2024-03-03,5240,Cameras,Canon EOS 200D,3,1254.22,Debit Card,Riyadh,Sale,3762.66
2810,2024-08-20,5034,TVs,Sony 65-inch Bravia,1,5233.57,Credit Card,Makkah,Sale,5233.57
2811,2024-10-28,5061,Accessories,Bluetooth Headphones,4,312.82,Cash on Delivery,Riyadh,Sale,1251.28
2812,2024-09-10,5454,Accessories,Laptop Stand,1,128.07,Apple Pay,Makkah,Sale,128.07
2813,2024-04-15,5545,Phones,Samsung Galaxy S23,-4,1573.31,Debit Card,Makkah,Return,-6293.24
2814,2024-01-17,Guest,Phones,Xiaomi Redmi Note 12,5,1787.6,Cash on Delivery,Riyadh,Sale,8938.0
2815,2024-10-29,5743,Accessories,Bluetooth Headphones,2,388.11,Credit Card,Dammam,Sale,776.22
2816,2024-08-06,5397,Cameras,Nikon D3500,1,1963.6,Credit Card,Madinah,Sale,1963.6
2817,2024-08-05,5390,Accessories,Laptop Stand,5,314.61,Cash on Delivery,Jeddah,Sale,1573.0500000000002
2818,2024-05-01,5698,TVs,Sony 65-inch Bravia,2,5048.25,Credit Card,Dammam,Sale,10096.5
2819,2024-05-07,5584,Accessories,Wireless Mouse,5,171.32,Cash on Delivery,Dammam,Sale,856.5999999999999
2820,2024-11-11,5675,TVs,Samsung 55-inch QLED,3,2869.57,Cash on Delivery,Dammam,Sale,8608.710000000001
2821,2024-03-04,5183,Accessories,Wireless Mouse,3,74.91,Cash on Delivery,Not Specified,Sale,224.73
2822,2024-01-09,5037,TVs,LG 43-inch UHD,4,4998.07,Credit Card,Makkah,Sale,19992.28
2823,2024-11-22,5059,Accessories,Laptop Stand,-5,316.61,Debit Card,Makkah,Return,-1583.0500000000002
2824,2024-05-21,5451,Cameras,Canon EOS 200D,-5,3218.06,Cash on Delivery,Riyadh,Return,-16090.3
2825,2024-05-21,5232,Laptops,HP Pavilion 15,3,5946.96,Apple Pay,Jeddah,Sale,17840.88
2826,2024-11-12,5670,Laptops,Dell XPS 13,1,2772.68,Debit Card,Riyadh,Sale,2772.68
2827,2024-12-16,Guest,Phones,Samsung Galaxy S23,5,4889.71,Apple Pay,Madinah,Sale,24448.55
2828,2024-02-01,5694,Phones,Samsung Galaxy S23,3,4295.5,Unknown,Riyadh,Sale,12886.5
2829,2024-11-03,5079,Accessories,Wireless Mouse,2,138.34,Cash on Delivery,Riyadh,Sale,276.68
2830,2024-02-27,5208,Cameras,Nikon D3500,5,4427.89,Credit Card,Jeddah,Sale,22139.45
2831,2024-12-14,5289,Accessories,Bluetooth Headphones,4,252.7,Credit Card,Makkah,Sale,1010.8
2832,2024-06-16,5417,Laptops,MacBook Air M2,5,6285.75,Cash on Delivery,Dammam,Sale,31428.75
2833,2024-05-30,5377,Accessories,Laptop Stand,5,306.79,Credit Card,Jeddah,Sale,1533.95
2834,2024-03-17,5623,Phones,Xiaomi Redmi Note 12,5,4341.19,Credit Card,Not Specified,Sale,21705.949999999997
2835,2024-09-18,5387,Laptops,HP Pavilion 15,5,6767.11,Cash on Delivery,Not Specified,Sale,33835.549999999996
2836,2024-12-02,5079,Cameras,Canon EOS 200D,2,1361.14,Apple Pay,Riyadh,Sale,2722.28
2837,2024-10-02,5483,Laptops,Lenovo ThinkPad E14,1,4698.74,Credit Card,Madinah,Sale,4698.74
2838,2024-08-13,5589,Cameras,GoPro Hero 11,3,4241.1,Cash on Delivery,Jeddah,Sale,12723.300000000001
2839,2024-06-17,5466,Accessories,USB-C Cable,2,113.11,Cash on Delivery,Jeddah,Sale,226.22
2840,2024-12-20,5370,Accessories,Wireless Mouse,2,167.7,Apple Pay,Makkah,Sale,335.4
2841,2024-10-13,5669,Phones,Xiaomi Redmi Note 12,5,3012.27,Credit Card,Dammam,Sale,15061.35
2842,2024-04-27,5583,TVs,Sony 65-inch Bravia,4,4084.91,Apple Pay,Jeddah,Sale,16339.64
2843,2024-07-27,5266,Laptops,Dell XPS 13,5,6484.11,Debit Card,Madinah,Sale,32420.55
2844,2024-06-09,5431,Accessories,Bluetooth Headphones,1,378.94,Credit Card,Makkah,Sale,378.94
2845,2024-10-21,5464,Cameras,Canon EOS 200D,4,1766.49,Debit Card,Jeddah,Sale,7065.96
2846,2024-03-02,5728,Phones,Samsung Galaxy S23,4,1925.25,Cash on Delivery,Madinah,Sale,7701.0
2847,2024-02-21,5024,TVs,Sony 65-inch Bravia,-2,2826.85,Credit Card,Makkah,Return,-5653.7
2848,2024-03-08,5362,Laptops,MacBook Air M2,5,8265.01,Apple Pay,Makkah,Sale,41325.05
2849,2024-12-22,5121,Laptops,Lenovo ThinkPad E14,5,6697.77,Debit Card,Dammam,Sale,33488.850000000006
2850,2024-10-29,5075,Accessories,Bluetooth Headphones,5,135.79,Credit Card,Riyadh,Sale,678.9499999999999
2851,2024-07-28,5775,Accessories,Laptop Stand,4,331.9,Apple Pay,Dammam,Sale,1327.6
2852,2024-03-09,5007,TVs,Sony 65-inch Bravia,2,6279.12,Credit Card,Jeddah,Sale,12558.24
2853,2024-07-08,5449,Cameras,GoPro Hero 11,4,3947.45,Apple Pay,Dammam,Sale,15789.8
2854,2024-02-19,5349,Laptops,HP Pavilion 15,2,8473.02,Cash on Delivery,Makkah,Sale,16946.04
2855,2024-05-26,5775,Phones,Oppo Reno 8,3,2382.84,Apple Pay,Dammam,Sale,7148.52
2856,2024-01-22,Guest,Laptops,Dell XPS 13,2,7407.77,Apple Pay,Madinah,Sale,14815.54
2857,2024-06-09,5169,Cameras,GoPro Hero 11,1,2557.94,Cash on Delivery,Dammam,Sale,2557.94
2858,2024-05-20,Guest,Phones,Xiaomi Redmi Note 12,4,4446.99,Apple Pay,Jeddah,Sale,17787.96
2859,2024-11-06,5144,Accessories,Bluetooth Headphones,1,299.54,Debit Card,Dammam,Sale,299.54
2860,2024-10-09,5612,Phones,Samsung Galaxy S23,5,4217.57,Debit Card,Riyadh,Sale,21087.85
2861,2024-01-04,5208,Phones,Samsung Galaxy S23,4,3796.57,Credit Card,Dammam,Sale,15186.28
2862,2024-08-15,5302,Accessories,Laptop Stand,5,95.65,Debit Card,Makkah,Sale,478.25
2863,2024-08-15,5088,Phones,iPhone 14,4,3407.59,Apple Pay,Dammam,Sale,13630.36
2864,2024-12-08,5762,Laptops,HP Pavilion 15,1,8900.35,Cash on Delivery,Riyadh,Sale,8900.35
2865,2024-06-16,5464,Laptops,MacBook Air M2,2,8593.02,Cash on Delivery,Dammam,Sale,17186.04
2866,2024-02-07,5102,Cameras,GoPro Hero 11,3,1055.43,Credit Card,Makkah,Sale,3166.29
2867,2024-04-07,5251,Cameras,Nikon D3500,5,1493.33,Credit Card,Riyadh,Sale,7466.65
2868,2024-04-22,5155,Laptops,Lenovo ThinkPad E14,2,3356.24,Cash on Delivery,Makkah,Sale,6712.48
2869,2024-09-11,5650,TVs,Samsung 55-inch QLED,3,5575.1,Debit Card,Jeddah,Sale,16725.300000000003
2870,2024-01-02,5571,Phones,Samsung Galaxy S23,4,4362.25,Credit Card,Makkah,Sale,17449.0
2871,2024-12-29,5704,Cameras,Canon EOS 200D,2,1668.64,Credit Card,Makkah,Sale,3337.28
2872,2024-11-19,5495,Accessories,Laptop Stand,5,217.17,Debit Card,Dammam,Sale,1085.85
2873,2024-04-02,5684,Cameras,GoPro Hero 11,3,3926.53,Unknown,Dammam,Sale,11779.59
2874,2024-11-18,5492,TVs,LG 43-inch UHD,4,5610.57,Cash on Delivery,Madinah,Sale,22442.28
2875,2024-04-22,5457,Accessories,Wireless Mouse,1,230.63,Cash on Delivery,Makkah,Sale,230.63
2876,2024-12-05,5475,Accessories,USB-C Cable,4,248.43,Credit Card,Jeddah,Sale,993.72
2877,2024-06-26,5500,Accessories,Wireless Mouse,4,218.09,Debit Card,Makkah,Sale,872.36
2878,2024-12-17,5274,Cameras,Nikon D3500,2,1971.17,Credit Card,Dammam,Sale,3942.34
2879,2024-07-28,5691,Cameras,Canon EOS 200D,-1,2934.08,Cash on Delivery,Dammam,Return,-2934.08
2880,2024-07-19,5266,Accessories,Laptop Stand,4,284.89,Apple Pay,Makkah,Sale,1139.56
2881,2024-09-05,5315,Phones,Xiaomi Redmi Note 12,2,4556.63,Unknown,Riyadh,Sale,9113.26
2882,2024-04-23,5211,TVs,LG 43-inch UHD,-5,5108.72,Debit Card,Madinah,Return,-25543.600000000002
2883,2024-03-07,5388,Phones,Xiaomi Redmi Note 12,5,4163.93,Credit Card,Riyadh,Sale,20819.65
2884,2024-06-29,5531,Phones,Xiaomi Redmi Note 12,5,2060.25,Credit Card,Riyadh,Sale,10301.25
2885,2024-10-01,5405,Laptops,HP Pavilion 15,2,5500.12,Debit Card,Madinah,Sale,11000.24
2886,2024-03-23,5220,Laptops,HP Pavilion 15,3,2560.66,Unknown,Makkah,Sale,7681.98
2887,2024-05-07,5773,Cameras,GoPro Hero 11,1,1788.04,Credit Card,Riyadh,Sale,1788.04
2888,2024-09-13,5160,Cameras,Canon EOS 200D,4,3515.26,Apple Pay,Riyadh,Sale,14061.04
2889,2024-01-13,5278,Accessories,Bluetooth Headphones,2,396.97,Debit Card,Riyadh,Sale,793.94
2890,2024-12-01,5086,Phones,Oppo Reno 8,4,1847.12,Debit Card,Dammam,Sale,7388.48
2891,2024-09-15,5760,Phones,iPhone 14,4,2905.23,Credit Card,Riyadh,Sale,11620.92
2892,2024-03-18,5620,Cameras,GoPro Hero 11,1,3780.26,Apple Pay,Jeddah,Sale,3780.26
2893,2024-08-05,5280,Accessories,Bluetooth Headphones,5,105.49,Credit Card,Dammam,Sale,527.4499999999999
2894,2024-02-21,5298,TVs,Samsung 55-inch QLED,3,4686.44,Apple Pay,Makkah,Sale,14059.32
2895,2024-04-23,5291,TVs,Samsung 55-inch QLED,4,5611.97,Cash on Delivery,Makkah,Sale,22447.88
2896,2024-05-05,5745,Cameras,GoPro Hero 11,4,3117.55,Credit Card,Makkah,Sale,12470.2
2897,2024-10-06,5591,TVs,LG 43-inch UHD,1,2777.73,Apple Pay,Jeddah,Sale,2777.73
2898,2024-04-28,5576,Phones,Oppo Reno 8,4,2743.85,Cash on Delivery,Makkah,Sale,10975.4
2899,2024-06-19,5574,Phones,Xiaomi Redmi Note 12,2,4243.27,Credit Card,Riyadh,Sale,8486.54
2900,2024-09-07,5144,Laptops,Dell XPS 13,5,6102.47,Debit Card,Riyadh,Sale,30512.350000000002
2901,2024-08-30,5785,TVs,Sony 65-inch Bravia,5,1827.19,Debit Card,Riyadh,Sale,9135.95
2902,2024-07-29,5037,TVs,LG 43-inch UHD,3,5757.15,Cash on Delivery,Jeddah,Sale,17271.449999999997
2903,2024-01-03,5500,Accessories,Laptop Stand,3,43.07,Debit Card,Madinah,Sale,129.21
2904,2024-06-09,5725,Cameras,Nikon D3500,2,3584.64,Cash on Delivery,Makkah,Sale,7169.28
2905,2024-10-11,5716,TVs,Sony 65-inch Bravia,1,2852.9,Credit Card,Makkah,Sale,2852.9
2906,2024-03-06,Guest,Phones,Oppo Reno 8,1,4853.26,Debit Card,Madinah,Sale,4853.26
2907,2024-04-11,5434,Phones,Samsung Galaxy S23,4,2787.79,Credit Card,Riyadh,Sale,11151.16
2908,2024-11-16,5766,TVs,Samsung 55-inch QLED,5,3500.04,Apple Pay,Jeddah,Sale,17500.2
2909,2024-07-23,Guest,Cameras,Nikon D3500,1,1436.0,Cash on Delivery,Riyadh,Sale,1436.0
2910,2024-09-24,5665,Accessories,Bluetooth Headphones,3,143.07,Cash on Delivery,Madinah,Sale,429.21
2911,2024-05-28,5731,Laptops,Dell XPS 13,5,8198.23,Debit Card,Madinah,Sale,40991.149999999994
2912,2024-08-29,5764,Accessories,Bluetooth Headphones,-4,398.64,Debit Card,Dammam,Return,-1594.56
2913,2024-09-25,5426,Laptops,Dell XPS 13,4,4894.01,Credit Card,Dammam,Sale,19576.04
2914,2024-08-28,5718,Laptops,Dell XPS 13,1,5415.97,Credit Card,Dammam,Sale,5415.97
2915,2024-12-21,5096,Laptops,Dell XPS 13,1,7193.46,Apple Pay,Dammam,Sale,7193.46
2916,2024-10-31,5651,Phones,Oppo Reno 8,-2,4601.69,Credit Card,Dammam,Return,-9203.38
2917,2024-06-25,5291,Cameras,Canon EOS 200D,1,3034.96,Debit Card,Dammam,Sale,3034.96
2918,2024-06-05,5574,TVs,Sony 65-inch Bravia,3,3835.93,Apple Pay,Dammam,Sale,11507.789999999999
2919,2024-12-03,5156,Cameras,GoPro Hero 11,2,2385.44,Credit Card,Madinah,Sale,4770.88
2920,2024-05-23,5104,Phones,Samsung Galaxy S23,2,3934.66,Cash on Delivery,Madinah,Sale,7869.32
2921,2024-06-18,5684,Laptops,Lenovo ThinkPad E14,5,2520.92,Cash on Delivery,Madinah,Sale,12604.6
2922,2024-03-27,5093,TVs,Samsung 55-inch QLED,1,5021.86,Debit Card,Jeddah,Sale,5021.86
2923,2024-03-14,5331,Cameras,Canon EOS 200D,2,2179.77,Apple Pay,Riyadh,Sale,4359.54
2924,2024-03-11,5680,Phones,iPhone 14,5,4279.69,Apple Pay,Makkah,Sale,21398.449999999997
2925,2024-06-03,5573,TVs,LG 43-inch UHD,5,2283.55,Credit Card,Jeddah,Sale,11417.75
2926,2024-07-16,5534,TVs,LG 43-inch UHD,4,4858.65,Cash on Delivery,Dammam,Sale,19434.6
2927,2024-11-05,5728,Accessories,Wireless Mouse,2,207.96,Debit Card,Dammam,Sale,415.92
2928,2024-10-13,5701,Laptops,Lenovo ThinkPad E14,4,6675.12,Apple Pay,Dammam,Sale,26700.48
2929,2024-11-29,Guest,Phones,Oppo Reno 8,3,1726.99,Debit Card,Riyadh,Sale,5180.97
2930,2024-06-26,5573,TVs,Sony 65-inch Bravia,4,4815.92,Debit Card,Madinah,Sale,19263.68
2931,2024-07-10,5452,Laptops,Lenovo ThinkPad E14,2,6149.65,Credit Card,Jeddah,Sale,12299.3
2932,2024-01-03,5096,Accessories,USB-C Cable,5,237.44,Cash on Delivery,Dammam,Sale,1187.2
2933,2024-09-14,5662,Accessories,Bluetooth Headphones,1,253.29,Cash on Delivery,Riyadh,Sale,253.29
2934,2024-07-22,5640,Accessories,Laptop Stand,1,280.29,Cash on Delivery,Dammam,Sale,280.29
2935,2024-08-29,5177,Phones,iPhone 14,5,4317.46,Apple Pay,Makkah,Sale,21587.3
2936,2024-11-27,5378,TVs,Sony 65-inch Bravia,5,3203.07,Credit Card,Riyadh,Sale,16015.35
2937,2024-12-27,5429,Phones,Samsung Galaxy S23,2,4387.67,Debit Card,Riyadh,Sale,8775.34
2938,2024-08-15,5557,Phones,iPhone 14,1,3243.89,Cash on Delivery,Riyadh,Sale,3243.89
2939,2024-12-01,5688,Accessories,USB-C Cable,5,58.51,Credit Card,Dammam,Sale,292.55
2940,2024-10-27,5426,Accessories,USB-C Cable,3,51.66,Credit Card,Makkah,Sale,154.98
2941,2024-04-08,5085,Phones,iPhone 14,5,2669.83,Unknown,Dammam,Sale,13349.15
2942,2024-01-23,5419,Laptops,Lenovo ThinkPad E14,3,7601.83,Debit Card,Madinah,Sale,22805.489999999998
2943,2024-06-08,5349,Laptops,MacBook Air M2,3,7099.93,Cash on Delivery,Riyadh,Sale,21299.79
2944,2024-12-22,5119,TVs,Sony 65-inch Bravia,1,5900.8,Apple Pay,Riyadh,Sale,5900.8
2945,2024-02-14,5641,Phones,Samsung Galaxy S23,-2,3310.44,Unknown,Madinah,Return,-6620.88
2946,2024-01-06,Guest,Phones,Samsung Galaxy S23,2,3040.7,Cash on Delivery,Makkah,Sale,6081.4
2947,2024-12-14,5054,Laptops,HP Pavilion 15,2,3458.44,Debit Card,Dammam,Sale,6916.88
2948,2024-05-26,5578,TVs,Sony 65-inch Bravia,2,3506.6,Cash on Delivery,Jeddah,Sale,7013.2
2949,2024-04-25,5181,Accessories,Laptop Stand,2,190.59,Cash on Delivery,Jeddah,Sale,381.18
2950,2024-12-23,5501,Accessories,Bluetooth Headphones,4,62.78,Cash on Delivery,Riyadh,Sale,251.12
2951,2024-06-27,5037,Accessories,Bluetooth Headphones,5,111.63,Apple Pay,Jeddah,Sale,558.15
2952,2024-03-20,5355,Cameras,Nikon D3500,5,3053.61,Debit Card,Makkah,Sale,15268.050000000001
2953,2024-06-24,Guest,Accessories,USB-C Cable,5,302.2,Cash on Delivery,Riyadh,Sale,1511.0
2954,2024-04-21,5118,Laptops,HP Pavilion 15,4,8989.26,Cash on Delivery,Riyadh,Sale,35957.04
2955,2024-11-19,5478,Cameras,GoPro Hero 11,2,4259.21,Apple Pay,Jeddah,Sale,8518.42
2956,2024-07-09,5034,Cameras,Nikon D3500,5,3213.23,Apple Pay,Madinah,Sale,16066.15
2957,2024-11-18,Guest,Accessories,Wireless Mouse,-3,185.86,Credit Card,Jeddah,Return,-557.58
2958,2024-06-21,5313,TVs,LG 43-inch UHD,1,5108.12,Debit Card,Dammam,Sale,5108.12
2959,2024-10-06,Guest,Laptops,Lenovo ThinkPad E14,2,7606.74,Credit Card,Makkah,Sale,15213.48
2960,2024-10-21,5249,TVs,Sony 65-inch Bravia,-4,2415.35,Apple Pay,Makkah,Return,-9661.4
2961,2024-03-11,5307,Accessories,Bluetooth Headphones,3,181.66,Apple Pay,Makkah,Sale,544.98
2962,2024-09-16,5792,Phones,Samsung Galaxy S23,1,4439.31,Apple Pay,Makkah,Sale,4439.31
2963,2024-10-30,5170,Accessories,Laptop Stand,1,172.02,Debit Card,Madinah,Sale,172.02
2964,2024-10-17,Guest,Accessories,USB-C Cable,2,241.59,Debit Card,Dammam,Sale,483.18
2965,2024-03-13,5169,Phones,Xiaomi Redmi Note 12,3,3557.19,Apple Pay,Makkah,Sale,10671.57
2966,2024-12-03,5308,TVs,Samsung 55-inch QLED,2,2759.28,Debit Card,Jeddah,Sale,5518.56
2967,2024-04-04,5092,Accessories,Wireless Mouse,2,164.03,Debit Card,Makkah,Sale,328.06
2968,2024-12-16,5488,Laptops,Dell XPS 13,5,4674.32,Cash on Delivery,Riyadh,Sale,23371.6
2969,2024-02-21,5483,Laptops,HP Pavilion 15,4,2670.28,Apple Pay,Jeddah,Sale,10681.12
2970,2024-12-27,5131,TVs,LG 43-inch UHD,-2,1925.8,Unknown,Makkah,Return,-3851.6
2971,2024-07-23,5611,Accessories,USB-C Cable,3,337.73,Cash on Delivery,Not Specified,Sale,1013.19
2972,2024-02-06,5027,TVs,Sony 65-inch Bravia,3,3219.97,Apple Pay,Madinah,Sale,9659.91
2973,2024-04-30,5513,Laptops,Dell XPS 13,3,5867.51,Cash on Delivery,Dammam,Sale,17602.53
2974,2024-02-09,5192,Phones,Oppo Reno 8,2,2545.54,Debit Card,Makkah,Sale,5091.08
2975,2024-06-03,5393,Phones,Samsung Galaxy S23,4,4792.38,Credit Card,Dammam,Sale,19169.52
2976,2024-03-18,5691,Laptops,Lenovo ThinkPad E14,3,4185.43,Cash on Delivery,Makkah,Sale,12556.29
2977,2024-05-13,5407,TVs,Samsung 55-inch QLED,4,4034.22,Debit Card,Jeddah,Sale,16136.88
2978,2024-08-26,5671,Cameras,Canon EOS 200D,1,4041.83,Cash on Delivery,Riyadh,Sale,4041.83
2979,2024-03-23,5519,TVs,Samsung 55-inch QLED,3,6178.05,Debit Card,Madinah,Sale,18534.15
2980,2024-08-20,5432,TVs,Sony 65-inch Bravia,1,2767.73,Apple Pay,Makkah,Sale,2767.73
2981,2024-08-05,5461,Phones,Xiaomi Redmi Note 12,3,4309.25,Credit Card,Madinah,Sale,12927.75
2982,2024-08-30,5183,Cameras,Nikon D3500,3,2549.47,Cash on Delivery,Riyadh,Sale,7648.41
2983,2024-07-15,5345,TVs,Sony 65-inch Bravia,1,4311.44,Debit Card,Riyadh,Sale,4311.44
2984,2024-04-11,5049,Cameras,Nikon D3500,5,1380.53,Apple Pay,Makkah,Sale,6902.65
2985,2024-01-21,5375,TVs,LG 43-inch UHD,1,2219.13,Apple Pay,Makkah,Sale,2219.13
2986,2024-09-05,5785,Phones,Xiaomi Redmi Note 12,4,4047.79,Cash on Delivery,Not Specified,Sale,16191.16
2987,2024-04-01,5017,Phones,Xiaomi Redmi Note 12,-3,3237.61,Cash on Delivery,Makkah,Return,-9712.83
2988,2024-06-01,5749,TVs,LG 43-inch UHD,1,4071.62,Credit Card,Dammam,Sale,4071.62
2989,2024-05-07,5096,Phones,Oppo Reno 8,2,4053.28,Credit Card,Madinah,Sale,8106.56
2990,2024-11-20,5353,Laptops,Dell XPS 13,4,7475.83,Apple Pay,Dammam,Sale,29903.32
2991,2024-11-12,5078,TVs,Sony 65-inch Bravia,2,2626.32,Unknown,Riyadh,Sale,5252.64
2992,2024-01-20,5524,Accessories,Bluetooth Headphones,2,255.78,Credit Card,Makkah,Sale,511.56
2993,2024-11-22,5022,Phones,Xiaomi Redmi Note 12,3,1973.74,Apple Pay,Makkah,Sale,5921.22
2994,2024-11-30,5196,Laptops,HP Pavilion 15,1,7383.94,Apple Pay,Riyadh,Sale,7383.94
2995,2024-04-06,5383,Cameras,Nikon D3500,5,3265.04,Unknown,Riyadh,Sale,16325.2
2996,2024-04-20,5283,Cameras,Nikon D3500,4,4343.81,Cash on Delivery,Jeddah,Sale,17375.24
2997,2024-01-24,5694,Cameras,GoPro Hero 11,5,1148.25,Apple Pay,Jeddah,Sale,5741.25
2998,2024-01-03,5800,Accessories,Bluetooth Headphones,4,51.11,Debit Card,Riyadh,Sale,204.44
2999,2024-03-07,5613,TVs,Sony 65-inch Bravia,3,3267.37,Cash on Delivery,Makkah,Sale,9802.11
3000,2024-04-23,5226,Accessories,Wireless Mouse,2,126.83,Credit Card,Dammam,Sale,253.66
3001,2024-12-30,5430,Phones,Xiaomi Redmi Note 12,5,2364.43,Apple Pay,Madinah,Sale,11822.15
3002,2024-10-04,5012,Cameras,Nikon D3500,4,4162.52,Apple Pay,Madinah,Sale,16650.08
3003,2024-06-12,5473,Accessories,Bluetooth Headphones,3,122.33,Apple Pay,Jeddah,Sale,366.99
3004,2024-09-29,5412,TVs,Samsung 55-inch QLED,2,3214.14,Apple Pay,Dammam,Sale,6428.28
3005,2024-11-19,5212,Phones,iPhone 14,4,4157.89,Cash on Delivery,Riyadh,Sale,16631.56
3006,2024-06-04,5690,Cameras,Nikon D3500,3,2519.06,Cash on Delivery,Makkah,Sale,7557.18
3007,2024-03-20,5360,TVs,Samsung 55-inch QLED,5,5838.89,Debit Card,Not Specified,Sale,29194.45
3008,2024-07-31,5761,Cameras,Nikon D3500,1,1135.32,Cash on Delivery,Madinah,Sale,1135.32
3009,2024-07-11,5621,TVs,Samsung 55-inch QLED,5,4335.37,Debit Card,Makkah,Sale,21676.85
3010,2024-07-21,5584,Phones,iPhone 14,2,1617.65,Debit Card,Riyadh,Sale,3235.3
3011,2024-03-22,5769,Accessories,USB-C Cable,4,53.18,Apple Pay,Dammam,Sale,212.72
3012,2024-11-02,5645,Laptops,Lenovo ThinkPad E14,-3,8391.84,Cash on Delivery,Dammam,Return,-25175.52
3013,2024-09-14,5413,Phones,Xiaomi Redmi Note 12,5,1987.36,Apple Pay,Jeddah,Sale,9936.8
3014,2024-05-26,5409,TVs,LG 43-inch UHD,4,4568.59,Debit Card,Jeddah,Sale,18274.36
3015,2024-09-29,5699,Accessories,Wireless Mouse,3,182.11,Apple Pay,Jeddah,Sale,546.33
3016,2024-10-24,5193,Phones,Oppo Reno 8,-4,2715.7,Apple Pay,Makkah,Return,-10862.8
3017,2024-03-11,5584,Phones,Samsung Galaxy S23,5,4649.42,Credit Card,Madinah,Sale,23247.1
3018,2024-06-15,5582,TVs,Samsung 55-inch QLED,5,4407.88,Debit Card,Jeddah,Sale,22039.4
3019,2024-02-16,5669,TVs,Sony 65-inch Bravia,3,5251.71,Credit Card,Madinah,Sale,15755.130000000001
3020,2024-09-18,5377,TVs,Sony 65-inch Bravia,2,6809.65,Debit Card,Makkah,Sale,13619.3
3021,2024-08-29,5300,Laptops,Dell XPS 13,2,6141.09,Cash on Delivery,Jeddah,Sale,12282.18
3022,2024-04-15,5250,Phones,iPhone 14,5,4778.88,Apple Pay,Makkah,Sale,23894.4
3023,2024-05-03,5656,Cameras,Nikon D3500,2,1088.13,Apple Pay,Madinah,Sale,2176.26
3024,2024-03-22,5007,Phones,Xiaomi Redmi Note 12,2,2965.78,Apple Pay,Riyadh,Sale,5931.56
3025,2024-09-23,5427,Phones,Oppo Reno 8,4,2410.55,Apple Pay,Riyadh,Sale,9642.2
3026,2024-11-06,5492,Accessories,Wireless Mouse,5,300.4,Credit Card,Makkah,Sale,1502.0
3027,2024-07-22,Guest,Phones,Xiaomi Redmi Note 12,1,4934.54,Unknown,Makkah,Sale,4934.54
3028,2024-11-28,5106,Cameras,GoPro Hero 11,4,1823.51,Apple Pay,Riyadh,Sale,7294.04
3029,2024-10-23,5422,Laptops,HP Pavilion 15,1,6752.13,Debit Card,Dammam,Sale,6752.13
3030,2024-05-04,5099,Accessories,USB-C Cable,4,103.3,Debit Card,Dammam,Sale,413.2
3031,2024-08-22,5350,Accessories,Wireless Mouse,4,239.17,Debit Card,Dammam,Sale,956.68
3032,2024-06-18,5281,Accessories,Laptop Stand,4,217.01,Cash on Delivery,Madinah,Sale,868.04
3033,2024-03-12,5226,Cameras,Canon EOS 200D,2,4399.22,Cash on Delivery,Riyadh,Sale,8798.44
3034,2024-12-31,5581,Accessories,Bluetooth Headphones,3,255.16,Cash on Delivery,Jeddah,Sale,765.48
3035,2024-12-31,5761,Accessories,Laptop Stand,4,159.32,Cash on Delivery,Jeddah,Sale,637.28
3036,2024-11-07,5652,Laptops,Dell XPS 13,3,3241.62,Apple Pay,Dammam,Sale,9724.86
3037,2024-04-18,5598,Laptops,MacBook Air M2,5,3483.1,Cash on Delivery,Jeddah,Sale,17415.5
3038,2024-07-05,5633,Phones,Xiaomi Redmi Note 12,5,2288.61,Apple Pay,Makkah,Sale,11443.050000000001
3039,2024-11-25,5383,Laptops,HP Pavilion 15,2,4131.28,Cash on Delivery,Madinah,Sale,8262.56
3040,2024-11-27,5495,TVs,LG 43-inch UHD,2,6223.2,Apple Pay,Jeddah,Sale,12446.4
3041,2024-12-08,5316,TVs,Samsung 55-inch QLED,1,4718.36,Cash on Delivery,Jeddah,Sale,4718.36
3042,2024-03-17,5365,Laptops,Dell XPS 13,3,5902.04,Credit Card,Jeddah,Sale,17706.12
3043,2024-10-18,5372,TVs,LG 43-inch UHD,1,2396.8,Debit Card,Jeddah,Sale,2396.8
3044,2024-11-16,5068,Phones,Oppo Reno 8,1,4510.49,Cash on Delivery,Madinah,Sale,4510.49
3045,2024-01-29,5262,Accessories,Wireless Mouse,4,297.44,Debit Card,Jeddah,Sale,1189.76
3046,2024-04-26,5623,Laptops,Dell XPS 13,4,2939.84,Debit Card,Riyadh,Sale,11759.36
3047,2024-02-16,5535,Accessories,Bluetooth Headphones,2,291.9,Credit Card,Jeddah,Sale,583.8
3048,2024-04-16,5779,Accessories,Wireless Mouse,2,231.11,Debit Card,Madinah,Sale,462.22
3049,2024-08-25,5649,Cameras,Nikon D3500,1,1194.21,Credit Card,Dammam,Sale,1194.21
3050,2024-09-01,5487,Phones,Samsung Galaxy S23,1,3104.05,Apple Pay,Riyadh,Sale,3104.05
3051,2024-10-04,5498,Laptops,MacBook Air M2,5,5650.53,Debit Card,Madinah,Sale,28252.649999999998
3052,2024-10-24,5796,Accessories,Wireless Mouse,4,91.34,Credit Card,Not Specified,Sale,365.36
3053,2024-01-01,5277,Laptops,Lenovo ThinkPad E14,3,8647.04,Apple Pay,Madinah,Sale,25941.120000000003
3054,2024-03-31,5290,TVs,Sony 65-inch Bravia,3,6219.87,Apple Pay,Madinah,Sale,18659.61
3055,2024-09-29,5694,Accessories,Bluetooth Headphones,2,277.54,Cash on Delivery,Dammam,Sale,555.08
3056,2024-06-07,5499,Cameras,GoPro Hero 11,4,2564.26,Credit Card,Jeddah,Sale,10257.04
3057,2024-09-17,5183,Phones,Xiaomi Redmi Note 12,4,3321.1949999999997,Apple Pay,Jeddah,Sale,13284.779999999999
3058,2024-12-10,5350,Phones,Oppo Reno 8,3,3778.41,Credit Card,Makkah,Sale,11335.23
3059,2024-09-04,5314,Cameras,Canon EOS 200D,1,2863.55,Debit Card,Jeddah,Sale,2863.55
3060,2024-12-06,5701,Cameras,Nikon D3500,5,1124.18,Apple Pay,Riyadh,Sale,5620.900000000001
3061,2024-10-19,5196,Accessories,USB-C Cable,2,219.63,Cash on Delivery,Jeddah,Sale,439.26
3062,2024-03-21,5528,TVs,Samsung 55-inch QLED,5,5993.3,Debit Card,Dammam,Sale,29966.5
3063,2024-10-31,5269,TVs,Sony 65-inch Bravia,4,4188.05,Cash on Delivery,Jeddah,Sale,16752.2
3064,2024-07-08,5744,TVs,LG 43-inch UHD,2,2070.17,Cash on Delivery,Dammam,Sale,4140.34
3065,2024-08-18,5402,Accessories,Bluetooth Headphones,3,320.92,Apple Pay,Madinah,Sale,962.76
3066,2024-07-25,5661,TVs,Samsung 55-inch QLED,1,2847.09,Apple Pay,Dammam,Sale,2847.09
3067,2024-05-20,5677,Laptops,Lenovo ThinkPad E14,1,4181.04,Debit Card,Jeddah,Sale,4181.04
3068,2024-07-10,5391,Accessories,Bluetooth Headphones,-1,90.94,Cash on Delivery,Makkah,Return,-90.94
3069,2024-04-20,5109,Accessories,USB-C Cable,5,152.18,Apple Pay,Dammam,Sale,760.9000000000001
3070,2024-03-23,5481,Phones,Samsung Galaxy S23,3,4148.63,Apple Pay,Madinah,Sale,12445.89
3071,2024-12-18,5621,Phones,Oppo Reno 8,4,3317.85,Debit Card,Dammam,Sale,13271.4
3072,2024-01-31,5282,Cameras,Nikon D3500,1,1637.57,Credit Card,Dammam,Sale,1637.57
3073,2024-08-12,5137,Cameras,Nikon D3500,3,4060.19,Credit Card,Makkah,Sale,12180.57
3074,2024-07-30,5306,Phones,Xiaomi Redmi Note 12,2,4578.54,Debit Card,Madinah,Sale,9157.08
3075,2024-10-14,5335,Cameras,Canon EOS 200D,1,4034.08,Apple Pay,Jeddah,Sale,4034.08
3076,2024-12-04,5143,Cameras,GoPro Hero 11,3,1759.67,Cash on Delivery,Riyadh,Sale,5279.01
3077,2024-07-03,5328,Phones,Xiaomi Redmi Note 12,4,3079.34,Debit Card,Jeddah,Sale,12317.36
3078,2024-08-23,5693,TVs,Samsung 55-inch QLED,3,6921.95,Cash on Delivery,Jeddah,Sale,20765.85
3079,2024-11-05,5657,Accessories,Bluetooth Headphones,1,315.64,Debit Card,Riyadh,Sale,315.64
3080,2024-07-21,5061,TVs,LG 43-inch UHD,4,1941.27,Credit Card,Madinah,Sale,7765.08
3081,2024-01-09,5516,Cameras,Nikon D3500,5,1134.74,Apple Pay,Riyadh,Sale,5673.7
3082,2024-05-24,5752,Accessories,Laptop Stand,5,201.65,Cash on Delivery,Riyadh,Sale,1008.25
3083,2024-10-12,5089,Phones,iPhone 14,1,4682.27,Unknown,Madinah,Sale,4682.27
3084,2024-11-08,5283,Cameras,Nikon D3500,2,2839.33,Credit Card,Makkah,Sale,5678.66
3085,2024-03-18,5663,TVs,LG 43-inch UHD,3,4388.63,Credit Card,Jeddah,Sale,13165.89
3086,2024-08-20,5411,Cameras,Nikon D3500,5,1279.71,Apple Pay,Riyadh,Sale,6398.55
3087,2024-01-04,5008,Cameras,Nikon D3500,5,3264.41,Apple Pay,Riyadh,Sale,16322.05
3088,2024-08-06,5598,Laptops,HP Pavilion 15,2,7843.67,Cash on Delivery,Jeddah,Sale,15687.34
3089,2024-11-30,5156,Accessories,Laptop Stand,-2,170.76,Cash on Delivery,Madinah,Return,-341.52
3090,2024-04-15,5026,Laptops,Dell XPS 13,3,7541.48,Debit Card,Riyadh,Sale,22624.44
3091,2024-01-21,5335,Cameras,GoPro Hero 11,2,4372.12,Cash on Delivery,Riyadh,Sale,8744.24
3092,2024-12-02,5167,Accessories,USB-C Cable,2,105.39,Debit Card,Dammam,Sale,210.78
3093,2024-04-29,5140,TVs,LG 43-inch UHD,2,4521.31,Cash on Delivery,Riyadh,Sale,9042.62
3094,2024-07-11,5389,TVs,Samsung 55-inch QLED,1,3293.12,Apple Pay,Jeddah,Sale,3293.12
3095,2024-12-08,5789,Phones,Oppo Reno 8,4,4274.99,Debit Card,Jeddah,Sale,17099.96
3096,2024-03-04,5592,TVs,Sony 65-inch Bravia,1,4803.49,Debit Card,Madinah,Sale,4803.49
3097,2024-03-24,5758,Cameras,Canon EOS 200D,2,3184.5,Credit Card,Makkah,Sale,6369.0
3098,2024-06-11,5092,Cameras,Nikon D3500,4,3772.49,Debit Card,Jeddah,Sale,15089.96
3099,2024-09-01,5016,Cameras,Nikon D3500,3,2325.49,Credit Card,Makkah,Sale,6976.469999999999
3100,2024-08-03,5369,Phones,Oppo Reno 8,4,4702.82,Credit Card,Dammam,Sale,18811.28
3101,2024-08-10,5666,Accessories,Wireless Mouse,3,227.22,Debit Card,Riyadh,Sale,681.66
3102,2024-01-09,Guest,TVs,LG 43-inch UHD,3,2621.37,Cash on Delivery,Riyadh,Sale,7864.11
3103,2024-10-16,5159,Laptops,Dell XPS 13,1,7023.34,Debit Card,Madinah,Sale,7023.34
3104,2024-01-20,5380,Laptops,Lenovo ThinkPad E14,1,7656.2,Debit Card,Dammam,Sale,7656.2
3105,2024-03-21,5531,Cameras,Nikon D3500,4,2040.34,Debit Card,Jeddah,Sale,8161.36
3106,2024-07-05,5509,Laptops,Dell XPS 13,1,8071.67,Debit Card,Riyadh,Sale,8071.67
3107,2024-07-25,5328,Laptops,HP Pavilion 15,3,8389.93,Cash on Delivery,Madinah,Sale,25169.79
3108,2024-06-18,5752,Phones,iPhone 14,1,2469.17,Apple Pay,Riyadh,Sale,2469.17
3109,2024-01-24,5739,Laptops,Lenovo ThinkPad E14,5,8892.89,Apple Pay,Madinah,Sale,44464.45
3110,2024-03-21,5228,Cameras,Canon EOS 200D,1,1406.56,Credit Card,Dammam,Sale,1406.56
3111,2024-02-03,5425,Phones,Oppo Reno 8,1,2207.05,Apple Pay,Makkah,Sale,2207.05
3112,2024-03-09,5487,Cameras,Nikon D3500,5,1563.21,Credit Card,Dammam,Sale,7816.05
3113,2024-03-06,5684,TVs,LG 43-inch UHD,3,6448.75,Cash on Delivery,Madinah,Sale,19346.25
3114,2024-09-09,5224,Phones,Oppo Reno 8,5,3790.02,Debit Card,Jeddah,Sale,18950.1
3115,2024-03-14,5734,Cameras,Canon EOS 200D,2,1447.58,Credit Card,Riyadh,Sale,2895.16
3116,2024-11-10,5256,TVs,LG 43-inch UHD,1,4089.68,Debit Card,Jeddah,Sale,4089.68
3117,2024-06-17,5335,Laptops,HP Pavilion 15,4,6499.44,Cash on Delivery,Jeddah,Sale,25997.76
3118,2024-12-04,5647,TVs,LG 43-inch UHD,2,2234.01,Credit Card,Makkah,Sale,4468.02
3119,2024-04-03,5243,Phones,Samsung Galaxy S23,1,4588.46,Debit Card,Riyadh,Sale,4588.46
3120,2024-06-14,5352,Laptops,Lenovo ThinkPad E14,1,7723.42,Apple Pay,Makkah,Sale,7723.42
3121,2024-08-19,5269,Laptops,Lenovo ThinkPad E14,2,5783.84,Unknown,Madinah,Sale,11567.68
3122,2024-03-01,5190,Cameras,Nikon D3500,3,4381.66,Cash on Delivery,Dammam,Sale,13144.98
3123,2024-09-06,5684,Accessories,Bluetooth Headphones,5,184.57,Apple Pay,Riyadh,Sale,922.8499999999999
3124,2024-02-02,Guest,Accessories,Bluetooth Headphones,3,394.12,Apple Pay,Riyadh,Sale,1182.3600000000001
3125,2024-04-26,5563,Laptops,MacBook Air M2,4,6841.48,Credit Card,Riyadh,Sale,27365.92
3126,2024-06-26,Guest,Accessories,USB-C Cable,3,264.83,Apple Pay,Makkah,Sale,794.49
3127,2024-07-22,5696,Phones,Samsung Galaxy S23,5,2080.84,Debit Card,Jeddah,Sale,10404.2
3128,2024-04-11,5543,Laptops,MacBook Air M2,3,8232.53,Debit Card,Madinah,Sale,24697.590000000004
3129,2024-09-29,5170,Cameras,Canon EOS 200D,3,2438.96,Debit Card,Madinah,Sale,7316.88
3130,2024-02-21,5553,Accessories,USB-C Cable,2,90.03,Debit Card,Jeddah,Sale,180.06
3131,2024-04-13,5303,Cameras,Nikon D3500,3,945.39,Credit Card,Not Specified,Sale,2836.17
3132,2024-08-03,5139,TVs,Sony 65-inch Bravia,4,4710.73,Unknown,Dammam,Sale,18842.92
3133,2024-02-08,5751,Accessories,Wireless Mouse,3,225.14,Cash on Delivery,Jeddah,Sale,675.42
3134,2024-02-04,5147,Cameras,GoPro Hero 11,1,3489.67,Apple Pay,Jeddah,Sale,3489.67
3135,2024-05-04,5400,TVs,Samsung 55-inch QLED,4,6429.34,Debit Card,Makkah,Sale,25717.36
3136,2024-05-07,5282,Cameras,Canon EOS 200D,3,1185.86,Credit Card,Jeddah,Sale,3557.58
3137,2024-03-04,5454,Laptops,Lenovo ThinkPad E14,5,7254.73,Debit Card,Jeddah,Sale,36273.649999999994
3138,2024-06-16,5318,Laptops,HP Pavilion 15,1,3718.18,Credit Card,Madinah,Sale,3718.18
3139,2024-11-17,5676,Cameras,Canon EOS 200D,5,3989.44,Apple Pay,Jeddah,Sale,19947.2
3140,2024-03-04,5072,TVs,LG 43-inch UHD,5,6059.13,Apple Pay,Jeddah,Sale,30295.65
3141,2024-01-21,5641,Accessories,Bluetooth Headphones,4,230.09,Cash on Delivery,Riyadh,Sale,920.36
3142,2024-10-26,5230,TVs,LG 43-inch UHD,2,5493.26,Apple Pay,Dammam,Sale,10986.52
3143,2024-02-15,5680,Cameras,Canon EOS 200D,5,2031.66,Cash on Delivery,Jeddah,Sale,10158.300000000001
3144,2024-08-09,5788,TVs,Sony 65-inch Bravia,4,4250.07,Credit Card,Riyadh,Sale,17000.28
3145,2024-05-08,5682,Accessories,Bluetooth Headphones,5,334.01,Cash on Delivery,Not Specified,Sale,1670.05
3146,2024-02-12,5248,Accessories,Bluetooth Headphones,1,199.93,Credit Card,Makkah,Sale,199.93
3147,2024-04-23,5106,Cameras,Nikon D3500,5,2188.07,Apple Pay,Dammam,Sale,10940.35
3148,2024-11-06,5531,TVs,Sony 65-inch Bravia,5,4369.9,Apple Pay,Madinah,Sale,21849.5
3149,2024-11-04,5097,TVs,Samsung 55-inch QLED,1,6106.9,Credit Card,Madinah,Sale,6106.9
3150,2024-07-03,5735,Phones,Samsung Galaxy S23,5,2673.23,Apple Pay,Makkah,Sale,13366.15
3151,2024-11-27,5535,Phones,Xiaomi Redmi Note 12,4,2108.17,Apple Pay,Madinah,Sale,8432.68
3152,2024-11-17,5580,Phones,Oppo Reno 8,4,3992.05,Credit Card,Jeddah,Sale,15968.2
3153,2024-11-18,5422,Laptops,MacBook Air M2,3,7868.86,Credit Card,Dammam,Sale,23606.579999999998
3154,2024-05-09,5254,Phones,Oppo Reno 8,3,1852.23,Cash on Delivery,Dammam,Sale,5556.6900000000005
3155,2024-01-25,5787,Accessories,Laptop Stand,3,118.75,Apple Pay,Dammam,Sale,356.25
3156,2024-10-12,5771,Laptops,Dell XPS 13,5,3422.82,Cash on Delivery,Makkah,Sale,17114.100000000002
3157,2024-09-12,5631,Accessories,USB-C Cable,1,158.74,Cash on Delivery,Dammam,Sale,158.74
3158,2024-04-26,5739,Cameras,GoPro Hero 11,3,2521.26,Cash on Delivery,Riyadh,Sale,7563.780000000001
3159,2024-06-09,Guest,Phones,Oppo Reno 8,5,4120.89,Apple Pay,Jeddah,Sale,20604.45
3160,2024-05-15,5448,TVs,Samsung 55-inch QLED,4,5185.97,Cash on Delivery,Dammam,Sale,20743.88
3161,2024-03-27,5194,Accessories,USB-C Cable,3,259.74,Credit Card,Riyadh,Sale,779.22
3162,2024-09-16,5551,Cameras,Nikon D3500,5,2168.55,Cash on Delivery,Madinah,Sale,10842.75
3163,2024-11-12,5092,Laptops,Lenovo ThinkPad E14,1,7969.41,Debit Card,Riyadh,Sale,7969.41
3164,2024-07-26,5545,Cameras,GoPro Hero 11,3,2596.63,Debit Card,Dammam,Sale,7789.89
3165,2024-03-09,5628,Accessories,Laptop Stand,-4,392.27,Credit Card,Dammam,Return,-1569.08
3166,2024-06-14,5251,Cameras,Canon EOS 200D,2,3182.91,Apple Pay,Riyadh,Sale,6365.82
3167,2024-12-07,5229,Cameras,Canon EOS 200D,3,1354.55,Credit Card,Makkah,Sale,4063.6499999999996
3168,2024-04-25,5012,Laptops,Dell XPS 13,4,6895.15,Debit Card,Jeddah,Sale,27580.6
3169,2024-01-11,5424,Accessories,USB-C Cable,-5,150.29,Apple Pay,Makkah,Return,-751.4499999999999
3170,2024-10-17,5531,Cameras,GoPro Hero 11,2,3370.78,Apple Pay,Jeddah,Sale,6741.56
3171,2024-11-17,5723,Cameras,Nikon D3500,5,1150.71,Apple Pay,Dammam,Sale,5753.55
3172,2024-08-08,5327,Accessories,Bluetooth Headphones,3,94.71,Cash on Delivery,Jeddah,Sale,284.13
3173,2024-02-09,5551,Cameras,Nikon D3500,2,3980.65,Cash on Delivery,Jeddah,Sale,7961.3
3174,2024-02-19,5321,Cameras,Canon EOS 200D,5,1717.85,Apple Pay,Madinah,Sale,8589.25
3175,2024-06-27,5275,Phones,Samsung Galaxy S23,5,4429.64,Debit Card,Not Specified,Sale,22148.2
3176,2024-08-23,5605,Cameras,Canon EOS 200D,5,1905.39,Apple Pay,Makkah,Sale,9526.95
3177,2024-03-28,5665,TVs,Samsung 55-inch QLED,1,5142.99,Apple Pay,Madinah,Sale,5142.99
3178,2024-09-01,5066,Phones,Xiaomi Redmi Note 12,2,3929.53,Credit Card,Dammam,Sale,7859.06
3179,2024-01-15,5721,Accessories,Bluetooth Headphones,5,219.68,Apple Pay,Not Specified,Sale,1098.4
3180,2024-04-20,5713,Laptops,Lenovo ThinkPad E14,4,4484.52,Cash on Delivery,Madinah,Sale,17938.08
3181,2024-04-29,5784,Accessories,Bluetooth Headphones,5,108.68,Apple Pay,Jeddah,Sale,543.4000000000001
3182,2024-10-27,5054,Cameras,GoPro Hero 11,3,1019.48,Credit Card,Madinah,Sale,3058.44
3183,2024-06-02,5423,Accessories,Wireless Mouse,5,142.46,Credit Card,Madinah,Sale,712.3000000000001
3184,2024-05-07,5030,Laptops,Dell XPS 13,5,6745.56,Debit Card,Jeddah,Sale,33727.8
3185,2024-03-02,Guest,TVs,Sony 65-inch Bravia,3,6679.19,Credit Card,Riyadh,Sale,20037.57
3186,2024-12-16,5713,Cameras,GoPro Hero 11,4,4036.34,Apple Pay,Makkah,Sale,16145.36
3187,2024-06-24,5363,TVs,Samsung 55-inch QLED,2,5783.54,Credit Card,Dammam,Sale,11567.08
3188,2024-05-09,5266,Laptops,Lenovo ThinkPad E14,4,7624.91,Credit Card,Jeddah,Sale,30499.64
3189,2024-04-26,5462,TVs,Samsung 55-inch QLED,3,5257.92,Credit Card,Not Specified,Sale,15773.76
3190,2024-01-11,5060,Phones,Xiaomi Redmi Note 12,5,2411.0,Credit Card,Madinah,Sale,12055.0
3191,2024-03-27,5334,Accessories,Wireless Mouse,1,365.66,Credit Card,Riyadh,Sale,365.66
3192,2024-01-15,5176,TVs,LG 43-inch UHD,5,5287.81,Cash on Delivery,Riyadh,Sale,26439.050000000003
3193,2024-04-03,5099,Laptops,Lenovo ThinkPad E14,5,6142.86,Debit Card,Dammam,Sale,30714.3
3194,2024-10-20,5519,Laptops,HP Pavilion 15,2,3221.43,Apple Pay,Jeddah,Sale,6442.86
3195,2024-01-16,5123,Laptops,Lenovo ThinkPad E14,5,5405.86,Credit Card,Madinah,Sale,27029.3
3196,2024-02-25,5530,Accessories,Bluetooth Headphones,3,200.33,Debit Card,Madinah,Sale,600.99
3197,2024-09-11,5345,Laptops,MacBook Air M2,2,8119.66,Debit Card,Madinah,Sale,16239.32
3198,2024-10-07,5684,TVs,Sony 65-inch Bravia,4,4642.57,Apple Pay,Riyadh,Sale,18570.28
3199,2024-06-22,5245,Cameras,Canon EOS 200D,-2,2269.44,Cash on Delivery,Not Specified,Return,-4538.88
3200,2024-07-25,5491,TVs,Samsung 55-inch QLED,1,6879.36,Cash on Delivery,Riyadh,Sale,6879.36
3201,2024-09-23,5576,Cameras,Canon EOS 200D,-1,1298.59,Cash on Delivery,Madinah,Return,-1298.59
3202,2024-09-29,5658,Cameras,GoPro Hero 11,5,2421.17,Apple Pay,Madinah,Sale,12105.85
3203,2024-06-13,5299,Laptops,HP Pavilion 15,2,2773.16,Apple Pay,Jeddah,Sale,5546.32
3204,2024-10-08,5024,TVs,LG 43-inch UHD,4,5647.5,Credit Card,Makkah,Sale,22590.0
3205,2024-06-13,5398,TVs,Samsung 55-inch QLED,5,6574.0,Unknown,Madinah,Sale,32870.0
3206,2024-05-27,5091,Accessories,Laptop Stand,1,133.61,Credit Card,Jeddah,Sale,133.61
3207,2024-11-24,5028,Accessories,USB-C Cable,3,347.59,Credit Card,Madinah,Sale,1042.77
3208,2024-07-16,5053,Phones,Xiaomi Redmi Note 12,2,2522.76,Cash on Delivery,Madinah,Sale,5045.52
3209,2024-09-17,Guest,TVs,Sony 65-inch Bravia,5,6536.0,Debit Card,Madinah,Sale,32680.0
3210,2024-02-20,5729,Phones,Samsung Galaxy S23,4,4138.87,Debit Card,Jeddah,Sale,16555.48
3211,2024-12-31,5584,Accessories,Wireless Mouse,2,327.82,Apple Pay,Jeddah,Sale,655.64
3212,2024-01-24,5297,Cameras,Canon EOS 200D,4,964.82,Debit Card,Riyadh,Sale,3859.28
3213,2024-12-03,5233,Phones,Samsung Galaxy S23,3,4869.84,Debit Card,Makkah,Sale,14609.52
3214,2024-01-23,5252,Accessories,Laptop Stand,2,298.87,Debit Card,Madinah,Sale,597.74
3215,2024-05-12,5669,Cameras,GoPro Hero 11,4,1997.1,Cash on Delivery,Jeddah,Sale,7988.4
3216,2024-12-19,5386,Accessories,Laptop Stand,1,336.88,Apple Pay,Makkah,Sale,336.88
3217,2024-09-06,5042,Accessories,USB-C Cable,-3,134.16,Credit Card,Makkah,Return,-402.48
3218,2024-12-05,5118,TVs,Samsung 55-inch QLED,2,6338.32,Credit Card,Riyadh,Sale,12676.64
3219,2024-02-04,5757,Laptops,Lenovo ThinkPad E14,2,3231.77,Cash on Delivery,Jeddah,Sale,6463.54
3220,2024-05-25,5583,Accessories,Laptop Stand,5,290.36,Cash on Delivery,Dammam,Sale,1451.8000000000002
3221,2024-03-02,5568,Accessories,Wireless Mouse,4,230.06,Debit Card,Riyadh,Sale,920.24
3222,2024-03-06,5490,TVs,Samsung 55-inch QLED,5,2301.98,Credit Card,Makkah,Sale,11509.9
3223,2024-04-27,5085,Phones,iPhone 14,1,2346.63,Apple Pay,Jeddah,Sale,2346.63
3224,2024-08-11,5756,Phones,Samsung Galaxy S23,-5,1543.41,Cash on Delivery,Makkah,Return,-7717.05
3225,2024-11-01,5742,Laptops,Lenovo ThinkPad E14,1,5546.99,Debit Card,Jeddah,Sale,5546.99
3226,2024-10-18,5256,Accessories,Wireless Mouse,1,141.47,Debit Card,Dammam,Sale,141.47
3227,2024-08-24,5389,Laptops,HP Pavilion 15,2,6389.32,Credit Card,Makkah,Sale,12778.64
3228,2024-09-15,5642,Laptops,HP Pavilion 15,-1,4432.05,Debit Card,Jeddah,Return,-4432.05
3229,2024-12-02,5071,Laptops,HP Pavilion 15,-4,4449.47,Credit Card,Makkah,Return,-17797.88
3230,2024-10-12,5325,Laptops,HP Pavilion 15,2,7330.76,Debit Card,Madinah,Sale,14661.52
3231,2024-12-16,5547,Phones,iPhone 14,1,1668.5,Apple Pay,Madinah,Sale,1668.5
3232,2024-06-13,5106,Phones,Samsung Galaxy S23,3,4660.13,Credit Card,Jeddah,Sale,13980.39
3233,2024-07-14,5787,Laptops,MacBook Air M2,1,8039.72,Credit Card,Makkah,Sale,8039.72
3234,2024-04-24,5664,Cameras,Canon EOS 200D,1,3304.1,Credit Card,Riyadh,Sale,3304.1
3235,2024-11-26,5396,TVs,Sony 65-inch Bravia,4,4884.75,Cash on Delivery,Not Specified,Sale,19539.0
3236,2024-05-01,5651,TVs,Sony 65-inch Bravia,4,6439.97,Cash on Delivery,Dammam,Sale,25759.88
3237,2024-03-19,5147,TVs,LG 43-inch UHD,4,2763.72,Cash on Delivery,Jeddah,Sale,11054.88
3238,2024-07-17,5757,Accessories,USB-C Cable,3,59.22,Debit Card,Dammam,Sale,177.66
3239,2024-06-02,5420,Phones,Oppo Reno 8,2,2338.29,Credit Card,Makkah,Sale,4676.58
3240,2024-07-24,5415,Cameras,Canon EOS 200D,2,3760.48,Cash on Delivery,Jeddah,Sale,7520.96
3241,2024-08-23,Guest,TVs,LG 43-inch UHD,4,1980.29,Apple Pay,Not Specified,Sale,7921.16
3242,2024-06-15,5210,Accessories,Bluetooth Headphones,4,245.64,Debit Card,Madinah,Sale,982.56
3243,2024-12-30,5372,Laptops,Dell XPS 13,2,8970.34,Debit Card,Madinah,Sale,17940.68
3244,2024-07-28,5402,TVs,Sony 65-inch Bravia,3,6249.62,Cash on Delivery,Jeddah,Sale,18748.86
3245,2024-02-25,5793,Laptops,Lenovo ThinkPad E14,5,5889.4,Apple Pay,Dammam,Sale,29447.0
3246,2024-01-27,5564,Cameras,Nikon D3500,2,1129.11,Debit Card,Dammam,Sale,2258.22
3247,2024-09-21,5024,Laptops,Lenovo ThinkPad E14,4,7903.93,Debit Card,Makkah,Sale,31615.72
3248,2024-10-17,5787,Laptops,Lenovo ThinkPad E14,2,6393.36,Unknown,Madinah,Sale,12786.72
3249,2024-10-21,5324,Laptops,Lenovo ThinkPad E14,2,3247.06,Debit Card,Makkah,Sale,6494.12
3250,2024-03-07,5781,TVs,Samsung 55-inch QLED,4,2288.06,Cash on Delivery,Madinah,Sale,9152.24
3251,2024-11-17,5087,Cameras,GoPro Hero 11,1,4174.66,Credit Card,Riyadh,Sale,4174.66
3252,2024-01-28,5365,Phones,iPhone 14,3,3842.2,Unknown,Not Specified,Sale,11526.599999999999
3253,2024-04-19,5638,Laptops,Dell XPS 13,3,7890.36,Credit Card,Dammam,Sale,23671.079999999998
3254,2024-08-31,5310,Accessories,Laptop Stand,-3,355.22,Debit Card,Dammam,Return,-1065.66
3255,2024-03-18,5545,Phones,Samsung Galaxy S23,2,3501.2,Apple Pay,Riyadh,Sale,7002.4
3256,2024-03-22,5706,Cameras,Nikon D3500,-5,2762.81,Apple Pay,Dammam,Return,-13814.05
3257,2024-12-05,5773,Laptops,MacBook Air M2,2,5297.78,Apple Pay,Riyadh,Sale,10595.56
3258,2024-07-14,5174,Phones,Samsung Galaxy S23,4,2609.31,Apple Pay,Makkah,Sale,10437.24
3259,2024-08-13,5020,Phones,Xiaomi Redmi Note 12,5,3021.09,Debit Card,Makkah,Sale,15105.45
3260,2024-10-17,5378,TVs,Sony 65-inch Bravia,3,5824.17,Cash on Delivery,Riyadh,Sale,17472.510000000002
3261,2024-03-10,5153,Phones,Samsung Galaxy S23,5,3606.73,Cash on Delivery,Makkah,Sale,18033.65
3262,2024-11-20,5363,Phones,Samsung Galaxy S23,3,4623.83,Cash on Delivery,Riyadh,Sale,13871.49
3263,2024-01-09,5373,Cameras,Nikon D3500,-5,2496.17,Apple Pay,Jeddah,Return,-12480.85
3264,2024-09-19,5326,Accessories,USB-C Cable,3,254.62,Credit Card,Makkah,Sale,763.86
3265,2024-11-28,5459,Laptops,MacBook Air M2,2,6603.5,Cash on Delivery,Dammam,Sale,13207.0
3266,2024-01-21,5340,TVs,LG 43-inch UHD,3,4876.83,Apple Pay,Riyadh,Sale,14630.49
3267,2024-07-03,5019,Cameras,Canon EOS 200D,5,3429.48,Credit Card,Madinah,Sale,17147.4
3268,2024-04-12,5036,Accessories,Laptop Stand,4,117.85,Apple Pay,Makkah,Sale,471.4
3269,2024-06-20,5724,Accessories,Laptop Stand,3,219.57,Apple Pay,Makkah,Sale,658.71
3270,2024-06-26,Guest,Accessories,USB-C Cable,3,68.56,Debit Card,Makkah,Sale,205.68
3271,2024-08-18,5116,Accessories,Wireless Mouse,1,172.27,Cash on Delivery,Madinah,Sale,172.27
3272,2024-02-24,5382,Phones,Samsung Galaxy S23,2,3206.83,Credit Card,Jeddah,Sale,6413.66
3273,2024-10-19,5009,Phones,Samsung Galaxy S23,2,3782.78,Credit Card,Riyadh,Sale,7565.56
3274,2024-11-12,5641,Phones,Xiaomi Redmi Note 12,1,4826.86,Debit Card,Madinah,Sale,4826.86
3275,2024-06-18,5721,TVs,Sony 65-inch Bravia,1,4923.39,Credit Card,Riyadh,Sale,4923.39
3276,2024-02-11,5003,Laptops,Dell XPS 13,2,7333.36,Credit Card,Riyadh,Sale,14666.72
3277,2024-04-29,5396,TVs,Sony 65-inch Bravia,2,4432.58,Credit Card,Riyadh,Sale,8865.16
3278,2024-08-31,5723,Accessories,USB-C Cable,2,264.62,Apple Pay,Madinah,Sale,529.24
3279,2024-05-27,5189,Laptops,Lenovo ThinkPad E14,5,2961.06,Credit Card,Makkah,Sale,14805.3
3280,2024-10-02,5147,Cameras,Canon EOS 200D,2,1815.81,Debit Card,Dammam,Sale,3631.62
3281,2024-04-06,5191,Cameras,GoPro Hero 11,1,2202.67,Credit Card,Jeddah,Sale,2202.67
3282,2024-03-24,5422,Accessories,USB-C Cable,4,204.82,Cash on Delivery,Madinah,Sale,819.28
3283,2024-05-26,5353,Cameras,GoPro Hero 11,2,1064.34,Apple Pay,Dammam,Sale,2128.68
3284,2024-12-01,5066,Laptops,MacBook Air M2,3,3410.16,Cash on Delivery,Not Specified,Sale,10230.48
3285,2024-09-09,5773,Phones,iPhone 14,3,2468.85,Credit Card,Madinah,Sale,7406.549999999999
3286,2024-12-11,5326,TVs,Samsung 55-inch QLED,4,6851.97,Credit Card,Riyadh,Sale,27407.88
3287,2024-12-23,5268,Cameras,Nikon D3500,5,2092.85,Credit Card,Madinah,Sale,10464.25
3288,2024-07-02,5307,Accessories,Laptop Stand,4,208.36,Cash on Delivery,Makkah,Sale,833.44
3289,2024-06-10,5174,TVs,LG 43-inch UHD,2,2819.71,Debit Card,Madinah,Sale,5639.42
3290,2024-07-28,Guest,Phones,Xiaomi Redmi Note 12,4,3637.73,Apple Pay,Dammam,Sale,14550.92
3291,2024-08-19,5429,TVs,LG 43-inch UHD,-2,3259.55,Debit Card,Makkah,Return,-6519.1
3292,2024-06-11,5374,Phones,Samsung Galaxy S23,4,2224.47,Debit Card,Makkah,Sale,8897.88
3293,2024-12-04,5188,Phones,Oppo Reno 8,2,3308.0,Debit Card,Madinah,Sale,6616.0
3294,2024-01-09,5277,Laptops,MacBook Air M2,4,2535.79,Apple Pay,Jeddah,Sale,10143.16
3295,2024-01-12,5310,Accessories,USB-C Cable,4,32.84,Apple Pay,Jeddah,Sale,131.36
3296,2024-04-26,5741,Cameras,Nikon D3500,2,1688.65,Apple Pay,Madinah,Sale,3377.3
3297,2024-08-10,5361,TVs,LG 43-inch UHD,2,1990.95,Apple Pay,Riyadh,Sale,3981.9
3298,2024-06-14,5240,Phones,iPhone 14,4,1878.09,Cash on Delivery,Jeddah,Sale,7512.36
3299,2024-04-20,5315,Cameras,Nikon D3500,4,2606.12,Apple Pay,Riyadh,Sale,10424.48
3300,2024-11-18,Guest,Laptops,HP Pavilion 15,3,7716.81,Apple Pay,Madinah,Sale,23150.43
3301,2024-09-28,5705,Cameras,Canon EOS 200D,3,2959.38,Cash on Delivery,Dammam,Sale,8878.14
3302,2024-10-16,5457,Laptops,HP Pavilion 15,4,5832.34,Credit Card,Riyadh,Sale,23329.36
3303,2024-05-06,5320,Accessories,Laptop Stand,2,138.59,Cash on Delivery,Jeddah,Sale,277.18
3304,2024-10-11,5130,TVs,LG 43-inch UHD,3,6645.12,Cash on Delivery,Jeddah,Sale,19935.36
3305,2024-12-28,5500,Accessories,USB-C Cable,-5,176.9,Debit Card,Jeddah,Return,-884.5
3306,2024-01-10,5768,Cameras,Nikon D3500,-3,1213.53,Credit Card,Makkah,Return,-3640.59
3307,2024-02-11,5617,Laptops,HP Pavilion 15,5,6510.93,Apple Pay,Not Specified,Sale,32554.65
3308,2024-08-18,5728,Accessories,Wireless Mouse,4,72.12,Debit Card,Dammam,Sale,288.48
3309,2024-01-31,5648,Laptops,HP Pavilion 15,4,4743.95,Debit Card,Jeddah,Sale,18975.8
3310,2024-07-01,5149,Phones,Xiaomi Redmi Note 12,5,3275.94,Apple Pay,Madinah,Sale,16379.7
3311,2024-09-05,5611,Accessories,Bluetooth Headphones,3,353.46,Unknown,Jeddah,Sale,1060.3799999999999
3312,2024-05-31,5516,Cameras,Canon EOS 200D,1,2676.77,Debit Card,Madinah,Sale,2676.77
3313,2024-07-11,5267,Accessories,USB-C Cable,4,289.84,Credit Card,Dammam,Sale,1159.36
3314,2024-05-31,5080,Laptops,Dell XPS 13,1,8953.31,Credit Card,Makkah,Sale,8953.31
3315,2024-03-16,5160,Accessories,Laptop Stand,4,78.65,Apple Pay,Madinah,Sale,314.6
3316,2024-06-09,5282,Cameras,Nikon D3500,1,1889.03,Cash on Delivery,Not Specified,Sale,1889.03
3317,2024-05-25,5017,Laptops,Lenovo ThinkPad E14,2,5064.74,Debit Card,Dammam,Sale,10129.48
3318,2024-06-16,5145,Phones,iPhone 14,5,2976.4,Apple Pay,Dammam,Sale,14882.0
3319,2024-10-08,5405,Accessories,Laptop Stand,1,182.08,Apple Pay,Dammam,Sale,182.08
3320,2024-09-11,5579,Laptops,HP Pavilion 15,1,8399.47,Cash on Delivery,Dammam,Sale,8399.47
3321,2024-09-18,5065,Cameras,Canon EOS 200D,-1,3470.52,Debit Card,Makkah,Return,-3470.52
3322,2024-03-18,5094,Phones,Samsung Galaxy S23,1,3627.67,Debit Card,Jeddah,Sale,3627.67
3323,2024-06-22,5768,Accessories,Bluetooth Headphones,1,144.47,Apple Pay,Dammam,Sale,144.47
3324,2024-07-24,5426,Phones,Oppo Reno 8,5,4383.27,Unknown,Madinah,Sale,21916.350000000002
3325,2024-03-20,5459,TVs,Sony 65-inch Bravia,5,6766.31,Credit Card,Jeddah,Sale,33831.55
3326,2024-05-13,5660,Laptops,MacBook Air M2,2,7837.79,Debit Card,Riyadh,Sale,15675.58
3327,2024-01-27,5043,Cameras,Canon EOS 200D,-2,905.63,Apple Pay,Riyadh,Return,-1811.26
3328,2024-03-19,5396,Laptops,Dell XPS 13,2,6636.61,Cash on Delivery,Dammam,Sale,13273.22
3329,2024-09-18,5685,TVs,Samsung 55-inch QLED,3,2065.9,Apple Pay,Riyadh,Sale,6197.700000000001
3330,2024-02-04,5036,TVs,Sony 65-inch Bravia,1,3139.56,Debit Card,Madinah,Sale,3139.56
3331,2024-10-25,5718,Laptops,Dell XPS 13,4,2886.91,Credit Card,Dammam,Sale,11547.64
3332,2024-09-17,5155,Phones,Xiaomi Redmi Note 12,2,3613.28,Apple Pay,Jeddah,Sale,7226.56
3333,2024-11-17,5569,Cameras,Canon EOS 200D,5,3371.72,Cash on Delivery,Dammam,Sale,16858.6
3334,2024-03-22,5200,Accessories,Laptop Stand,2,72.36,Cash on Delivery,Dammam,Sale,144.72
3335,2024-07-20,5029,Accessories,Bluetooth Headphones,1,172.02,Cash on Delivery,Makkah,Sale,172.02
3336,2024-11-29,5189,TVs,Sony 65-inch Bravia,5,4172.43,Apple Pay,Jeddah,Sale,20862.15
3337,2024-07-17,5777,Phones,iPhone 14,1,2791.69,Debit Card,Jeddah,Sale,2791.69
3338,2024-06-01,5474,Cameras,GoPro Hero 11,2,1335.69,Cash on Delivery,Dammam,Sale,2671.38
3339,2024-10-17,5024,Phones,Samsung Galaxy S23,3,2966.32,Debit Card,Madinah,Sale,8898.960000000001
3340,2024-04-20,5511,Accessories,Wireless Mouse,2,307.94,Cash on Delivery,Jeddah,Sale,615.88
3341,2024-06-16,5771,TVs,Sony 65-inch Bravia,4,2169.24,Apple Pay,Madinah,Sale,8676.96
3342,2024-09-02,5079,Laptops,Lenovo ThinkPad E14,5,3021.17,Cash on Delivery,Jeddah,Sale,15105.85
3343,2024-01-01,5280,Cameras,Canon EOS 200D,1,2177.18,Credit Card,Riyadh,Sale,2177.18
3344,2024-08-15,5054,Phones,Xiaomi Redmi Note 12,4,4796.04,Debit Card,Riyadh,Sale,19184.16
3345,2024-11-26,5077,Accessories,USB-C Cable,2,277.37,Apple Pay,Dammam,Sale,554.74
3346,2024-11-30,5122,Accessories,Laptop Stand,1,281.11,Cash on Delivery,Riyadh,Sale,281.11
3347,2024-05-14,5651,Accessories,USB-C Cable,4,163.91,Debit Card,Riyadh,Sale,655.64
3348,2024-03-30,5742,Phones,Oppo Reno 8,1,3577.81,Credit Card,Riyadh,Sale,3577.81
3349,2024-10-23,5023,Laptops,Lenovo ThinkPad E14,5,2565.85,Cash on Delivery,Dammam,Sale,12829.25
3350,2024-02-02,5407,Cameras,Nikon D3500,2,3189.95,Debit Card,Riyadh,Sale,6379.9
3351,2024-01-20,5422,TVs,Samsung 55-inch QLED,4,6549.09,Apple Pay,Makkah,Sale,26196.36
3352,2024-10-22,5726,Laptops,MacBook Air M2,1,6481.73,Credit Card,Dammam,Sale,6481.73
3353,2024-04-13,5192,Accessories,Laptop Stand,3,353.27,Credit Card,Dammam,Sale,1059.81
3354,2024-01-01,5719,Laptops,Lenovo ThinkPad E14,1,7205.82,Apple Pay,Madinah,Sale,7205.82
3355,2024-01-25,5612,TVs,Samsung 55-inch QLED,3,2426.9,Cash on Delivery,Riyadh,Sale,7280.700000000001
3356,2024-08-29,5674,Accessories,Laptop Stand,5,363.91,Debit Card,Dammam,Sale,1819.5500000000002
3357,2024-06-13,5594,Accessories,USB-C Cable,3,54.58,Apple Pay,Jeddah,Sale,163.74
3358,2024-08-27,5688,TVs,LG 43-inch UHD,-3,4576.63,Cash on Delivery,Jeddah,Return,-13729.89
3359,2024-10-04,5088,TVs,Sony 65-inch Bravia,4,2539.11,Cash on Delivery,Makkah,Sale,10156.44
3360,2024-03-11,5461,Cameras,Nikon D3500,3,942.14,Cash on Delivery,Makkah,Sale,2826.42
3361,2024-03-25,5640,Cameras,GoPro Hero 11,1,2419.32,Cash on Delivery,Madinah,Sale,2419.32
3362,2024-10-03,5709,Laptops,HP Pavilion 15,2,4417.76,Debit Card,Jeddah,Sale,8835.52
3363,2024-08-02,5106,TVs,Samsung 55-inch QLED,1,4327.2,Credit Card,Madinah,Sale,4327.2
3364,2024-10-05,5700,Cameras,Canon EOS 200D,5,2977.92,Debit Card,Jeddah,Sale,14889.6
3365,2024-02-29,5404,Accessories,Laptop Stand,3,46.18,Cash on Delivery,Madinah,Sale,138.54
3366,2024-07-20,5704,Cameras,GoPro Hero 11,2,1342.81,Cash on Delivery,Makkah,Sale,2685.62
3367,2024-11-23,5733,Phones,Samsung Galaxy S23,4,3455.25,Debit Card,Jeddah,Sale,13821.0
3368,2024-09-10,5247,Phones,iPhone 14,2,2701.09,Credit Card,Dammam,Sale,5402.18
3369,2024-04-17,5024,TVs,LG 43-inch UHD,5,5591.7,Credit Card,Jeddah,Sale,27958.5
3370,2024-05-31,5794,Phones,iPhone 14,1,3783.02,Debit Card,Jeddah,Sale,3783.02
3371,2024-05-09,5366,Phones,iPhone 14,4,4459.62,Credit Card,Makkah,Sale,17838.48
3372,2024-12-23,5397,TVs,Samsung 55-inch QLED,5,5400.96,Cash on Delivery,Dammam,Sale,27004.8
3373,2024-06-04,5607,Accessories,USB-C Cable,4,189.07,Apple Pay,Madinah,Sale,756.28
3374,2024-01-17,5031,Phones,Oppo Reno 8,4,3855.38,Cash on Delivery,Dammam,Sale,15421.52
3375,2024-07-15,5705,Accessories,Laptop Stand,5,131.89,Credit Card,Not Specified,Sale,659.4499999999999
3376,2024-06-28,5039,Cameras,GoPro Hero 11,4,2002.73,Credit Card,Makkah,Sale,8010.92
3377,2024-08-31,5251,TVs,Samsung 55-inch QLED,3,5902.72,Credit Card,Riyadh,Sale,17708.16
3378,2024-07-13,5480,Phones,Oppo Reno 8,-3,3062.47,Debit Card,Madinah,Return,-9187.41
3379,2024-06-07,5628,Phones,Xiaomi Redmi Note 12,5,4294.33,Apple Pay,Jeddah,Sale,21471.65
3380,2024-01-06,5455,TVs,Samsung 55-inch QLED,2,6076.6,Credit Card,Madinah,Sale,12153.2
3381,2024-08-25,5669,Phones,Samsung Galaxy S23,3,4501.47,Apple Pay,Madinah,Sale,13504.41
3382,2024-10-26,5462,Phones,Xiaomi Redmi Note 12,1,4708.22,Unknown,Jeddah,Sale,4708.22
3383,2024-01-21,5112,Accessories,USB-C Cable,3,189.46,Cash on Delivery,Makkah,Sale,568.38
3384,2024-04-11,5005,Laptops,MacBook Air M2,4,4572.63,Apple Pay,Jeddah,Sale,18290.52
3385,2024-11-30,5309,TVs,Sony 65-inch Bravia,2,4827.43,Apple Pay,Riyadh,Sale,9654.86
3386,2024-06-23,5730,Laptops,Dell XPS 13,5,4912.62,Apple Pay,Jeddah,Sale,24563.1
3387,2024-02-29,5135,TVs,Sony 65-inch Bravia,1,4925.59,Debit Card,Jeddah,Sale,4925.59
3388,2024-01-13,5715,Cameras,GoPro Hero 11,-4,3440.11,Apple Pay,Dammam,Return,-13760.44
3389,2024-12-28,Guest,TVs,Samsung 55-inch QLED,5,5379.71,Cash on Delivery,Madinah,Sale,26898.55
3390,2024-01-18,5718,TVs,LG 43-inch UHD,3,3747.68,Apple Pay,Madinah,Sale,11243.039999999999
3391,2024-02-03,5486,TVs,Samsung 55-inch QLED,1,2667.67,Cash on Delivery,Dammam,Sale,2667.67
3392,2024-05-04,5165,TVs,Sony 65-inch Bravia,2,4038.75,Credit Card,Riyadh,Sale,8077.5
3393,2024-12-06,5382,Phones,Samsung Galaxy S23,2,1999.08,Apple Pay,Madinah,Sale,3998.16
3394,2024-09-01,5423,Cameras,Nikon D3500,1,4104.35,Debit Card,Madinah,Sale,4104.35
3395,2024-04-28,Guest,Phones,iPhone 14,2,2710.57,Debit Card,Dammam,Sale,5421.14
3396,2024-07-09,5537,TVs,Samsung 55-inch QLED,1,2603.19,Credit Card,Riyadh,Sale,2603.19
3397,2024-06-04,5491,Accessories,Wireless Mouse,2,39.42,Cash on Delivery,Jeddah,Sale,78.84
3398,2024-12-05,5219,Laptops,Dell XPS 13,4,6697.85,Apple Pay,Makkah,Sale,26791.4
3399,2024-07-17,5683,Phones,Samsung Galaxy S23,5,3729.16,Unknown,Jeddah,Sale,18645.8
3400,2024-04-02,5168,Laptops,Dell XPS 13,4,4713.93,Credit Card,Madinah,Sale,18855.72
3401,2024-11-16,5416,Laptops,Lenovo ThinkPad E14,3,2966.13,Unknown,Dammam,Sale,8898.39
3402,2024-01-22,5197,Phones,Oppo Reno 8,3,2933.7,Apple Pay,Riyadh,Sale,8801.099999999999
3403,2024-08-18,5490,Accessories,Laptop Stand,5,145.15,Debit Card,Jeddah,Sale,725.75
3404,2024-07-27,5533,Cameras,GoPro Hero 11,-2,3337.63,Debit Card,Madinah,Return,-6675.26
3405,2024-02-08,5067,Accessories,Laptop Stand,4,254.14,Credit Card,Makkah,Sale,1016.56
3406,2024-12-26,5284,Cameras,Canon EOS 200D,2,2212.54,Credit Card,Dammam,Sale,4425.08
3407,2024-08-25,5619,TVs,LG 43-inch UHD,3,2933.04,Cash on Delivery,Madinah,Sale,8799.119999999999
3408,2024-08-28,5775,Accessories,Bluetooth Headphones,5,395.57,Apple Pay,Makkah,Sale,1977.85
3409,2024-10-13,5345,Cameras,GoPro Hero 11,5,2534.41,Debit Card,Makkah,Sale,12672.05
3410,2024-06-24,5644,Phones,Oppo Reno 8,5,3908.96,Credit Card,Dammam,Sale,19544.8
3411,2024-05-27,5331,Accessories,Bluetooth Headphones,5,82.0,Debit Card,Not Specified,Sale,410.0
3412,2024-06-27,5530,Laptops,Dell XPS 13,3,5656.33,Debit Card,Dammam,Sale,16968.989999999998
3413,2024-05-15,5786,TVs,LG 43-inch UHD,5,1943.19,Apple Pay,Jeddah,Sale,9715.95
3414,2024-12-18,5729,Cameras,Canon EOS 200D,3,2719.64,Debit Card,Dammam,Sale,8158.92
3415,2024-06-13,5532,Cameras,GoPro Hero 11,2,4370.46,Apple Pay,Madinah,Sale,8740.92
3416,2024-05-29,5648,Laptops,MacBook Air M2,2,4997.34,Debit Card,Madinah,Sale,9994.68
3417,2024-11-27,5401,Accessories,USB-C Cable,4,44.43,Cash on Delivery,Jeddah,Sale,177.72
3418,2024-05-18,5349,TVs,Sony 65-inch Bravia,5,1960.97,Apple Pay,Madinah,Sale,9804.85
3419,2024-11-06,5385,Laptops,HP Pavilion 15,1,5021.91,Cash on Delivery,Riyadh,Sale,5021.91
3420,2024-02-01,5506,Cameras,Nikon D3500,1,1476.09,Debit Card,Dammam,Sale,1476.09
3421,2024-10-25,5272,TVs,Sony 65-inch Bravia,-3,1921.43,Apple Pay,Jeddah,Return,-5764.29
3422,2024-11-17,5447,Phones,Oppo Reno 8,-4,3321.1949999999997,Credit Card,Makkah,Return,-13284.779999999999
3423,2024-03-02,5370,TVs,LG 43-inch UHD,2,4184.32,Debit Card,Riyadh,Sale,8368.64
3424,2024-02-05,5548,Phones,iPhone 14,3,2512.36,Credit Card,Madinah,Sale,7537.08
3425,2024-02-19,5676,Accessories,USB-C Cable,4,363.03,Debit Card,Riyadh,Sale,1452.12
3426,2024-01-06,5736,Cameras,Canon EOS 200D,1,1318.1,Cash on Delivery,Madinah,Sale,1318.1
3427,2024-08-08,5633,Accessories,Bluetooth Headphones,2,383.69,Debit Card,Jeddah,Sale,767.38
3428,2024-05-16,5155,Cameras,GoPro Hero 11,5,2030.28,Cash on Delivery,Jeddah,Sale,10151.4
3429,2024-04-22,5554,Phones,Xiaomi Redmi Note 12,2,4609.41,Apple Pay,Jeddah,Sale,9218.82
3430,2024-03-23,5127,Cameras,Canon EOS 200D,1,3070.59,Cash on Delivery,Makkah,Sale,3070.59
3431,2024-07-27,5624,Phones,Samsung Galaxy S23,2,4393.48,Debit Card,Makkah,Sale,8786.96
3432,2024-04-22,5244,Laptops,Dell XPS 13,3,8896.09,Credit Card,Riyadh,Sale,26688.27
3433,2024-10-23,5218,Accessories,Laptop Stand,5,136.71,Apple Pay,Makkah,Sale,683.5500000000001
3434,2024-02-11,5153,Laptops,MacBook Air M2,4,8747.38,Apple Pay,Makkah,Sale,34989.52
3435,2024-07-13,5689,TVs,Sony 65-inch Bravia,-1,3825.31,Cash on Delivery,Jeddah,Return,-3825.31
3436,2024-09-25,5511,TVs,LG 43-inch UHD,3,3804.66,Cash on Delivery,Riyadh,Sale,11413.98
3437,2024-07-17,5147,Cameras,GoPro Hero 11,4,2125.39,Debit Card,Dammam,Sale,8501.56
3438,2024-03-27,5321,Phones,Oppo Reno 8,-4,3394.93,Debit Card,Jeddah,Return,-13579.72
3439,2024-05-20,5388,Accessories,Laptop Stand,2,87.03,Cash on Delivery,Jeddah,Sale,174.06
3440,2024-01-13,5463,Cameras,Nikon D3500,5,2893.36,Debit Card,Riyadh,Sale,14466.800000000001
3441,2024-10-19,5020,Phones,Oppo Reno 8,3,3395.97,Cash on Delivery,Makkah,Sale,10187.91
3442,2024-08-16,5261,TVs,LG 43-inch UHD,4,5761.89,Credit Card,Makkah,Sale,23047.56
3443,2024-05-17,5161,Accessories,USB-C Cable,3,338.45,Cash on Delivery,Makkah,Sale,1015.3499999999999
3444,2024-10-26,Guest,Laptops,Dell XPS 13,5,5362.87,Debit Card,Riyadh,Sale,26814.35
3445,2024-04-27,5630,Accessories,Wireless Mouse,1,141.86,Debit Card,Riyadh,Sale,141.86
3446,2024-05-08,5152,Cameras,Canon EOS 200D,-1,1833.61,Cash on Delivery,Makkah,Return,-1833.61
3447,2024-08-11,5419,Accessories,USB-C Cable,3,102.01,Debit Card,Jeddah,Sale,306.03000000000003
3448,2024-09-23,Guest,Accessories,USB-C Cable,-1,51.33,Debit Card,Riyadh,Return,-51.33
3449,2024-05-27,5171,Phones,Samsung Galaxy S23,5,2698.57,Apple Pay,Makkah,Sale,13492.85
3450,2024-04-10,5791,Laptops,MacBook Air M2,5,4256.61,Credit Card,Riyadh,Sale,21283.05
3451,2024-04-01,5566,Phones,Xiaomi Redmi Note 12,5,4882.46,Credit Card,Makkah,Sale,24412.3
3452,2024-03-19,5008,Accessories,USB-C Cable,5,236.35,Debit Card,Jeddah,Sale,1181.75
3453,2024-05-19,5516,Accessories,USB-C Cable,5,158.49,Credit Card,Madinah,Sale,792.45
3454,2024-03-10,5159,Phones,Oppo Reno 8,2,3531.64,Credit Card,Makkah,Sale,7063.28
3455,2024-11-07,5251,Laptops,Dell XPS 13,3,3404.78,Cash on Delivery,Makkah,Sale,10214.34
3456,2024-12-29,5655,TVs,Samsung 55-inch QLED,1,4109.03,Debit Card,Jeddah,Sale,4109.03
3457,2024-02-04,5294,Cameras,Canon EOS 200D,-4,3154.44,Debit Card,Riyadh,Return,-12617.76
3458,2024-09-07,5477,TVs,Sony 65-inch Bravia,4,4342.27,Apple Pay,Madinah,Sale,17369.08
3459,2024-11-06,5536,Cameras,Nikon D3500,5,2346.4,Apple Pay,Dammam,Sale,11732.0
3460,2024-09-14,5211,TVs,Samsung 55-inch QLED,4,6968.01,Debit Card,Riyadh,Sale,27872.04
3461,2024-06-01,5384,Phones,Xiaomi Redmi Note 12,1,4581.1,Apple Pay,Makkah,Sale,4581.1
3462,2024-01-13,5768,Accessories,Bluetooth Headphones,3,260.66,Apple Pay,Jeddah,Sale,781.98
3463,2024-08-10,5776,Phones,Samsung Galaxy S23,2,3492.82,Apple Pay,Madinah,Sale,6985.64
3464,2024-07-21,5232,Laptops,HP Pavilion 15,2,6534.29,Debit Card,Riyadh,Sale,13068.58
3465,2024-06-09,5380,TVs,LG 43-inch UHD,4,2846.82,Apple Pay,Makkah,Sale,11387.28
3466,2024-03-07,5149,Laptops,Lenovo ThinkPad E14,4,5068.4,Credit Card,Jeddah,Sale,20273.6
3467,2024-07-10,5395,Phones,Xiaomi Redmi Note 12,1,1638.11,Cash on Delivery,Makkah,Sale,1638.11
3468,2024-11-02,5564,TVs,Samsung 55-inch QLED,3,4272.84,Cash on Delivery,Madinah,Sale,12818.52
3469,2024-09-02,5198,TVs,Samsung 55-inch QLED,1,4407.88,Cash on Delivery,Dammam,Sale,4407.88
3470,2024-01-06,5276,Accessories,USB-C Cable,1,114.27,Debit Card,Madinah,Sale,114.27
3471,2024-09-17,5459,Phones,iPhone 14,2,4874.1,Cash on Delivery,Riyadh,Sale,9748.2
3472,2024-11-09,5334,TVs,LG 43-inch UHD,4,6529.16,Cash on Delivery,Madinah,Sale,26116.64
3473,2024-01-27,Guest,Accessories,Bluetooth Headphones,5,297.19,Credit Card,Makkah,Sale,1485.95
3474,2024-09-20,5386,TVs,LG 43-inch UHD,1,4573.61,Credit Card,Jeddah,Sale,4573.61
3475,2024-11-21,5780,Accessories,Laptop Stand,3,351.89,Debit Card,Jeddah,Sale,1055.67
3476,2024-11-11,5225,Laptops,MacBook Air M2,4,3349.24,Cash on Delivery,Makkah,Sale,13396.96
3477,2024-06-04,5428,Phones,iPhone 14,1,4266.78,Debit Card,Not Specified,Sale,4266.78
3478,2024-08-01,5581,Cameras,Canon EOS 200D,2,1349.35,Apple Pay,Madinah,Sale,2698.7
3479,2024-01-01,5271,Accessories,USB-C Cable,1,323.86,Debit Card,Riyadh,Sale,323.86
3480,2024-04-22,Guest,TVs,Samsung 55-inch QLED,4,3233.99,Debit Card,Makkah,Sale,12935.96
3481,2024-06-24,5264,Phones,Oppo Reno 8,5,4569.82,Cash on Delivery,Makkah,Sale,22849.1
3482,2024-10-07,5159,Cameras,GoPro Hero 11,3,4298.55,Cash on Delivery,Not Specified,Sale,12895.650000000001
3483,2024-12-15,5022,Cameras,GoPro Hero 11,3,1435.67,Debit Card,Jeddah,Sale,4307.01
3484,2024-05-19,5741,TVs,LG 43-inch UHD,-3,4407.88,Cash on Delivery,Makkah,Return,-13223.64
3485,2024-10-29,5151,TVs,Samsung 55-inch QLED,3,6901.13,Cash on Delivery,Riyadh,Sale,20703.39
3486,2024-04-22,5100,Cameras,Canon EOS 200D,2,2640.27,Apple Pay,Jeddah,Sale,5280.54
3487,2024-04-07,5580,Cameras,GoPro Hero 11,4,4008.77,Apple Pay,Makkah,Sale,16035.08
3488,2024-02-11,5492,Accessories,Bluetooth Headphones,2,247.83,Debit Card,Madinah,Sale,495.66
3489,2024-01-30,5157,Phones,Xiaomi Redmi Note 12,4,2813.65,Apple Pay,Makkah,Sale,11254.6
3490,2024-01-16,5315,TVs,LG 43-inch UHD,3,3286.07,Cash on Delivery,Riyadh,Sale,9858.210000000001
3491,2024-09-08,5440,Laptops,Lenovo ThinkPad E14,4,3820.95,Debit Card,Makkah,Sale,15283.8
3492,2024-05-04,5163,Laptops,HP Pavilion 15,5,7451.69,Debit Card,Dammam,Sale,37258.45
3493,2024-10-30,5084,Cameras,Nikon D3500,4,2291.55,Credit Card,Riyadh,Sale,9166.2
3494,2024-03-17,5094,Phones,iPhone 14,5,3289.46,Apple Pay,Makkah,Sale,16447.3
3495,2024-01-02,5136,Laptops,MacBook Air M2,4,5700.12,Debit Card,Riyadh,Sale,22800.48
3496,2024-12-13,5169,Accessories,Bluetooth Headphones,3,243.59,Unknown,Riyadh,Sale,730.77
3497,2024-02-21,5629,Accessories,Bluetooth Headphones,1,350.26,Unknown,Riyadh,Sale,350.26
3498,2024-03-28,5273,Phones,Samsung Galaxy S23,4,4932.59,Apple Pay,Riyadh,Sale,19730.36
3499,2024-11-11,5291,Cameras,Nikon D3500,5,2367.3,Credit Card,Madinah,Sale,11836.5
3500,2024-08-24,5658,Laptops,MacBook Air M2,5,7878.87,Cash on Delivery,Jeddah,Sale,39394.35
3501,2024-09-11,5032,Cameras,Canon EOS 200D,5,3652.3,Debit Card,Dammam,Sale,18261.5
3502,2024-12-06,5367,TVs,LG 43-inch UHD,2,4782.35,Apple Pay,Makkah,Sale,9564.7
3503,2024-05-30,5316,Cameras,Nikon D3500,-4,4341.77,Apple Pay,Jeddah,Return,-17367.08
3504,2024-05-03,5037,Accessories,USB-C Cable,4,104.18,Debit Card,Jeddah,Sale,416.72
3505,2024-10-27,5459,Phones,iPhone 14,1,1882.42,Debit Card,Riyadh,Sale,1882.42
3506,2024-02-07,5593,Laptops,Dell XPS 13,3,5873.17,Cash on Delivery,Dammam,Sale,17619.510000000002
3507,2024-08-10,5746,Laptops,Lenovo ThinkPad E14,4,5354.47,Credit Card,Madinah,Sale,21417.88
3508,2024-12-29,5372,Cameras,Nikon D3500,2,3949.09,Apple Pay,Riyadh,Sale,7898.18
3509,2024-04-08,5032,Laptops,Lenovo ThinkPad E14,3,8305.09,Credit Card,Riyadh,Sale,24915.27
3510,2024-04-05,5726,Accessories,Laptop Stand,4,53.11,Apple Pay,Makkah,Sale,212.44
3511,2024-03-09,5769,Accessories,Laptop Stand,3,356.88,Apple Pay,Dammam,Sale,1070.6399999999999
3512,2024-04-04,5425,Cameras,GoPro Hero 11,1,2513.95,Debit Card,Dammam,Sale,2513.95
3513,2024-06-20,Guest,Phones,Oppo Reno 8,2,3286.51,Credit Card,Jeddah,Sale,6573.02
3514,2024-09-10,5427,Cameras,GoPro Hero 11,3,3155.73,Debit Card,Jeddah,Sale,9467.19
3515,2024-11-19,5381,Phones,iPhone 14,3,4742.34,Cash on Delivery,Madinah,Sale,14227.02
3516,2024-02-23,5151,Accessories,Wireless Mouse,4,37.07,Debit Card,Jeddah,Sale,148.28
3517,2024-09-28,5788,Accessories,Bluetooth Headphones,4,206.43,Debit Card,Makkah,Sale,825.72
3518,2024-10-29,5773,Phones,Oppo Reno 8,5,3907.03,Cash on Delivery,Madinah,Sale,19535.15
3519,2024-05-25,5603,TVs,Samsung 55-inch QLED,3,5558.08,Credit Card,Makkah,Sale,16674.239999999998
3520,2024-08-01,5605,Phones,Oppo Reno 8,4,3923.86,Debit Card,Dammam,Sale,15695.44
3521,2024-05-15,5684,Laptops,Lenovo ThinkPad E14,3,3373.83,Credit Card,Jeddah,Sale,10121.49
3522,2024-07-21,5234,Cameras,Nikon D3500,3,1977.82,Credit Card,Madinah,Sale,5933.46
3523,2024-08-18,5440,Phones,Samsung Galaxy S23,2,2755.5,Apple Pay,Riyadh,Sale,5511.0
3524,2024-05-20,5513,Phones,iPhone 14,5,4315.53,Apple Pay,Riyadh,Sale,21577.649999999998
3525,2024-09-11,5677,Accessories,Wireless Mouse,5,133.14,Debit Card,Madinah,Sale,665.6999999999999
3526,2024-02-29,5743,Cameras,Nikon D3500,2,1658.54,Apple Pay,Madinah,Sale,3317.08
3527,2024-10-06,5081,Accessories,USB-C Cable,2,384.26,Credit Card,Makkah,Sale,768.52
3528,2024-09-02,5767,Accessories,USB-C Cable,1,33.28,Credit Card,Jeddah,Sale,33.28
3529,2024-12-02,5165,Accessories,USB-C Cable,3,399.19,Cash on Delivery,Makkah,Sale,1197.57
3530,2024-03-24,5316,TVs,Samsung 55-inch QLED,3,5319.47,Unknown,Dammam,Sale,15958.41
3531,2024-10-07,5124,Cameras,GoPro Hero 11,1,3882.49,Credit Card,Jeddah,Sale,3882.49
3532,2024-02-03,5783,Phones,Samsung Galaxy S23,3,2531.17,Debit Card,Riyadh,Sale,7593.51
3533,2024-03-03,5125,TVs,LG 43-inch UHD,5,1874.44,Apple Pay,Madinah,Sale,9372.2
3534,2024-11-10,5094,TVs,Sony 65-inch Bravia,3,5636.92,Credit Card,Dammam,Sale,16910.760000000002
3535,2024-07-17,5635,Accessories,USB-C Cable,2,338.63,Cash on Delivery,Riyadh,Sale,677.26
3536,2024-03-24,5534,Phones,iPhone 14,2,4091.67,Cash on Delivery,Jeddah,Sale,8183.34
3537,2024-02-09,5398,Cameras,Canon EOS 200D,3,1414.26,Credit Card,Dammam,Sale,4242.78
3538,2024-09-19,5194,TVs,Samsung 55-inch QLED,4,5717.83,Debit Card,Jeddah,Sale,22871.32
3539,2024-09-04,5672,Cameras,GoPro Hero 11,5,3668.12,Credit Card,Jeddah,Sale,18340.6
3540,2024-08-22,5203,TVs,Sony 65-inch Bravia,4,5224.41,Cash on Delivery,Dammam,Sale,20897.64
3541,2024-08-19,5363,Phones,iPhone 14,2,4181.41,Credit Card,Madinah,Sale,8362.82
3542,2024-11-28,5322,Phones,Xiaomi Redmi Note 12,3,4460.73,Apple Pay,Riyadh,Sale,13382.189999999999
3543,2024-03-09,5139,TVs,Samsung 55-inch QLED,1,4990.74,Credit Card,Madinah,Sale,4990.74
3544,2024-10-10,5639,TVs,LG 43-inch UHD,5,2260.74,Cash on Delivery,Riyadh,Sale,11303.699999999999
3545,2024-05-05,5039,Phones,Xiaomi Redmi Note 12,3,3206.7,Unknown,Dammam,Sale,9620.099999999999
3546,2024-02-06,5156,Phones,iPhone 14,2,1771.77,Cash on Delivery,Makkah,Sale,3543.54
3547,2024-07-29,5510,Accessories,Bluetooth Headphones,1,180.79,Cash on Delivery,Riyadh,Sale,180.79
3548,2024-07-27,5335,Accessories,Bluetooth Headphones,1,180.63,Credit Card,Dammam,Sale,180.63
3549,2024-03-11,5116,Laptops,MacBook Air M2,5,2929.06,Credit Card,Dammam,Sale,14645.3
3550,2024-06-19,5590,Phones,Xiaomi Redmi Note 12,3,2720.87,Credit Card,Jeddah,Sale,8162.61
3551,2024-04-28,5778,Laptops,MacBook Air M2,1,3221.49,Cash on Delivery,Dammam,Sale,3221.49
3552,2024-02-10,5673,Cameras,GoPro Hero 11,5,3809.65,Cash on Delivery,Madinah,Sale,19048.25
3553,2024-07-25,5095,Accessories,Wireless Mouse,1,380.64,Cash on Delivery,Makkah,Sale,380.64
3554,2024-01-27,5602,Accessories,Bluetooth Headphones,2,56.76,Credit Card,Riyadh,Sale,113.52
3555,2024-09-01,5415,Phones,iPhone 14,1,4842.9,Unknown,Dammam,Sale,4842.9
3556,2024-05-15,5342,Cameras,Canon EOS 200D,2,2781.28,Debit Card,Riyadh,Sale,5562.56
3557,2024-11-28,5481,Laptops,Dell XPS 13,5,4447.18,Credit Card,Riyadh,Sale,22235.9
3558,2024-03-27,Guest,Laptops,Dell XPS 13,5,2999.6,Debit Card,Makkah,Sale,14998.0
3559,2024-10-22,5243,Cameras,Nikon D3500,2,2702.25,Apple Pay,Madinah,Sale,5404.5
3560,2024-04-18,5540,Phones,Oppo Reno 8,5,4280.8,Apple Pay,Jeddah,Sale,21404.0
3561,2024-03-10,5294,Accessories,Bluetooth Headphones,4,291.62,Apple Pay,Madinah,Sale,1166.48
3562,2024-11-11,5663,Accessories,USB-C Cable,1,48.58,Apple Pay,Dammam,Sale,48.58
3563,2024-01-01,5195,Cameras,Nikon D3500,1,1162.45,Apple Pay,Madinah,Sale,1162.45
3564,2024-10-22,5135,Accessories,USB-C Cable,2,179.06,Credit Card,Jeddah,Sale,358.12
3565,2024-05-07,5136,Phones,Samsung Galaxy S23,1,2533.52,Credit Card,Makkah,Sale,2533.52
3566,2024-02-27,5734,Laptops,HP Pavilion 15,5,4010.5,Credit Card,Jeddah,Sale,20052.5
3567,2024-07-30,5457,Phones,iPhone 14,1,2483.52,Cash on Delivery,Jeddah,Sale,2483.52
3568,2024-11-27,5420,Laptops,Dell XPS 13,1,7722.64,Cash on Delivery,Dammam,Sale,7722.64
3569,2024-09-22,5650,TVs,Sony 65-inch Bravia,3,6631.99,Apple Pay,Jeddah,Sale,19895.97
3570,2024-07-18,5501,Laptops,Dell XPS 13,3,5133.17,Debit Card,Jeddah,Sale,15399.51
3571,2024-08-11,5443,TVs,LG 43-inch UHD,1,6511.78,Cash on Delivery,Riyadh,Sale,6511.78
3572,2024-02-01,5296,TVs,Samsung 55-inch QLED,1,3471.78,Apple Pay,Not Specified,Sale,3471.78
3573,2024-02-26,Guest,Laptops,Lenovo ThinkPad E14,3,5596.84,Debit Card,Dammam,Sale,16790.52
3574,2024-01-08,5465,Laptops,Lenovo ThinkPad E14,4,3969.19,Credit Card,Not Specified,Sale,15876.76
3575,2024-11-25,5704,Accessories,Bluetooth Headphones,-2,266.98,Apple Pay,Jeddah,Return,-533.96
3576,2024-07-18,5225,Accessories,Laptop Stand,3,392.22,Debit Card,Makkah,Sale,1176.66
3577,2024-01-09,5224,TVs,Samsung 55-inch QLED,2,4938.16,Apple Pay,Makkah,Sale,9876.32
3578,2024-11-24,5738,Cameras,GoPro Hero 11,2,2188.13,Credit Card,Dammam,Sale,4376.26
3579,2024-12-19,5317,Accessories,Bluetooth Headphones,1,269.69,Cash on Delivery,Madinah,Sale,269.69
3580,2024-02-02,5289,TVs,Samsung 55-inch QLED,5,2439.19,Credit Card,Jeddah,Sale,12195.95
3581,2024-12-08,5541,Accessories,USB-C Cable,5,358.8,Debit Card,Makkah,Sale,1794.0
3582,2024-01-11,5349,Phones,Samsung Galaxy S23,3,3260.79,Apple Pay,Madinah,Sale,9782.369999999999
3583,2024-04-09,5738,Phones,Oppo Reno 8,2,3072.72,Credit Card,Dammam,Sale,6145.44
3584,2024-12-22,5685,TVs,LG 43-inch UHD,3,4846.5,Debit Card,Makkah,Sale,14539.5
3585,2024-10-15,5483,Cameras,GoPro Hero 11,3,3149.22,Credit Card,Makkah,Sale,9447.66
3586,2024-05-05,5365,Cameras,Canon EOS 200D,3,1158.39,Credit Card,Dammam,Sale,3475.17
3587,2024-09-29,5441,TVs,Samsung 55-inch QLED,3,5349.61,Apple Pay,Jeddah,Sale,16048.829999999998
3588,2024-12-19,5140,Cameras,Canon EOS 200D,1,1770.95,Credit Card,Madinah,Sale,1770.95
3589,2024-01-23,5547,Laptops,Lenovo ThinkPad E14,2,7140.69,Apple Pay,Makkah,Sale,14281.38
3590,2024-12-14,5226,Phones,iPhone 14,5,4378.87,Apple Pay,Jeddah,Sale,21894.35
3591,2024-07-08,5011,Laptops,Dell XPS 13,1,7725.73,Credit Card,Dammam,Sale,7725.73
3592,2024-03-02,5095,Cameras,Nikon D3500,3,2889.0,Apple Pay,Jeddah,Sale,8667.0
3593,2024-11-09,5612,Accessories,USB-C Cable,1,222.46,Credit Card,Dammam,Sale,222.46
3594,2024-11-18,5705,Cameras,GoPro Hero 11,2,1414.35,Credit Card,Makkah,Sale,2828.7
3595,2024-12-02,5421,Accessories,USB-C Cable,1,316.88,Apple Pay,Jeddah,Sale,316.88
3596,2024-02-15,5284,Accessories,Wireless Mouse,5,130.42,Debit Card,Madinah,Sale,652.0999999999999
3597,2024-12-22,5569,Phones,Oppo Reno 8,3,3238.43,Cash on Delivery,Makkah,Sale,9715.289999999999
3598,2024-02-19,5197,Laptops,MacBook Air M2,5,4347.78,Credit Card,Dammam,Sale,21738.899999999998
3599,2024-04-29,5214,Laptops,Dell XPS 13,1,3369.88,Debit Card,Jeddah,Sale,3369.88
3600,2024-05-31,5231,Laptops,Dell XPS 13,4,6592.13,Credit Card,Makkah,Sale,26368.52
3601,2024-01-17,5642,Cameras,Canon EOS 200D,1,1095.6,Debit Card,Dammam,Sale,1095.6
3602,2024-03-19,5387,Accessories,Laptop Stand,1,307.0,Debit Card,Makkah,Sale,307.0
3603,2024-07-10,5111,Phones,Samsung Galaxy S23,1,2611.55,Debit Card,Makkah,Sale,2611.55
3604,2024-04-18,Guest,Phones,Samsung Galaxy S23,1,1500.47,Debit Card,Makkah,Sale,1500.47
3605,2024-12-24,5730,TVs,Samsung 55-inch QLED,2,4457.87,Cash on Delivery,Madinah,Sale,8915.74
3606,2024-09-28,5161,Cameras,GoPro Hero 11,5,1068.67,Cash on Delivery,Makkah,Sale,5343.35
3607,2024-12-04,5435,Cameras,GoPro Hero 11,5,1894.21,Debit Card,Makkah,Sale,9471.05
3608,2024-05-22,5219,Laptops,Lenovo ThinkPad E14,3,7095.35,Cash on Delivery,Madinah,Sale,21286.050000000003
3609,2024-07-26,5476,Phones,Samsung Galaxy S23,3,1719.41,Apple Pay,Madinah,Sale,5158.2300000000005
3610,2024-12-21,5754,Phones,iPhone 14,2,4437.68,Credit Card,Jeddah,Sale,8875.36
3611,2024-10-13,5729,Cameras,Canon EOS 200D,4,913.75,Apple Pay,Madinah,Sale,3655.0
3612,2024-09-22,5246,Laptops,MacBook Air M2,2,4104.36,Debit Card,Jeddah,Sale,8208.72
3613,2024-05-03,5537,Phones,iPhone 14,5,4093.16,Credit Card,Dammam,Sale,20465.8
3614,2024-05-12,5139,Cameras,Canon EOS 200D,3,2038.57,Cash on Delivery,Madinah,Sale,6115.71
3615,2024-08-06,5225,Laptops,MacBook Air M2,4,3162.3,Debit Card,Jeddah,Sale,12649.2
3616,2024-11-15,5738,Phones,Samsung Galaxy S23,4,2760.82,Credit Card,Makkah,Sale,11043.28
3617,2024-06-13,5345,Cameras,Canon EOS 200D,4,1873.42,Debit Card,Dammam,Sale,7493.68
3618,2024-01-06,5085,Phones,iPhone 14,1,4449.49,Credit Card,Riyadh,Sale,4449.49
3619,2024-11-22,5704,Accessories,USB-C Cable,5,145.94,Credit Card,Riyadh,Sale,729.7
3620,2024-02-20,5645,Laptops,Lenovo ThinkPad E14,4,7628.06,Cash on Delivery,Riyadh,Sale,30512.24
3621,2024-03-17,5688,Cameras,Canon EOS 200D,3,4110.74,Cash on Delivery,Makkah,Sale,12332.22
3622,2024-05-29,5558,Phones,Xiaomi Redmi Note 12,3,3321.1949999999997,Debit Card,Not Specified,Sale,9963.585
3623,2024-05-27,5179,Laptops,Lenovo ThinkPad E14,4,8414.63,Credit Card,Jeddah,Sale,33658.52
3624,2024-06-09,5519,Accessories,Wireless Mouse,4,169.61,Apple Pay,Not Specified,Sale,678.44
3625,2024-01-14,5677,TVs,LG 43-inch UHD,1,6813.21,Credit Card,Riyadh,Sale,6813.21
3626,2024-07-12,5370,Accessories,USB-C Cable,3,63.04,Cash on Delivery,Riyadh,Sale,189.12
3627,2024-09-28,5576,Cameras,Nikon D3500,2,3373.27,Apple Pay,Makkah,Sale,6746.54
3628,2024-07-30,5233,Phones,Samsung Galaxy S23,2,3228.35,Cash on Delivery,Madinah,Sale,6456.7
3629,2024-12-04,5174,Accessories,Bluetooth Headphones,1,173.43,Cash on Delivery,Dammam,Sale,173.43
3630,2024-01-22,Guest,Cameras,Nikon D3500,5,3177.76,Credit Card,Makkah,Sale,15888.800000000001
3631,2024-05-03,5363,TVs,Samsung 55-inch QLED,4,5460.06,Apple Pay,Madinah,Sale,21840.24
3632,2024-03-05,5048,Phones,Samsung Galaxy S23,1,1515.27,Credit Card,Dammam,Sale,1515.27
3633,2024-05-09,Guest,Phones,Oppo Reno 8,5,2084.34,Credit Card,Madinah,Sale,10421.7
3634,2024-11-16,5485,Phones,Xiaomi Redmi Note 12,3,3995.66,Debit Card,Madinah,Sale,11986.98
3635,2024-09-21,5541,TVs,Samsung 55-inch QLED,2,5265.2,Apple Pay,Jeddah,Sale,10530.4
3636,2024-05-17,5144,Phones,Oppo Reno 8,2,4881.17,Debit Card,Riyadh,Sale,9762.34
3637,2024-12-13,5585,TVs,Sony 65-inch Bravia,3,5757.4,Debit Card,Madinah,Sale,17272.199999999997
3638,2024-01-06,5429,Accessories,Laptop Stand,2,381.79,Credit Card,Jeddah,Sale,763.58
3639,2024-09-27,5317,Laptops,HP Pavilion 15,4,7066.51,Debit Card,Riyadh,Sale,28266.04
3640,2024-08-24,5646,Accessories,Wireless Mouse,1,140.28,Apple Pay,Dammam,Sale,140.28
3641,2024-06-30,5191,TVs,Samsung 55-inch QLED,3,2347.9,Cash on Delivery,Riyadh,Sale,7043.700000000001
3642,2024-12-11,5699,TVs,Samsung 55-inch QLED,3,5865.48,Cash on Delivery,Not Specified,Sale,17596.44
3643,2024-04-08,5386,Laptops,HP Pavilion 15,1,6686.97,Credit Card,Makkah,Sale,6686.97
3644,2024-05-23,5748,Accessories,Laptop Stand,3,47.83,Credit Card,Jeddah,Sale,143.49
3645,2024-05-03,5339,Phones,Xiaomi Redmi Note 12,5,2760.18,Debit Card,Not Specified,Sale,13800.9
3646,2024-11-08,Guest,Laptops,Lenovo ThinkPad E14,1,8719.2,Cash on Delivery,Riyadh,Sale,8719.2
3647,2024-05-02,5783,Phones,Xiaomi Redmi Note 12,2,3251.4,Debit Card,Jeddah,Sale,6502.8
3648,2024-09-26,5404,Accessories,USB-C Cable,3,190.11,Cash on Delivery,Riyadh,Sale,570.33
3649,2024-02-22,5465,Laptops,Dell XPS 13,1,5475.05,Credit Card,Madinah,Sale,5475.05
3650,2024-03-04,5203,Cameras,Nikon D3500,5,1651.98,Credit Card,Madinah,Sale,8259.9
3651,2024-11-19,5137,Laptops,MacBook Air M2,2,4896.6,Apple Pay,Jeddah,Sale,9793.2
3652,2024-06-14,5035,TVs,Sony 65-inch Bravia,2,3723.03,Credit Card,Makkah,Sale,7446.06
3653,2024-11-09,5398,Phones,iPhone 14,5,1683.24,Apple Pay,Dammam,Sale,8416.2
3654,2024-09-13,5189,Phones,Oppo Reno 8,-4,3321.1949999999997,Credit Card,Riyadh,Return,-13284.779999999999
3655,2024-01-16,5797,Laptops,MacBook Air M2,5,5207.28,Credit Card,Dammam,Sale,26036.399999999998
3656,2024-10-08,5704,TVs,Samsung 55-inch QLED,2,6075.34,Credit Card,Jeddah,Sale,12150.68
3657,2024-08-29,5610,TVs,LG 43-inch UHD,4,6221.81,Cash on Delivery,Dammam,Sale,24887.24
3658,2024-01-02,5376,Phones,Oppo Reno 8,5,2241.98,Debit Card,Makkah,Sale,11209.9
3659,2024-03-09,5618,Cameras,Nikon D3500,1,3266.47,Unknown,Dammam,Sale,3266.47
3660,2024-09-26,5552,Phones,iPhone 14,5,3152.99,Cash on Delivery,Riyadh,Sale,15764.949999999999
3661,2024-04-28,5027,Accessories,USB-C Cable,4,355.66,Apple Pay,Dammam,Sale,1422.64
3662,2024-07-27,5220,Cameras,Canon EOS 200D,2,1676.67,Debit Card,Not Specified,Sale,3353.34
3663,2024-09-15,5462,Cameras,GoPro Hero 11,2,3340.13,Credit Card,Jeddah,Sale,6680.26
3664,2024-06-21,5261,Accessories,Bluetooth Headphones,4,254.87,Credit Card,Riyadh,Sale,1019.48
3665,2024-07-03,5375,Phones,Xiaomi Redmi Note 12,5,2533.56,Apple Pay,Riyadh,Sale,12667.8
3666,2024-05-01,5445,Phones,Xiaomi Redmi Note 12,4,1978.1,Apple Pay,Makkah,Sale,7912.4
3667,2024-02-29,Guest,Phones,iPhone 14,2,3780.74,Apple Pay,Riyadh,Sale,7561.48
3668,2024-09-23,5407,Laptops,MacBook Air M2,2,7300.88,Cash on Delivery,Makkah,Sale,14601.76
3669,2024-01-14,5074,Cameras,Canon EOS 200D,4,2036.26,Debit Card,Makkah,Sale,8145.04
3670,2024-02-21,5348,Accessories,USB-C Cable,2,268.59,Debit Card,Dammam,Sale,537.18
3671,2024-08-08,5585,Accessories,Wireless Mouse,5,176.2,Debit Card,Makkah,Sale,881.0
3672,2024-11-16,5659,Phones,Oppo Reno 8,-4,3996.22,Apple Pay,Not Specified,Return,-15984.88
3673,2024-09-25,5118,Laptops,Dell XPS 13,3,3794.9,Cash on Delivery,Riyadh,Sale,11384.7
3674,2024-10-10,5350,Laptops,HP Pavilion 15,-1,8286.4,Apple Pay,Jeddah,Return,-8286.4
3675,2024-09-01,5047,Accessories,USB-C Cable,-5,136.34,Debit Card,Makkah,Return,-681.7
3676,2024-11-26,5104,Laptops,Dell XPS 13,3,4890.61,Credit Card,Riyadh,Sale,14671.829999999998
3677,2024-12-19,5377,Accessories,Laptop Stand,1,51.49,Credit Card,Madinah,Sale,51.49
3678,2024-12-28,5587,Cameras,GoPro Hero 11,1,1301.44,Cash on Delivery,Dammam,Sale,1301.44
3679,2024-12-31,5169,Laptops,MacBook Air M2,4,5853.1,Cash on Delivery,Not Specified,Sale,23412.4
3680,2024-12-27,5586,TVs,Sony 65-inch Bravia,5,3191.48,Apple Pay,Madinah,Sale,15957.4
3681,2024-05-31,Guest,TVs,Sony 65-inch Bravia,5,6144.5,Apple Pay,Riyadh,Sale,30722.5
3682,2024-10-01,5254,Accessories,USB-C Cable,3,35.44,Apple Pay,Madinah,Sale,106.32
3683,2024-10-16,5790,Laptops,HP Pavilion 15,1,4964.11,Cash on Delivery,Riyadh,Sale,4964.11
3684,2024-10-18,5194,Cameras,Nikon D3500,5,2114.44,Debit Card,Jeddah,Sale,10572.2
3685,2024-04-24,5413,Phones,Samsung Galaxy S23,3,1567.65,Debit Card,Makkah,Sale,4702.950000000001
3686,2024-01-29,5484,Cameras,GoPro Hero 11,4,1347.73,Credit Card,Not Specified,Sale,5390.92
3687,2024-11-23,5031,Laptops,Lenovo ThinkPad E14,1,5188.68,Apple Pay,Makkah,Sale,5188.68
3688,2024-04-20,5621,TVs,Samsung 55-inch QLED,3,4362.9,Debit Card,Madinah,Sale,13088.699999999999
3689,2024-12-09,5532,Laptops,HP Pavilion 15,5,5127.88,Cash on Delivery,Jeddah,Sale,25639.4
3690,2024-05-25,5679,Laptops,MacBook Air M2,1,5951.09,Cash on Delivery,Makkah,Sale,5951.09
3691,2024-12-21,5030,Phones,Samsung Galaxy S23,5,3582.96,Apple Pay,Dammam,Sale,17914.8
3692,2024-07-26,5692,Cameras,Canon EOS 200D,5,935.73,Cash on Delivery,Madinah,Sale,4678.65
3693,2024-12-04,5391,Laptops,Lenovo ThinkPad E14,3,5516.62,Credit Card,Not Specified,Sale,16549.86
3694,2024-06-25,5015,Cameras,Nikon D3500,4,4368.6,Credit Card,Jeddah,Sale,17474.4
3695,2024-08-06,5541,Cameras,Nikon D3500,1,2768.52,Debit Card,Jeddah,Sale,2768.52
3696,2024-03-02,5408,Accessories,Bluetooth Headphones,3,280.69,Debit Card,Dammam,Sale,842.0699999999999
3697,2024-05-03,5278,Cameras,Canon EOS 200D,5,2022.71,Unknown,Madinah,Sale,10113.55
3698,2024-03-25,5006,Phones,iPhone 14,4,4208.97,Debit Card,Riyadh,Sale,16835.88
3699,2024-11-03,5056,Cameras,Nikon D3500,4,3682.52,Apple Pay,Riyadh,Sale,14730.08
3700,2024-09-14,Guest,Phones,Oppo Reno 8,2,3324.54,Credit Card,Riyadh,Sale,6649.08
3701,2024-01-14,5540,Laptops,HP Pavilion 15,1,8844.09,Credit Card,Makkah,Sale,8844.09
3702,2024-11-02,5055,Phones,Xiaomi Redmi Note 12,3,1939.43,Credit Card,Dammam,Sale,5818.29
3703,2024-03-31,5453,TVs,LG 43-inch UHD,5,1888.13,Debit Card,Madinah,Sale,9440.650000000001
3704,2024-03-14,5652,TVs,Sony 65-inch Bravia,1,5804.82,Cash on Delivery,Jeddah,Sale,5804.82
3705,2024-01-09,5613,Accessories,Bluetooth Headphones,4,328.65,Apple Pay,Makkah,Sale,1314.6
3706,2024-03-24,5743,Accessories,Laptop Stand,1,74.48,Apple Pay,Jeddah,Sale,74.48
3707,2024-12-09,5019,TVs,LG 43-inch UHD,2,3181.03,Debit Card,Dammam,Sale,6362.06
3708,2024-09-08,5164,Cameras,Canon EOS 200D,4,963.19,Apple Pay,Not Specified,Sale,3852.76
3709,2024-11-04,5406,Cameras,GoPro Hero 11,1,1955.91,Cash on Delivery,Riyadh,Sale,1955.91
3710,2024-09-30,5203,Cameras,GoPro Hero 11,3,3683.31,Credit Card,Jeddah,Sale,11049.93
3711,2024-04-28,5366,Laptops,Lenovo ThinkPad E14,1,5866.74,Debit Card,Dammam,Sale,5866.74
3712,2024-06-25,Guest,Laptops,Dell XPS 13,4,4762.62,Unknown,Makkah,Sale,19050.48
3713,2024-01-06,5080,Phones,Oppo Reno 8,2,2801.09,Debit Card,Riyadh,Sale,5602.18
3714,2024-01-01,5768,Cameras,Canon EOS 200D,4,904.87,Credit Card,Jeddah,Sale,3619.48
3715,2024-09-19,5507,TVs,Samsung 55-inch QLED,3,3358.96,Debit Card,Makkah,Sale,10076.880000000001
3716,2024-06-25,5223,Cameras,GoPro Hero 11,4,3227.25,Credit Card,Jeddah,Sale,12909.0
3717,2024-12-07,5270,TVs,Samsung 55-inch QLED,5,6865.81,Cash on Delivery,Dammam,Sale,34329.05
3718,2024-03-27,5144,Cameras,Canon EOS 200D,5,3949.42,Cash on Delivery,Riyadh,Sale,19747.1
3719,2024-09-18,5282,TVs,LG 43-inch UHD,1,1922.69,Credit Card,Makkah,Sale,1922.69
3720,2024-05-01,5104,Accessories,Wireless Mouse,4,362.47,Debit Card,Dammam,Sale,1449.88
3721,2024-09-30,5758,TVs,LG 43-inch UHD,1,5872.63,Debit Card,Makkah,Sale,5872.63
3722,2024-09-19,5014,TVs,Sony 65-inch Bravia,2,5857.96,Debit Card,Riyadh,Sale,11715.92
3723,2024-09-08,5643,Laptops,MacBook Air M2,5,5476.97,Debit Card,Riyadh,Sale,27384.850000000002
3724,2024-09-22,5559,Laptops,HP Pavilion 15,4,5087.03,Debit Card,Madinah,Sale,20348.12
3725,2024-12-17,Guest,Accessories,Laptop Stand,5,142.08,Apple Pay,Jeddah,Sale,710.4000000000001
3726,2024-10-03,5181,TVs,Samsung 55-inch QLED,2,2141.61,Credit Card,Madinah,Sale,4283.22
3727,2024-06-12,Guest,Cameras,GoPro Hero 11,4,2606.12,Credit Card,Dammam,Sale,10424.48
3728,2024-12-01,5697,Cameras,Nikon D3500,4,1787.77,Apple Pay,Makkah,Sale,7151.08
3729,2024-09-01,5241,Phones,Oppo Reno 8,1,3194.27,Apple Pay,Makkah,Sale,3194.27
3730,2024-03-16,5385,TVs,Sony 65-inch Bravia,1,5686.71,Cash on Delivery,Riyadh,Sale,5686.71
3731,2024-02-13,5644,Cameras,Canon EOS 200D,2,2605.72,Debit Card,Jeddah,Sale,5211.44
3732,2024-12-11,5695,Accessories,Bluetooth Headphones,2,51.4,Credit Card,Makkah,Sale,102.8
3733,2024-06-20,5703,Accessories,Wireless Mouse,5,384.38,Apple Pay,Riyadh,Sale,1921.9
3734,2024-10-18,5666,Accessories,Laptop Stand,2,378.81,Credit Card,Madinah,Sale,757.62
3735,2024-10-19,5407,Laptops,MacBook Air M2,2,7603.73,Cash on Delivery,Madinah,Sale,15207.46
3736,2024-01-21,5440,TVs,Sony 65-inch Bravia,5,6954.91,Cash on Delivery,Jeddah,Sale,34774.55
3737,2024-10-04,5129,Cameras,GoPro Hero 11,3,2860.14,Credit Card,Jeddah,Sale,8580.42
3738,2024-01-18,5443,Phones,Xiaomi Redmi Note 12,5,4869.69,Debit Card,Madinah,Sale,24348.449999999997
3739,2024-12-20,5305,Cameras,GoPro Hero 11,3,1172.18,Cash on Delivery,Jeddah,Sale,3516.54
3740,2024-11-08,5290,Cameras,Nikon D3500,5,2216.45,Credit Card,Riyadh,Sale,11082.25
3741,2024-11-16,5711,Accessories,Laptop Stand,5,113.39,Apple Pay,Riyadh,Sale,566.95
3742,2024-07-01,5411,TVs,Samsung 55-inch QLED,2,2818.33,Debit Card,Madinah,Sale,5636.66
3743,2024-09-01,5630,TVs,LG 43-inch UHD,2,2532.18,Debit Card,Riyadh,Sale,5064.36
3744,2024-07-13,5506,TVs,LG 43-inch UHD,1,5036.55,Credit Card,Makkah,Sale,5036.55
3745,2024-09-09,5588,Cameras,GoPro Hero 11,4,3712.76,Debit Card,Madinah,Sale,14851.04
3746,2024-09-11,5528,TVs,Sony 65-inch Bravia,2,4807.15,Debit Card,Dammam,Sale,9614.3
3747,2024-09-09,5000,Cameras,Canon EOS 200D,1,1429.07,Cash on Delivery,Madinah,Sale,1429.07
3748,2024-04-05,5712,TVs,Sony 65-inch Bravia,2,6017.84,Cash on Delivery,Riyadh,Sale,12035.68
3749,2024-12-05,5745,Accessories,Wireless Mouse,3,265.3,Apple Pay,Makkah,Sale,795.9000000000001
3750,2024-12-17,5689,Cameras,Nikon D3500,4,2297.4,Credit Card,Riyadh,Sale,9189.6
3751,2024-05-23,5383,Phones,Samsung Galaxy S23,5,3859.46,Debit Card,Dammam,Sale,19297.3
3752,2024-04-03,5607,Accessories,Bluetooth Headphones,5,126.16,Apple Pay,Makkah,Sale,630.8
3753,2024-03-12,Guest,TVs,Samsung 55-inch QLED,3,3595.0,Cash on Delivery,Jeddah,Sale,10785.0
3754,2024-12-15,5227,Laptops,Dell XPS 13,5,8463.66,Cash on Delivery,Makkah,Sale,42318.3
3755,2024-06-23,5081,Laptops,MacBook Air M2,4,4388.28,Debit Card,Dammam,Sale,17553.12
3756,2024-09-29,5351,Accessories,USB-C Cable,3,203.9,Apple Pay,Jeddah,Sale,611.7
3757,2024-10-21,5226,TVs,Samsung 55-inch QLED,2,6428.73,Apple Pay,Madinah,Sale,12857.46
3758,2024-09-28,5228,Laptops,HP Pavilion 15,5,7100.19,Cash on Delivery,Riyadh,Sale,35500.95
3759,2024-10-13,5026,Cameras,Canon EOS 200D,4,1123.93,Cash on Delivery,Dammam,Sale,4495.72
3760,2024-05-14,5624,TVs,Sony 65-inch Bravia,4,2565.98,Cash on Delivery,Riyadh,Sale,10263.92
3761,2024-12-14,5007,Accessories,Laptop Stand,3,32.9,Cash on Delivery,Jeddah,Sale,98.69999999999999
3762,2024-11-17,5590,Laptops,HP Pavilion 15,5,6600.99,Credit Card,Madinah,Sale,33004.95
3763,2024-09-03,5048,Phones,iPhone 14,5,3066.86,Apple Pay,Jeddah,Sale,15334.300000000001
3764,2024-10-24,5088,Laptops,HP Pavilion 15,2,3372.79,Cash on Delivery,Riyadh,Sale,6745.58
3765,2024-07-20,5300,Accessories,USB-C Cable,3,384.44,Credit Card,Dammam,Sale,1153.32
3766,2024-06-16,Guest,TVs,Samsung 55-inch QLED,-3,4554.23,Debit Card,Riyadh,Return,-13662.689999999999
3767,2024-11-13,Guest,Laptops,HP Pavilion 15,2,4072.31,Apple Pay,Makkah,Sale,8144.62
3768,2024-05-01,5046,Cameras,Canon EOS 200D,4,2702.17,Apple Pay,Dammam,Sale,10808.68
3769,2024-03-17,5036,Phones,Xiaomi Redmi Note 12,1,3878.67,Cash on Delivery,Riyadh,Sale,3878.67
3770,2024-08-21,5536,Accessories,USB-C Cable,-4,58.21,Credit Card,Madinah,Return,-232.84
3771,2024-01-31,Guest,TVs,Sony 65-inch Bravia,5,3228.46,Debit Card,Makkah,Sale,16142.3
3772,2024-03-07,5166,Accessories,Bluetooth Headphones,2,328.58,Cash on Delivery,Makkah,Sale,657.16
3773,2024-10-12,5332,Laptops,HP Pavilion 15,4,5487.82,Apple Pay,Riyadh,Sale,21951.28
3774,2024-07-31,5305,Cameras,GoPro Hero 11,4,2867.68,Apple Pay,Dammam,Sale,11470.72
3775,2024-09-09,5554,Laptops,Dell XPS 13,3,5313.3,Cash on Delivery,Dammam,Sale,15939.900000000001
3776,2024-07-05,5514,Accessories,Laptop Stand,3,46.24,Cash on Delivery,Jeddah,Sale,138.72
3777,2024-11-10,5340,Laptops,HP Pavilion 15,1,3577.37,Credit Card,Makkah,Sale,3577.37
3778,2024-01-04,5314,Phones,Samsung Galaxy S23,1,3059.4,Credit Card,Jeddah,Sale,3059.4
3779,2024-10-27,5134,Accessories,USB-C Cable,2,107.4,Credit Card,Jeddah,Sale,214.8
3780,2024-06-11,5331,Phones,Xiaomi Redmi Note 12,1,1674.93,Debit Card,Riyadh,Sale,1674.93
3781,2024-01-18,5568,Accessories,Laptop Stand,-5,342.15,Debit Card,Makkah,Return,-1710.75
3782,2024-05-25,5537,Laptops,MacBook Air M2,3,8877.75,Cash on Delivery,Madinah,Sale,26633.25
3783,2024-07-16,5511,Cameras,Nikon D3500,5,3755.31,Apple Pay,Jeddah,Sale,18776.55
3784,2024-08-17,5153,Laptops,Lenovo ThinkPad E14,4,8049.6,Cash on Delivery,Makkah,Sale,32198.4
3785,2024-07-06,5294,Phones,Samsung Galaxy S23,5,2346.92,Debit Card,Dammam,Sale,11734.6
3786,2024-09-26,Guest,Laptops,MacBook Air M2,2,8744.08,Debit Card,Madinah,Sale,17488.16
3787,2024-02-02,5146,Laptops,Dell XPS 13,2,3780.02,Debit Card,Madinah,Sale,7560.04
3788,2024-11-15,5756,Phones,Xiaomi Redmi Note 12,1,4830.0,Credit Card,Makkah,Sale,4830.0
3789,2024-09-23,5501,Phones,iPhone 14,2,4981.87,Apple Pay,Dammam,Sale,9963.74
3790,2024-10-10,5545,Laptops,Dell XPS 13,4,7126.2,Cash on Delivery,Riyadh,Sale,28504.8
3791,2024-07-25,5181,Laptops,Lenovo ThinkPad E14,5,8877.43,Credit Card,Makkah,Sale,44387.15
3792,2024-09-02,5764,Laptops,HP Pavilion 15,4,6202.01,Cash on Delivery,Dammam,Sale,24808.04
3793,2024-09-04,5584,Accessories,Bluetooth Headphones,2,126.03,Apple Pay,Jeddah,Sale,252.06
3794,2024-03-13,Guest,Phones,Xiaomi Redmi Note 12,5,3029.49,Credit Card,Madinah,Sale,15147.449999999999
3795,2024-12-02,5401,TVs,LG 43-inch UHD,5,4886.52,Debit Card,Riyadh,Sale,24432.600000000002
3796,2024-08-13,5064,Phones,Samsung Galaxy S23,1,1755.79,Unknown,Jeddah,Sale,1755.79
3797,2024-04-20,5578,TVs,Sony 65-inch Bravia,2,5036.18,Apple Pay,Not Specified,Sale,10072.36
3798,2024-01-15,5158,Cameras,Canon EOS 200D,3,4432.24,Debit Card,Jeddah,Sale,13296.72
3799,2024-11-10,5103,Cameras,GoPro Hero 11,2,1584.39,Apple Pay,Jeddah,Sale,3168.78
3800,2024-12-02,5241,TVs,LG 43-inch UHD,5,5921.49,Credit Card,Dammam,Sale,29607.449999999997
3801,2024-03-14,5668,Cameras,GoPro Hero 11,2,4168.44,Debit Card,Dammam,Sale,8336.88
3802,2024-10-22,5569,Accessories,USB-C Cable,5,217.01,Debit Card,Dammam,Sale,1085.05
3803,2024-08-01,5754,Accessories,Bluetooth Headphones,1,385.25,Apple Pay,Makkah,Sale,385.25
3804,2024-03-23,5020,TVs,Samsung 55-inch QLED,4,4511.59,Cash on Delivery,Jeddah,Sale,18046.36
3805,2024-05-13,5732,Cameras,Nikon D3500,3,4418.31,Apple Pay,Madinah,Sale,13254.93
3806,2024-08-16,5191,Phones,Samsung Galaxy S23,5,4150.59,Apple Pay,Riyadh,Sale,20752.95
3807,2024-08-13,5339,Cameras,Canon EOS 200D,1,1482.02,Debit Card,Riyadh,Sale,1482.02
3808,2024-09-26,5502,Laptops,Lenovo ThinkPad E14,4,5599.85,Credit Card,Jeddah,Sale,22399.4
3809,2024-10-23,5152,Accessories,USB-C Cable,5,295.78,Debit Card,Jeddah,Sale,1478.8999999999999
3810,2024-03-09,5561,Phones,iPhone 14,3,2365.69,Apple Pay,Riyadh,Sale,7097.07
3811,2024-01-20,5500,Laptops,Dell XPS 13,1,6664.0,Cash on Delivery,Not Specified,Sale,6664.0
3812,2024-08-26,5700,Cameras,GoPro Hero 11,5,3299.76,Apple Pay,Dammam,Sale,16498.800000000003
3813,2024-12-07,5242,Laptops,HP Pavilion 15,5,3557.55,Cash on Delivery,Jeddah,Sale,17787.75
3814,2024-02-01,5284,Cameras,Nikon D3500,1,2934.31,Debit Card,Riyadh,Sale,2934.31
3815,2024-07-17,5471,Accessories,USB-C Cable,1,315.5,Cash on Delivery,Riyadh,Sale,315.5
3816,2024-03-24,5797,Phones,Xiaomi Redmi Note 12,2,3246.13,Credit Card,Riyadh,Sale,6492.26
3817,2024-10-27,5310,Laptops,Dell XPS 13,3,2578.67,Credit Card,Riyadh,Sale,7736.01
3818,2024-05-21,5626,Laptops,Lenovo ThinkPad E14,5,2558.75,Debit Card,Riyadh,Sale,12793.75
3819,2024-10-22,Guest,Laptops,MacBook Air M2,4,4820.69,Apple Pay,Riyadh,Sale,19282.76
3820,2024-02-17,5407,Cameras,Nikon D3500,5,4234.3,Credit Card,Jeddah,Sale,21171.5
3821,2024-03-18,5120,Phones,Samsung Galaxy S23,1,2300.37,Debit Card,Jeddah,Sale,2300.37
3822,2024-08-26,5620,TVs,LG 43-inch UHD,2,5098.69,Credit Card,Riyadh,Sale,10197.38
3823,2024-02-27,5132,Phones,iPhone 14,4,2277.27,Apple Pay,Riyadh,Sale,9109.08
3824,2024-03-02,5139,Laptops,MacBook Air M2,5,4590.85,Credit Card,Makkah,Sale,22954.25
3825,2024-05-07,5300,Accessories,Laptop Stand,2,343.78,Debit Card,Riyadh,Sale,687.56
3826,2024-08-08,5549,Cameras,Canon EOS 200D,4,3523.9,Cash on Delivery,Not Specified,Sale,14095.6
3827,2024-08-21,5782,Phones,Samsung Galaxy S23,3,1833.9,Credit Card,Jeddah,Sale,5501.700000000001
3828,2024-02-21,Guest,Accessories,USB-C Cable,1,188.62,Cash on Delivery,Riyadh,Sale,188.62
3829,2024-09-25,5590,TVs,Sony 65-inch Bravia,2,1951.68,Cash on Delivery,Riyadh,Sale,3903.36
3830,2024-03-17,5131,Accessories,USB-C Cable,5,207.93,Cash on Delivery,Makkah,Sale,1039.65
3831,2024-12-24,5067,Phones,Samsung Galaxy S23,3,3818.52,Cash on Delivery,Makkah,Sale,11455.56
3832,2024-12-07,5797,Phones,Samsung Galaxy S23,5,1914.76,Cash on Delivery,Jeddah,Sale,9573.8
3833,2024-01-09,Guest,Cameras,Nikon D3500,1,1939.99,Debit Card,Makkah,Sale,1939.99
3834,2024-04-07,5334,Laptops,HP Pavilion 15,4,5085.94,Cash on Delivery,Madinah,Sale,20343.76
3835,2024-07-17,5027,Cameras,Nikon D3500,3,4210.31,Debit Card,Jeddah,Sale,12630.93
3836,2024-03-20,5055,Accessories,Wireless Mouse,1,397.5,Debit Card,Makkah,Sale,397.5
3837,2024-07-04,5236,TVs,Samsung 55-inch QLED,5,2033.54,Debit Card,Makkah,Sale,10167.7
3838,2024-05-22,5634,Cameras,Nikon D3500,1,3639.63,Debit Card,Madinah,Sale,3639.63
3839,2024-02-13,5022,Phones,Oppo Reno 8,4,2801.03,Apple Pay,Madinah,Sale,11204.12
3840,2024-03-07,5665,TVs,Samsung 55-inch QLED,2,3840.78,Cash on Delivery,Madinah,Sale,7681.56
3841,2024-06-12,5227,Phones,Xiaomi Redmi Note 12,3,4139.93,Debit Card,Riyadh,Sale,12419.79
3842,2024-05-07,5630,Accessories,Wireless Mouse,1,369.82,Credit Card,Riyadh,Sale,369.82
3843,2024-09-11,5433,Accessories,Laptop Stand,5,381.84,Apple Pay,Dammam,Sale,1909.1999999999998
3844,2024-07-08,5291,Accessories,Wireless Mouse,4,243.54,Cash on Delivery,Dammam,Sale,974.16
3845,2024-05-06,5140,TVs,Samsung 55-inch QLED,3,3657.03,Apple Pay,Riyadh,Sale,10971.09
3846,2024-08-10,5568,Accessories,Laptop Stand,1,321.39,Credit Card,Riyadh,Sale,321.39
3847,2024-09-20,5027,Phones,iPhone 14,1,2378.5,Credit Card,Jeddah,Sale,2378.5
3848,2024-04-27,5282,TVs,Sony 65-inch Bravia,1,4733.18,Apple Pay,Makkah,Sale,4733.18
3849,2024-03-23,Guest,Phones,Oppo Reno 8,4,2755.02,Credit Card,Madinah,Sale,11020.08
3850,2024-12-09,5151,Cameras,Canon EOS 200D,3,3263.87,Apple Pay,Riyadh,Sale,9791.61
3851,2024-02-25,5086,Cameras,Canon EOS 200D,3,1765.44,Credit Card,Makkah,Sale,5296.32
3852,2024-07-28,5055,Laptops,MacBook Air M2,4,3745.35,Credit Card,Jeddah,Sale,14981.4
3853,2024-04-27,5294,TVs,Sony 65-inch Bravia,3,6574.84,Credit Card,Riyadh,Sale,19724.52
3854,2024-09-08,5179,Accessories,Bluetooth Headphones,3,67.67,Debit Card,Makkah,Sale,203.01
3855,2024-01-13,Guest,Phones,Samsung Galaxy S23,1,3270.85,Apple Pay,Jeddah,Sale,3270.85
3856,2024-12-12,5720,Cameras,GoPro Hero 11,3,1695.07,Apple Pay,Makkah,Sale,5085.21
3857,2024-05-09,5123,TVs,Sony 65-inch Bravia,4,2002.44,Credit Card,Jeddah,Sale,8009.76
3858,2024-06-19,5412,Cameras,Canon EOS 200D,2,1029.67,Debit Card,Madinah,Sale,2059.34
3859,2024-05-10,5152,Laptops,Lenovo ThinkPad E14,4,3638.94,Apple Pay,Makkah,Sale,14555.76
3860,2024-10-26,5716,Phones,Xiaomi Redmi Note 12,1,4533.7,Debit Card,Jeddah,Sale,4533.7
3861,2024-01-17,5424,TVs,Samsung 55-inch QLED,1,3268.89,Cash on Delivery,Makkah,Sale,3268.89
3862,2024-06-08,5119,TVs,Samsung 55-inch QLED,-3,6742.39,Credit Card,Riyadh,Return,-20227.170000000002
3863,2024-10-28,5258,Phones,Oppo Reno 8,4,3535.68,Apple Pay,Riyadh,Sale,14142.72
3864,2024-12-01,5786,Phones,iPhone 14,3,3028.15,Debit Card,Madinah,Sale,9084.45
3865,2024-10-15,5255,Cameras,Canon EOS 200D,3,2988.32,Credit Card,Dammam,Sale,8964.960000000001
3866,2024-03-29,5623,Phones,Xiaomi Redmi Note 12,-1,3308.44,Cash on Delivery,Madinah,Return,-3308.44
3867,2024-10-28,5620,Cameras,Canon EOS 200D,3,3631.59,Apple Pay,Makkah,Sale,10894.77
3868,2024-11-23,5474,Cameras,Nikon D3500,2,1916.99,Credit Card,Jeddah,Sale,3833.98
3869,2024-12-16,5617,Cameras,Nikon D3500,-1,2170.98,Apple Pay,Makkah,Return,-2170.98
3870,2024-05-29,5101,Cameras,GoPro Hero 11,1,4118.74,Apple Pay,Makkah,Sale,4118.74
3871,2024-09-05,5491,Laptops,Dell XPS 13,3,8651.97,Credit Card,Makkah,Sale,25955.909999999996
3872,2024-05-07,5447,Cameras,Nikon D3500,2,4113.21,Debit Card,Dammam,Sale,8226.42
3873,2024-12-18,5582,Laptops,Dell XPS 13,5,5226.41,Cash on Delivery,Madinah,Sale,26132.05
3874,2024-01-08,Guest,Phones,Oppo Reno 8,1,4231.28,Cash on Delivery,Not Specified,Sale,4231.28
3875,2024-04-19,5471,Laptops,MacBook Air M2,4,5596.18,Credit Card,Madinah,Sale,22384.72
3876,2024-02-24,5162,Cameras,Canon EOS 200D,1,2691.14,Apple Pay,Riyadh,Sale,2691.14
3877,2024-02-18,5378,Phones,Xiaomi Redmi Note 12,5,2216.38,Credit Card,Jeddah,Sale,11081.900000000001
3878,2024-09-19,5114,Cameras,GoPro Hero 11,5,3028.07,Apple Pay,Jeddah,Sale,15140.35
3879,2024-01-12,Guest,Phones,Oppo Reno 8,5,2151.48,Cash on Delivery,Madinah,Sale,10757.4
3880,2024-05-13,5776,Phones,Oppo Reno 8,3,2660.48,Debit Card,Jeddah,Sale,7981.4400000000005
3881,2024-07-01,5450,Phones,Oppo Reno 8,5,4492.61,Debit Card,Madinah,Sale,22463.05
3882,2024-08-12,5026,Cameras,Nikon D3500,1,1645.47,Debit Card,Riyadh,Sale,1645.47
3883,2024-08-02,Guest,Accessories,Wireless Mouse,4,56.33,Cash on Delivery,Makkah,Sale,225.32
3884,2024-04-06,5609,Phones,Samsung Galaxy S23,4,1741.53,Credit Card,Dammam,Sale,6966.12
3885,2024-11-27,5511,TVs,Samsung 55-inch QLED,-1,6692.08,Unknown,Madinah,Return,-6692.08
3886,2024-03-25,5516,Cameras,Nikon D3500,5,2724.91,Apple Pay,Madinah,Sale,13624.55
3887,2024-07-19,5273,Laptops,Lenovo ThinkPad E14,5,5161.18,Apple Pay,Riyadh,Sale,25805.9
3888,2024-04-27,5594,Phones,Xiaomi Redmi Note 12,1,4338.08,Cash on Delivery,Riyadh,Sale,4338.08
3889,2024-06-30,5565,TVs,Samsung 55-inch QLED,4,6146.29,Credit Card,Makkah,Sale,24585.16
3890,2024-09-06,5740,Laptops,Dell XPS 13,3,4659.24,Debit Card,Dammam,Sale,13977.72
3891,2024-02-24,5299,TVs,LG 43-inch UHD,-4,5406.81,Apple Pay,Jeddah,Return,-21627.24
3892,2024-12-25,5559,Phones,Oppo Reno 8,3,4198.93,Apple Pay,Makkah,Sale,12596.79
3893,2024-09-11,5463,Laptops,HP Pavilion 15,4,6755.23,Credit Card,Dammam,Sale,27020.92
3894,2024-03-18,5156,Cameras,Nikon D3500,1,1445.74,Apple Pay,Riyadh,Sale,1445.74
3895,2024-02-22,5364,Cameras,Nikon D3500,4,4053.18,Debit Card,Jeddah,Sale,16212.72
3896,2024-11-18,5559,Cameras,Canon EOS 200D,4,2840.74,Cash on Delivery,Madinah,Sale,11362.96
3897,2024-09-14,5547,Laptops,MacBook Air M2,5,4336.07,Debit Card,Dammam,Sale,21680.35
3898,2024-12-22,5042,TVs,Sony 65-inch Bravia,5,4011.19,Debit Card,Madinah,Sale,20055.95
3899,2024-05-12,5770,TVs,Samsung 55-inch QLED,4,1995.37,Apple Pay,Jeddah,Sale,7981.48
3900,2024-11-04,5022,Cameras,Nikon D3500,5,1360.32,Credit Card,Makkah,Sale,6801.599999999999
3901,2024-02-15,5115,Cameras,Canon EOS 200D,3,3655.97,Credit Card,Jeddah,Sale,10967.91
3902,2024-05-07,5731,Cameras,GoPro Hero 11,3,900.04,Debit Card,Jeddah,Sale,2700.12
3903,2024-04-29,5000,TVs,Samsung 55-inch QLED,2,3966.14,Apple Pay,Makkah,Sale,7932.28
3904,2024-05-07,5569,Accessories,USB-C Cable,1,223.33,Cash on Delivery,Dammam,Sale,223.33
3905,2024-07-24,5368,Cameras,Canon EOS 200D,3,1096.68,Credit Card,Jeddah,Sale,3290.04
3906,2024-09-10,5631,Accessories,Bluetooth Headphones,2,390.04,Cash on Delivery,Riyadh,Sale,780.08
3907,2024-06-11,5280,Phones,Oppo Reno 8,1,2291.44,Debit Card,Dammam,Sale,2291.44
3908,2024-07-24,5765,Phones,Oppo Reno 8,1,2564.7,Apple Pay,Makkah,Sale,2564.7
3909,2024-12-24,5554,Phones,Samsung Galaxy S23,3,2563.8,Credit Card,Madinah,Sale,7691.400000000001
3910,2024-08-24,5278,Phones,Oppo Reno 8,-5,2306.46,Debit Card,Riyadh,Return,-11532.3
3911,2024-05-18,5334,Phones,Oppo Reno 8,4,3321.1949999999997,Credit Card,Jeddah,Sale,13284.779999999999
3912,2024-07-20,5432,Cameras,Canon EOS 200D,4,3525.64,Cash on Delivery,Madinah,Sale,14102.56
3913,2024-10-02,5405,Cameras,GoPro Hero 11,5,4380.64,Debit Card,Not Specified,Sale,21903.2
3914,2024-08-13,5319,Cameras,GoPro Hero 11,3,1707.46,Apple Pay,Not Specified,Sale,5122.38
3915,2024-06-23,5675,Phones,Xiaomi Redmi Note 12,5,3820.67,Cash on Delivery,Dammam,Sale,19103.35
3916,2024-03-04,5695,Phones,iPhone 14,5,4096.64,Debit Card,Madinah,Sale,20483.2
3917,2024-12-17,5713,Laptops,MacBook Air M2,4,8014.76,Cash on Delivery,Jeddah,Sale,32059.04
3918,2024-01-23,5485,TVs,Sony 65-inch Bravia,3,3997.67,Credit Card,Riyadh,Sale,11993.01
3919,2024-12-15,5550,Phones,Oppo Reno 8,1,2560.26,Debit Card,Madinah,Sale,2560.26
3920,2024-04-16,5420,Cameras,Nikon D3500,4,2071.06,Cash on Delivery,Jeddah,Sale,8284.24
3921,2024-09-20,5381,Laptops,MacBook Air M2,5,7132.04,Cash on Delivery,Dammam,Sale,35660.2
3922,2024-07-13,5025,Cameras,Canon EOS 200D,4,3840.41,Credit Card,Riyadh,Sale,15361.64
3923,2024-11-29,5305,Cameras,GoPro Hero 11,5,1553.81,Cash on Delivery,Jeddah,Sale,7769.049999999999
3924,2024-05-08,5385,Cameras,GoPro Hero 11,2,2235.39,Credit Card,Dammam,Sale,4470.78
3925,2024-05-20,5509,TVs,Sony 65-inch Bravia,5,6490.09,Apple Pay,Makkah,Sale,32450.45
3926,2024-06-16,5014,TVs,Samsung 55-inch QLED,4,5994.81,Cash on Delivery,Jeddah,Sale,23979.24
3927,2024-08-04,5348,Accessories,Bluetooth Headphones,3,394.4,Apple Pay,Not Specified,Sale,1183.1999999999998
3928,2024-10-19,5226,Cameras,Canon EOS 200D,4,3615.29,Cash on Delivery,Dammam,Sale,14461.16
3929,2024-08-05,5264,Laptops,MacBook Air M2,2,5055.77,Debit Card,Dammam,Sale,10111.54
3930,2024-03-07,5717,TVs,LG 43-inch UHD,2,4871.32,Apple Pay,Dammam,Sale,9742.64
3931,2024-02-25,5622,Accessories,Wireless Mouse,4,274.58,Cash on Delivery,Not Specified,Sale,1098.32
3932,2024-01-28,5191,Accessories,USB-C Cable,1,59.03,Apple Pay,Jeddah,Sale,59.03
3933,2024-03-18,Guest,Phones,Samsung Galaxy S23,3,3405.74,Debit Card,Makkah,Sale,10217.22
3934,2024-12-02,5137,TVs,Sony 65-inch Bravia,4,5488.47,Cash on Delivery,Makkah,Sale,21953.88
3935,2024-07-18,5181,Accessories,Wireless Mouse,1,91.91,Credit Card,Riyadh,Sale,91.91
3936,2024-02-17,5529,Accessories,Wireless Mouse,3,318.83,Cash on Delivery,Madinah,Sale,956.49
3937,2024-01-04,5485,TVs,Samsung 55-inch QLED,-5,4835.62,Credit Card,Riyadh,Return,-24178.1
3938,2024-07-21,Guest,Cameras,GoPro Hero 11,4,2606.12,Apple Pay,Madinah,Sale,10424.48
3939,2024-03-29,5013,Laptops,MacBook Air M2,-5,5873.17,Cash on Delivery,Makkah,Return,-29365.85
3940,2024-03-10,5653,Accessories,Laptop Stand,4,128.17,Cash on Delivery,Jeddah,Sale,512.68
3941,2024-03-16,5208,TVs,Samsung 55-inch QLED,1,4928.08,Debit Card,Riyadh,Sale,4928.08
3942,2024-04-27,5440,Cameras,Nikon D3500,4,1967.62,Cash on Delivery,Jeddah,Sale,7870.48
3943,2024-09-29,5358,Accessories,Laptop Stand,1,294.34,Apple Pay,Madinah,Sale,294.34
3944,2024-05-15,5130,Laptops,HP Pavilion 15,5,7433.53,Debit Card,Dammam,Sale,37167.65
3945,2024-09-14,5770,Phones,Samsung Galaxy S23,3,1858.81,Cash on Delivery,Dammam,Sale,5576.43
3946,2024-01-17,5668,Accessories,Wireless Mouse,4,220.13,Cash on Delivery,Dammam,Sale,880.52
3947,2024-11-29,5201,Accessories,Bluetooth Headphones,4,218.29,Cash on Delivery,Jeddah,Sale,873.16
3948,2024-12-03,5292,Phones,iPhone 14,2,2792.48,Debit Card,Makkah,Sale,5584.96
3949,2024-09-08,5448,Cameras,GoPro Hero 11,-5,4258.53,Credit Card,Makkah,Return,-21292.649999999998
3950,2024-05-04,5173,TVs,Samsung 55-inch QLED,3,6103.03,Debit Card,Makkah,Sale,18309.09
3951,2024-10-11,5074,Phones,Samsung Galaxy S23,5,3940.23,Unknown,Jeddah,Sale,19701.15
3952,2024-12-31,5621,TVs,LG 43-inch UHD,1,5514.5,Credit Card,Riyadh,Sale,5514.5
3953,2024-01-22,5033,TVs,Samsung 55-inch QLED,3,4200.92,Cash on Delivery,Jeddah,Sale,12602.76
3954,2024-04-27,Guest,TVs,Sony 65-inch Bravia,3,6589.17,Debit Card,Dammam,Sale,19767.510000000002
3955,2024-04-27,5716,Laptops,HP Pavilion 15,3,7014.87,Credit Card,Riyadh,Sale,21044.61
3956,2024-07-21,5293,Phones,iPhone 14,4,4051.43,Apple Pay,Madinah,Sale,16205.72
3957,2024-08-05,5260,Cameras,Canon EOS 200D,-3,4002.09,Debit Card,Dammam,Return,-12006.27
3958,2024-05-13,5544,Accessories,Bluetooth Headphones,3,131.41,Apple Pay,Riyadh,Sale,394.23
3959,2024-12-18,5634,Laptops,HP Pavilion 15,1,7745.96,Apple Pay,Madinah,Sale,7745.96
3960,2024-12-26,5657,Laptops,Lenovo ThinkPad E14,5,3769.06,Credit Card,Riyadh,Sale,18845.3
3961,2024-11-25,5549,Accessories,USB-C Cable,-5,157.78,Credit Card,Jeddah,Return,-788.9
3962,2024-09-19,5581,TVs,Sony 65-inch Bravia,-3,3545.17,Apple Pay,Madinah,Return,-10635.51
3963,2024-10-27,5062,Cameras,Nikon D3500,5,4422.69,Debit Card,Madinah,Sale,22113.449999999997
3964,2024-09-03,5107,Accessories,Bluetooth Headphones,5,346.92,Debit Card,Makkah,Sale,1734.6000000000001
3965,2024-12-14,5238,Accessories,Laptop Stand,2,289.43,Cash on Delivery,Makkah,Sale,578.86
3966,2024-11-02,5179,Phones,iPhone 14,5,4044.7,Apple Pay,Dammam,Sale,20223.5
3967,2024-04-14,5460,Accessories,USB-C Cable,5,237.97,Debit Card,Madinah,Sale,1189.85
3968,2024-05-01,5115,Laptops,Dell XPS 13,5,8656.09,Credit Card,Jeddah,Sale,43280.45
3969,2024-01-16,5215,Cameras,Nikon D3500,-4,2686.53,Unknown,Madinah,Return,-10746.12
3970,2024-12-30,5149,Laptops,MacBook Air M2,5,4973.37,Debit Card,Jeddah,Sale,24866.85
3971,2024-02-29,5179,Phones,iPhone 14,1,2070.62,Debit Card,Jeddah,Sale,2070.62
3972,2024-02-02,5444,Phones,iPhone 14,5,4251.72,Apple Pay,Makkah,Sale,21258.600000000002
3973,2024-01-24,5124,TVs,Samsung 55-inch QLED,1,5619.11,Apple Pay,Makkah,Sale,5619.11
3974,2024-05-31,5095,Phones,iPhone 14,-2,2845.24,Cash on Delivery,Makkah,Return,-5690.48
3975,2024-04-30,5665,Accessories,Wireless Mouse,5,39.32,Cash on Delivery,Dammam,Sale,196.6
3976,2024-10-28,5282,Laptops,MacBook Air M2,5,7953.48,Credit Card,Makkah,Sale,39767.399999999994
3977,2024-11-24,5316,TVs,Sony 65-inch Bravia,2,1859.37,Debit Card,Dammam,Sale,3718.74
3978,2024-06-10,5203,TVs,Sony 65-inch Bravia,1,5459.24,Credit Card,Riyadh,Sale,5459.24
3979,2024-07-25,5285,Phones,Oppo Reno 8,2,4895.9,Credit Card,Dammam,Sale,9791.8
3980,2024-08-12,5705,Accessories,Laptop Stand,1,191.93,Cash on Delivery,Riyadh,Sale,191.93
3981,2024-08-09,5094,Phones,Oppo Reno 8,4,2322.41,Apple Pay,Dammam,Sale,9289.64
3982,2024-11-27,5088,Phones,iPhone 14,4,3967.05,Cash on Delivery,Dammam,Sale,15868.2
3983,2024-05-24,5331,Phones,Samsung Galaxy S23,1,4359.95,Apple Pay,Madinah,Sale,4359.95
3984,2024-11-10,5480,Phones,Oppo Reno 8,5,3412.51,Cash on Delivery,Madinah,Sale,17062.550000000003
3985,2024-07-07,5429,Phones,iPhone 14,5,4884.62,Debit Card,Makkah,Sale,24423.1
3986,2024-05-30,5547,Cameras,Canon EOS 200D,5,1086.01,Debit Card,Makkah,Sale,5430.05
3987,2024-11-14,5621,Cameras,GoPro Hero 11,4,2717.26,Debit Card,Makkah,Sale,10869.04
3988,2024-09-27,5568,TVs,Samsung 55-inch QLED,2,5535.96,Apple Pay,Madinah,Sale,11071.92
3989,2024-10-16,5698,Cameras,GoPro Hero 11,1,4005.51,Apple Pay,Madinah,Sale,4005.51
3990,2024-02-07,5605,TVs,Sony 65-inch Bravia,3,2732.13,Credit Card,Dammam,Sale,8196.39
3991,2024-07-04,5465,TVs,Samsung 55-inch QLED,-4,5960.02,Credit Card,Madinah,Return,-23840.08
3992,2024-12-20,5022,TVs,Samsung 55-inch QLED,5,4674.08,Debit Card,Jeddah,Sale,23370.4
3993,2024-08-08,5591,Phones,Samsung Galaxy S23,3,2887.94,Apple Pay,Madinah,Sale,8663.82
3994,2024-07-13,5566,Cameras,Canon EOS 200D,1,1374.17,Cash on Delivery,Riyadh,Sale,1374.17
3995,2024-03-12,5343,Phones,Xiaomi Redmi Note 12,-1,4528.54,Apple Pay,Dammam,Return,-4528.54
3996,2024-03-01,5297,Cameras,Nikon D3500,4,1466.18,Apple Pay,Makkah,Sale,5864.72
3997,2024-09-06,5189,Phones,Samsung Galaxy S23,3,2584.26,Apple Pay,Madinah,Sale,7752.780000000001
3998,2024-04-10,5094,Phones,iPhone 14,5,2515.16,Debit Card,Dammam,Sale,12575.8
3999,2024-10-30,5272,Cameras,GoPro Hero 11,4,4037.09,Debit Card,Not Specified,Sale,16148.36
4000,2024-03-13,5524,Laptops,Dell XPS 13,5,6872.57,Apple Pay,Dammam,Sale,34362.85
4001,2024-08-18,5272,Cameras,Canon EOS 200D,1,3768.05,Unknown,Dammam,Sale,3768.05
4002,2024-10-10,5497,Laptops,MacBook Air M2,3,4128.04,Cash on Delivery,Dammam,Sale,12384.119999999999
4003,2024-08-10,5591,Phones,Xiaomi Redmi Note 12,5,3687.06,Debit Card,Riyadh,Sale,18435.3
4004,2024-07-06,5018,Laptops,Dell XPS 13,4,6216.35,Unknown,Madinah,Sale,24865.4
4005,2024-11-19,5419,Phones,iPhone 14,4,4414.91,Debit Card,Dammam,Sale,17659.64
4006,2024-08-23,5285,Accessories,Wireless Mouse,2,365.25,Debit Card,Jeddah,Sale,730.5
4007,2024-09-14,5005,TVs,Samsung 55-inch QLED,2,1863.22,Cash on Delivery,Dammam,Sale,3726.44
4008,2024-09-05,5705,Phones,iPhone 14,5,3859.07,Debit Card,Jeddah,Sale,19295.350000000002
4009,2024-05-03,5074,Accessories,Laptop Stand,1,49.18,Debit Card,Makkah,Sale,49.18
4010,2024-07-10,5060,TVs,Sony 65-inch Bravia,1,4654.07,Apple Pay,Riyadh,Sale,4654.07
4011,2024-02-16,5625,Accessories,Wireless Mouse,1,136.42,Cash on Delivery,Riyadh,Sale,136.42
4012,2024-02-25,5437,Laptops,Lenovo ThinkPad E14,1,4494.05,Cash on Delivery,Not Specified,Sale,4494.05
4013,2024-07-04,5583,Phones,iPhone 14,2,2735.35,Apple Pay,Riyadh,Sale,5470.7
4014,2024-01-23,5440,Laptops,Dell XPS 13,1,6538.4,Apple Pay,Riyadh,Sale,6538.4
4015,2024-12-14,5262,Cameras,Nikon D3500,1,2102.58,Credit Card,Makkah,Sale,2102.58
4016,2024-10-14,5661,Phones,Xiaomi Redmi Note 12,3,4064.45,Unknown,Jeddah,Sale,12193.349999999999
4017,2024-07-30,5352,Laptops,Lenovo ThinkPad E14,5,5129.43,Debit Card,Makkah,Sale,25647.15
4018,2024-05-22,5750,Laptops,HP Pavilion 15,4,2944.3,Credit Card,Makkah,Sale,11777.2
4019,2024-08-30,5084,Phones,Samsung Galaxy S23,2,4243.16,Cash on Delivery,Madinah,Sale,8486.32
4020,2024-01-19,5157,Laptops,MacBook Air M2,3,4357.43,Cash on Delivery,Riyadh,Sale,13072.29
4021,2024-04-23,5303,Accessories,Laptop Stand,2,190.12,Credit Card,Makkah,Sale,380.24
4022,2024-08-12,5155,Laptops,HP Pavilion 15,3,6955.39,Debit Card,Dammam,Sale,20866.170000000002
4023,2024-01-31,5445,TVs,Sony 65-inch Bravia,4,3528.77,Cash on Delivery,Madinah,Sale,14115.08
4024,2024-08-17,5306,Phones,Oppo Reno 8,2,1698.05,Debit Card,Dammam,Sale,3396.1
4025,2024-04-09,5325,Cameras,GoPro Hero 11,5,2246.12,Cash on Delivery,Jeddah,Sale,11230.599999999999
4026,2024-11-18,5553,Laptops,Lenovo ThinkPad E14,-3,8638.92,Apple Pay,Jeddah,Return,-25916.760000000002
4027,2024-06-20,5283,Phones,Xiaomi Redmi Note 12,1,3321.1949999999997,Apple Pay,Makkah,Sale,3321.1949999999997
4028,2024-07-03,5081,Phones,Oppo Reno 8,4,3850.18,Cash on Delivery,Dammam,Sale,15400.72
4029,2024-03-22,5608,Accessories,Laptop Stand,2,263.94,Debit Card,Riyadh,Sale,527.88
4030,2024-06-15,5644,Phones,Xiaomi Redmi Note 12,1,2196.47,Credit Card,Makkah,Sale,2196.47
4031,2024-12-07,5102,Accessories,Wireless Mouse,5,184.78,Credit Card,Jeddah,Sale,923.9
4032,2024-08-24,5615,Phones,iPhone 14,5,4128.29,Apple Pay,Riyadh,Sale,20641.45
4033,2024-06-17,5055,Phones,Samsung Galaxy S23,3,1854.81,Apple Pay,Makkah,Sale,5564.43
4034,2024-11-20,5379,Laptops,Dell XPS 13,1,4306.04,Apple Pay,Madinah,Sale,4306.04
4035,2024-05-17,5084,Laptops,HP Pavilion 15,1,4296.07,Debit Card,Riyadh,Sale,4296.07
4036,2024-08-12,5010,Laptops,Dell XPS 13,3,5308.12,Cash on Delivery,Riyadh,Sale,15924.36
4037,2024-12-24,5113,Laptops,Lenovo ThinkPad E14,1,8872.4,Unknown,Dammam,Sale,8872.4
4038,2024-03-04,5648,Accessories,USB-C Cable,3,54.98,Cash on Delivery,Makkah,Sale,164.94
4039,2024-01-17,5504,Cameras,Nikon D3500,4,2767.32,Cash on Delivery,Riyadh,Sale,11069.28
4040,2024-12-26,5609,Phones,Oppo Reno 8,2,2127.78,Debit Card,Makkah,Sale,4255.56
4041,2024-06-30,5236,Cameras,Canon EOS 200D,5,2606.12,Cash on Delivery,Riyadh,Sale,13030.599999999999
4042,2024-05-01,5221,Phones,iPhone 14,4,1896.56,Cash on Delivery,Madinah,Sale,7586.24
4043,2024-04-14,5284,Accessories,Wireless Mouse,5,179.33,Credit Card,Riyadh,Sale,896.6500000000001
4044,2024-01-17,5518,Accessories,USB-C Cable,2,303.02,Apple Pay,Riyadh,Sale,606.04
4045,2024-05-25,5307,Cameras,GoPro Hero 11,-1,3436.4,Credit Card,Madinah,Return,-3436.4
4046,2024-04-23,5367,Cameras,Canon EOS 200D,3,2421.82,Debit Card,Madinah,Sale,7265.460000000001
4047,2024-07-10,5046,Accessories,USB-C Cable,5,158.21,Cash on Delivery,Jeddah,Sale,791.0500000000001
4048,2024-02-06,5498,Accessories,Laptop Stand,1,177.12,Credit Card,Makkah,Sale,177.12
4049,2024-01-07,5438,Cameras,GoPro Hero 11,1,1851.39,Apple Pay,Madinah,Sale,1851.39
4050,2024-02-07,5488,Cameras,Canon EOS 200D,5,1639.2,Apple Pay,Makkah,Sale,8196.0
4051,2024-12-22,5273,Accessories,Wireless Mouse,2,208.72,Apple Pay,Madinah,Sale,417.44
4052,2024-12-05,5594,Laptops,Dell XPS 13,2,4245.47,Cash on Delivery,Dammam,Sale,8490.94
4053,2024-01-11,5469,Accessories,USB-C Cable,1,136.36,Apple Pay,Makkah,Sale,136.36
4054,2024-06-20,5164,TVs,Samsung 55-inch QLED,3,5215.13,Credit Card,Jeddah,Sale,15645.39
4055,2024-02-07,5320,Accessories,Wireless Mouse,4,388.36,Debit Card,Makkah,Sale,1553.44
4056,2024-07-19,5470,Accessories,USB-C Cable,2,253.35,Cash on Delivery,Riyadh,Sale,506.7
4057,2024-04-04,5677,Cameras,Nikon D3500,5,1177.13,Credit Card,Jeddah,Sale,5885.650000000001
4058,2024-03-17,5338,Cameras,GoPro Hero 11,2,1172.1,Debit Card,Dammam,Sale,2344.2
4059,2024-01-08,5693,Phones,iPhone 14,1,4829.98,Credit Card,Makkah,Sale,4829.98
4060,2024-05-05,5259,Phones,Xiaomi Redmi Note 12,1,2540.52,Apple Pay,Madinah,Sale,2540.52
4061,2024-03-18,5402,Laptops,MacBook Air M2,1,3098.44,Credit Card,Makkah,Sale,3098.44
4062,2024-03-10,5694,TVs,Samsung 55-inch QLED,5,4915.03,Credit Card,Dammam,Sale,24575.149999999998
4063,2024-06-20,5579,Accessories,Laptop Stand,-5,260.75,Apple Pay,Dammam,Return,-1303.75
4064,2024-03-28,5171,Laptops,MacBook Air M2,5,6715.28,Apple Pay,Dammam,Sale,33576.4
4065,2024-04-28,5008,TVs,Samsung 55-inch QLED,2,3190.49,Apple Pay,Jeddah,Sale,6380.98
4066,2024-07-08,5261,Laptops,Lenovo ThinkPad E14,3,2598.22,Debit Card,Riyadh,Sale,7794.66
4067,2024-01-13,5455,TVs,LG 43-inch UHD,5,6818.08,Debit Card,Riyadh,Sale,34090.4
4068,2024-06-25,5006,Phones,iPhone 14,2,2378.13,Debit Card,Madinah,Sale,4756.26
4069,2024-08-08,5742,Laptops,Dell XPS 13,2,6894.17,Credit Card,Madinah,Sale,13788.34
4070,2024-06-29,5586,Laptops,MacBook Air M2,5,7093.09,Credit Card,Madinah,Sale,35465.45
4071,2024-01-03,5108,TVs,Sony 65-inch Bravia,3,4972.04,Credit Card,Makkah,Sale,14916.119999999999
4072,2024-04-18,5563,Phones,Oppo Reno 8,5,2595.18,Cash on Delivery,Dammam,Sale,12975.9
4073,2024-10-28,Guest,Cameras,Canon EOS 200D,3,1875.95,Apple Pay,Makkah,Sale,5627.85
4074,2024-11-10,5768,Phones,Oppo Reno 8,5,3591.84,Credit Card,Riyadh,Sale,17959.2
4075,2024-09-02,5560,Accessories,USB-C Cable,5,350.46,Debit Card,Riyadh,Sale,1752.3
4076,2024-03-20,5521,TVs,Sony 65-inch Bravia,5,6723.02,Apple Pay,Jeddah,Sale,33615.100000000006
4077,2024-06-08,5141,Accessories,Bluetooth Headphones,1,69.19,Credit Card,Madinah,Sale,69.19
4078,2024-03-24,5564,Laptops,Lenovo ThinkPad E14,1,3506.39,Credit Card,Jeddah,Sale,3506.39
4079,2024-10-01,5678,Laptops,HP Pavilion 15,-2,8640.79,Debit Card,Not Specified,Return,-17281.58
4080,2024-05-09,5498,Laptops,MacBook Air M2,1,7287.48,Cash on Delivery,Dammam,Sale,7287.48
4081,2024-03-08,5431,Accessories,USB-C Cable,5,356.71,Credit Card,Riyadh,Sale,1783.55
4082,2024-12-24,5130,Accessories,USB-C Cable,1,104.97,Debit Card,Not Specified,Sale,104.97
4083,2024-01-26,5134,Phones,Samsung Galaxy S23,3,3556.55,Debit Card,Jeddah,Sale,10669.650000000001
4084,2024-09-11,5249,Laptops,Lenovo ThinkPad E14,3,7057.41,Debit Card,Riyadh,Sale,21172.23
4085,2024-01-22,5343,Accessories,USB-C Cable,2,281.64,Credit Card,Makkah,Sale,563.28
4086,2024-05-09,5698,Phones,Oppo Reno 8,4,2928.53,Debit Card,Riyadh,Sale,11714.12
4087,2024-10-31,5470,Phones,Xiaomi Redmi Note 12,2,1553.88,Apple Pay,Not Specified,Sale,3107.76
4088,2024-10-26,5786,Accessories,Laptop Stand,1,217.01,Unknown,Jeddah,Sale,217.01
4089,2024-11-29,5699,Phones,iPhone 14,2,2385.86,Credit Card,Makkah,Sale,4771.72
4090,2024-06-01,5596,Phones,Oppo Reno 8,-4,3075.89,Credit Card,Jeddah,Return,-12303.56
4091,2024-03-02,5759,Cameras,Canon EOS 200D,-1,4347.29,Cash on Delivery,Jeddah,Return,-4347.29
4092,2024-02-04,5166,Cameras,Nikon D3500,5,2336.53,Apple Pay,Makkah,Sale,11682.650000000001
4093,2024-04-13,5014,Laptops,MacBook Air M2,1,7958.71,Apple Pay,Makkah,Sale,7958.71
4094,2024-07-06,5402,Cameras,Canon EOS 200D,4,1578.75,Cash on Delivery,Makkah,Sale,6315.0
4095,2024-07-15,5086,TVs,Samsung 55-inch QLED,2,5296.79,Apple Pay,Jeddah,Sale,10593.58
4096,2024-07-20,5310,Cameras,GoPro Hero 11,3,4417.23,Cash on Delivery,Riyadh,Sale,13251.689999999999
4097,2024-05-10,5441,Cameras,Nikon D3500,3,1266.82,Credit Card,Makkah,Sale,3800.46
4098,2024-12-16,5581,TVs,Samsung 55-inch QLED,3,1843.26,Debit Card,Jeddah,Sale,5529.78
4099,2024-01-05,Guest,TVs,LG 43-inch UHD,3,4054.63,Apple Pay,Not Specified,Sale,12163.89
4100,2024-03-27,5120,Laptops,Dell XPS 13,4,3102.07,Debit Card,Makkah,Sale,12408.28
4101,2024-03-16,5681,Phones,Xiaomi Redmi Note 12,3,4119.35,Debit Card,Makkah,Sale,12358.050000000001
4102,2024-12-01,5689,Laptops,HP Pavilion 15,5,8444.57,Cash on Delivery,Dammam,Sale,42222.85
4103,2024-12-13,5752,Laptops,MacBook Air M2,5,5321.14,Credit Card,Madinah,Sale,26605.7
4104,2024-12-17,5417,TVs,Sony 65-inch Bravia,5,4407.88,Credit Card,Madinah,Sale,22039.4
4105,2024-06-08,5225,Laptops,Dell XPS 13,1,5323.62,Unknown,Dammam,Sale,5323.62
4106,2024-05-02,5191,Laptops,HP Pavilion 15,2,7202.41,Cash on Delivery,Makkah,Sale,14404.82
4107,2024-07-05,5251,Accessories,Wireless Mouse,-5,33.35,Debit Card,Jeddah,Return,-166.75
4108,2024-01-18,5723,Accessories,USB-C Cable,2,248.1,Credit Card,Riyadh,Sale,496.2
4109,2024-07-26,5378,Accessories,Laptop Stand,1,256.92,Cash on Delivery,Dammam,Sale,256.92
4110,2024-07-18,5338,TVs,Sony 65-inch Bravia,5,5115.98,Cash on Delivery,Makkah,Sale,25579.899999999998
4111,2024-10-27,5369,TVs,LG 43-inch UHD,3,3058.51,Cash on Delivery,Jeddah,Sale,9175.53
4112,2024-07-08,5402,Laptops,Lenovo ThinkPad E14,5,7141.34,Apple Pay,Dammam,Sale,35706.7
4113,2024-10-31,5441,TVs,Sony 65-inch Bravia,5,2275.24,Apple Pay,Riyadh,Sale,11376.199999999999
4114,2024-03-05,5292,Laptops,HP Pavilion 15,1,3795.26,Debit Card,Dammam,Sale,3795.26
4115,2024-10-01,5313,Accessories,Wireless Mouse,1,354.66,Cash on Delivery,Madinah,Sale,354.66
4116,2024-06-23,5146,Cameras,Canon EOS 200D,2,3559.4,Apple Pay,Madinah,Sale,7118.8
4117,2024-10-21,5457,Accessories,Bluetooth Headphones,4,35.09,Apple Pay,Dammam,Sale,140.36
4118,2024-05-02,5139,Laptops,MacBook Air M2,-1,4114.45,Apple Pay,Dammam,Return,-4114.45
4119,2024-10-28,5394,Laptops,HP Pavilion 15,1,3893.64,Cash on Delivery,Jeddah,Sale,3893.64
4120,2024-01-27,5161,Phones,Xiaomi Redmi Note 12,3,2447.82,Debit Card,Jeddah,Sale,7343.460000000001
4121,2024-06-03,5735,TVs,Samsung 55-inch QLED,3,3087.31,Cash on Delivery,Jeddah,Sale,9261.93
4122,2024-10-17,5231,Phones,Oppo Reno 8,4,1718.84,Debit Card,Makkah,Sale,6875.36
4123,2024-01-16,5543,Phones,iPhone 14,5,3106.29,Credit Card,Makkah,Sale,15531.45
4124,2024-03-13,5747,Accessories,USB-C Cable,1,301.11,Credit Card,Dammam,Sale,301.11
4125,2024-02-17,5160,Cameras,Nikon D3500,5,3084.23,Cash on Delivery,Dammam,Sale,15421.15
4126,2024-12-02,5517,Laptops,HP Pavilion 15,3,6873.67,Debit Card,Makkah,Sale,20621.010000000002
4127,2024-05-16,5509,TVs,LG 43-inch UHD,4,2221.98,Credit Card,Riyadh,Sale,8887.92
4128,2024-11-27,5759,Laptops,Dell XPS 13,1,8684.69,Apple Pay,Dammam,Sale,8684.69
4129,2024-08-15,Guest,Laptops,Dell XPS 13,4,7950.2,Apple Pay,Jeddah,Sale,31800.8
4130,2024-12-15,5199,TVs,LG 43-inch UHD,3,5986.47,Apple Pay,Jeddah,Sale,17959.41
4131,2024-02-27,5781,TVs,Samsung 55-inch QLED,3,6079.52,Credit Card,Riyadh,Sale,18238.56
4132,2024-08-12,5376,Accessories,USB-C Cable,5,375.1,Credit Card,Riyadh,Sale,1875.5
4133,2024-01-19,Guest,Accessories,Wireless Mouse,1,231.37,Debit Card,Makkah,Sale,231.37
4134,2024-03-02,5474,Laptops,Dell XPS 13,3,3801.83,Debit Card,Dammam,Sale,11405.49
4135,2024-08-05,5587,Laptops,MacBook Air M2,1,6509.09,Cash on Delivery,Jeddah,Sale,6509.09
4136,2024-07-22,5168,Phones,Samsung Galaxy S23,5,4100.09,Credit Card,Makkah,Sale,20500.45
4137,2024-03-03,5354,Phones,Samsung Galaxy S23,-2,4082.71,Apple Pay,Madinah,Return,-8165.42
4138,2024-09-22,5615,Accessories,USB-C Cable,4,222.94,Debit Card,Riyadh,Sale,891.76
4139,2024-05-06,5630,Laptops,Lenovo ThinkPad E14,3,2944.98,Debit Card,Dammam,Sale,8834.94
4140,2024-04-30,5655,Accessories,USB-C Cable,2,167.31,Debit Card,Jeddah,Sale,334.62
4141,2024-12-24,5617,TVs,Samsung 55-inch QLED,5,6587.99,Debit Card,Madinah,Sale,32939.95
4142,2024-01-01,5707,Cameras,Canon EOS 200D,-3,3004.02,Cash on Delivery,Makkah,Return,-9012.06
4143,2024-04-25,5437,Laptops,HP Pavilion 15,2,5999.16,Debit Card,Makkah,Sale,11998.32
4144,2024-01-18,5050,Phones,Xiaomi Redmi Note 12,4,2440.99,Apple Pay,Riyadh,Sale,9763.96
4145,2024-01-24,5621,Cameras,Nikon D3500,-5,2226.42,Debit Card,Makkah,Return,-11132.1
4146,2024-09-15,5039,TVs,Samsung 55-inch QLED,2,6455.8,Debit Card,Makkah,Sale,12911.6
4147,2024-09-08,5102,Phones,iPhone 14,1,3832.62,Debit Card,Makkah,Sale,3832.62
4148,2024-10-12,5504,Accessories,USB-C Cable,5,321.33,Debit Card,Riyadh,Sale,1606.6499999999999
4149,2024-05-14,5489,TVs,Sony 65-inch Bravia,5,4162.6,Cash on Delivery,Makkah,Sale,20813.0
4150,2024-08-14,5214,Laptops,HP Pavilion 15,3,6596.61,Debit Card,Jeddah,Sale,19789.829999999998
4151,2024-03-13,5772,Laptops,Dell XPS 13,2,4114.49,Credit Card,Riyadh,Sale,8228.98
4152,2024-05-09,5686,Cameras,Nikon D3500,2,3439.66,Cash on Delivery,Madinah,Sale,6879.32
4153,2024-06-12,5414,Cameras,Canon EOS 200D,2,2439.36,Debit Card,Dammam,Sale,4878.72
4154,2024-04-03,5380,Phones,Oppo Reno 8,5,3048.91,Cash on Delivery,Jeddah,Sale,15244.55
4155,2024-04-05,5663,Phones,Oppo Reno 8,4,3772.63,Debit Card,Riyadh,Sale,15090.52
4156,2024-05-19,5107,Phones,iPhone 14,4,4776.98,Apple Pay,Dammam,Sale,19107.92
4157,2024-09-05,5312,Laptops,MacBook Air M2,3,2916.04,Debit Card,Madinah,Sale,8748.119999999999
4158,2024-03-17,5793,Phones,Xiaomi Redmi Note 12,1,4386.6,Credit Card,Not Specified,Sale,4386.6
4159,2024-07-24,5234,TVs,Samsung 55-inch QLED,1,3320.39,Cash on Delivery,Makkah,Sale,3320.39
4160,2024-08-30,5321,Cameras,GoPro Hero 11,3,2498.11,Apple Pay,Riyadh,Sale,7494.33
4161,2024-01-24,5582,Accessories,Laptop Stand,3,38.11,Cash on Delivery,Dammam,Sale,114.33
4162,2024-11-16,5438,Phones,Samsung Galaxy S23,1,2553.66,Cash on Delivery,Riyadh,Sale,2553.66
4163,2024-02-09,5438,Accessories,Wireless Mouse,-5,215.97,Cash on Delivery,Dammam,Return,-1079.85
4164,2024-10-18,5216,Accessories,Wireless Mouse,1,50.79,Unknown,Madinah,Sale,50.79
4165,2024-08-18,5189,Cameras,Nikon D3500,5,2606.12,Apple Pay,Dammam,Sale,13030.599999999999
4166,2024-01-01,5172,Phones,Oppo Reno 8,2,4744.89,Credit Card,Dammam,Sale,9489.78
4167,2024-12-07,5667,TVs,Samsung 55-inch QLED,1,2348.04,Credit Card,Not Specified,Sale,2348.04
4168,2024-03-10,5075,TVs,Samsung 55-inch QLED,-1,5775.09,Debit Card,Not Specified,Return,-5775.09
4169,2024-08-08,Guest,Laptops,Dell XPS 13,5,5162.86,Apple Pay,Makkah,Sale,25814.3
4170,2024-08-20,5535,Cameras,GoPro Hero 11,4,3258.63,Credit Card,Not Specified,Sale,13034.52
4171,2024-02-07,5495,TVs,Samsung 55-inch QLED,2,3153.23,Apple Pay,Makkah,Sale,6306.46
4172,2024-11-04,5667,Laptops,MacBook Air M2,2,3536.7,Debit Card,Makkah,Sale,7073.4
4173,2024-01-15,5543,TVs,Sony 65-inch Bravia,4,2634.41,Cash on Delivery,Madinah,Sale,10537.64
4174,2024-08-31,5242,Cameras,GoPro Hero 11,5,1153.77,Apple Pay,Dammam,Sale,5768.85
4175,2024-04-13,Guest,Laptops,HP Pavilion 15,1,3706.7,Credit Card,Makkah,Sale,3706.7
4176,2024-01-16,5238,Accessories,USB-C Cable,5,275.76,Cash on Delivery,Jeddah,Sale,1378.8
4177,2024-01-24,5070,Phones,Samsung Galaxy S23,2,4585.92,Credit Card,Madinah,Sale,9171.84
4178,2024-06-27,5289,Accessories,Wireless Mouse,4,331.23,Apple Pay,Dammam,Sale,1324.92
4179,2024-08-21,5728,Cameras,GoPro Hero 11,3,3366.48,Apple Pay,Riyadh,Sale,10099.44
4180,2024-03-12,5313,Phones,iPhone 14,4,1886.51,Apple Pay,Makkah,Sale,7546.04
4181,2024-09-11,5458,Accessories,Laptop Stand,4,137.0,Cash on Delivery,Madinah,Sale,548.0
4182,2024-06-07,5394,Cameras,Nikon D3500,1,2015.3,Apple Pay,Jeddah,Sale,2015.3
4183,2024-12-19,5033,Accessories,Laptop Stand,1,122.48,Cash on Delivery,Dammam,Sale,122.48
4184,2024-05-05,5481,Phones,Oppo Reno 8,3,3302.52,Cash on Delivery,Jeddah,Sale,9907.56
4185,2024-10-28,5436,Laptops,MacBook Air M2,4,5981.1,Cash on Delivery,Madinah,Sale,23924.4
4186,2024-08-25,5650,Cameras,Canon EOS 200D,4,2184.79,Credit Card,Not Specified,Sale,8739.16
4187,2024-07-02,5328,Cameras,GoPro Hero 11,2,2173.64,Apple Pay,Jeddah,Sale,4347.28
4188,2024-12-21,5183,Laptops,MacBook Air M2,-3,7885.61,Apple Pay,Riyadh,Return,-23656.829999999998
4189,2024-02-26,5423,Accessories,Bluetooth Headphones,2,322.04,Debit Card,Makkah,Sale,644.08
4190,2024-06-02,5628,Laptops,Lenovo ThinkPad E14,2,4500.67,Credit Card,Dammam,Sale,9001.34
4191,2024-11-09,Guest,Accessories,Bluetooth Headphones,4,368.1,Cash on Delivery,Dammam,Sale,1472.4
4192,2024-06-01,5763,TVs,Samsung 55-inch QLED,-3,6754.64,Cash on Delivery,Dammam,Return,-20263.920000000002
4193,2024-12-29,5626,Laptops,HP Pavilion 15,3,4623.83,Credit Card,Dammam,Sale,13871.49
4194,2024-10-18,5248,Phones,Oppo Reno 8,5,2740.49,Debit Card,Madinah,Sale,13702.449999999999
4195,2024-10-23,Guest,Accessories,Bluetooth Headphones,4,217.08,Cash on Delivery,Jeddah,Sale,868.32
4196,2024-05-15,5229,Accessories,Laptop Stand,1,378.21,Debit Card,Jeddah,Sale,378.21
4197,2024-09-13,5740,Phones,Xiaomi Redmi Note 12,4,4567.12,Debit Card,Madinah,Sale,18268.48
4198,2024-04-21,5255,TVs,Sony 65-inch Bravia,5,2333.35,Cash on Delivery,Riyadh,Sale,11666.75
4199,2024-01-05,5062,Laptops,MacBook Air M2,5,5052.75,Apple Pay,Jeddah,Sale,25263.75
4200,2024-09-02,5308,Laptops,MacBook Air M2,1,6096.91,Apple Pay,Dammam,Sale,6096.91
4201,2024-08-04,5344,Cameras,Nikon D3500,3,2711.28,Apple Pay,Dammam,Sale,8133.84
4202,2024-03-08,5010,TVs,Sony 65-inch Bravia,2,2808.09,Credit Card,Not Specified,Sale,5616.18
4203,2024-05-22,5390,Phones,Xiaomi Redmi Note 12,5,4505.86,Apple Pay,Dammam,Sale,22529.3
4204,2024-11-08,5144,Phones,Samsung Galaxy S23,2,3869.29,Credit Card,Riyadh,Sale,7738.58
4205,2024-03-10,5341,Accessories,Wireless Mouse,1,340.03,Debit Card,Makkah,Sale,340.03
4206,2024-09-27,5338,TVs,LG 43-inch UHD,5,6265.57,Apple Pay,Jeddah,Sale,31327.85
4207,2024-11-17,5440,Cameras,Nikon D3500,-4,3594.08,Credit Card,Madinah,Return,-14376.32
4208,2024-02-05,5305,Phones,Samsung Galaxy S23,3,3037.24,Cash on Delivery,Madinah,Sale,9111.72
4209,2024-12-22,5226,Laptops,HP Pavilion 15,3,6468.55,Apple Pay,Makkah,Sale,19405.65
4210,2024-04-24,5209,Phones,iPhone 14,5,2061.28,Cash on Delivery,Riyadh,Sale,10306.400000000001
4211,2024-04-07,5034,Accessories,USB-C Cable,4,279.25,Debit Card,Jeddah,Sale,1117.0
4212,2024-06-07,5271,Laptops,Dell XPS 13,4,3665.15,Cash on Delivery,Jeddah,Sale,14660.6
4213,2024-12-01,Guest,TVs,Samsung 55-inch QLED,1,5408.54,Credit Card,Dammam,Sale,5408.54
4214,2024-10-23,5028,TVs,Sony 65-inch Bravia,4,2993.91,Apple Pay,Madinah,Sale,11975.64
4215,2024-12-29,5771,Phones,Xiaomi Redmi Note 12,2,1911.43,Cash on Delivery,Makkah,Sale,3822.86
4216,2024-03-19,5292,Cameras,Canon EOS 200D,1,1495.02,Apple Pay,Not Specified,Sale,1495.02
4217,2024-05-14,5212,Phones,Oppo Reno 8,2,1506.97,Credit Card,Dammam,Sale,3013.94
4218,2024-03-20,5167,Accessories,Wireless Mouse,2,295.93,Cash on Delivery,Riyadh,Sale,591.86
4219,2024-08-04,5459,Laptops,HP Pavilion 15,4,5873.17,Cash on Delivery,Jeddah,Sale,23492.68
4220,2024-04-11,5156,Accessories,USB-C Cable,2,220.53,Debit Card,Madinah,Sale,441.06
4221,2024-01-05,5338,Cameras,Canon EOS 200D,2,1480.91,Credit Card,Jeddah,Sale,2961.82
4222,2024-02-25,5235,TVs,Sony 65-inch Bravia,2,2234.48,Debit Card,Riyadh,Sale,4468.96
4223,2024-04-11,5451,Phones,Samsung Galaxy S23,3,1566.95,Apple Pay,Makkah,Sale,4700.85
4224,2024-12-09,5010,Phones,iPhone 14,4,2080.12,Apple Pay,Dammam,Sale,8320.48
4225,2024-03-13,5255,TVs,LG 43-inch UHD,4,6432.45,Cash on Delivery,Dammam,Sale,25729.8
4226,2024-05-22,5080,Phones,Samsung Galaxy S23,3,2345.38,Debit Card,Riyadh,Sale,7036.14
4227,2024-10-24,5174,Laptops,Dell XPS 13,5,4802.76,Cash on Delivery,Makkah,Sale,24013.800000000003
4228,2024-04-20,5130,Laptops,MacBook Air M2,3,3184.75,Debit Card,Riyadh,Sale,9554.25
4229,2024-08-22,5465,Cameras,Nikon D3500,1,1700.5,Credit Card,Riyadh,Sale,1700.5
4230,2024-12-04,5382,Laptops,Dell XPS 13,2,5874.96,Cash on Delivery,Riyadh,Sale,11749.92
4231,2024-07-30,5487,Phones,Oppo Reno 8,3,3627.13,Apple Pay,Riyadh,Sale,10881.39
4232,2024-05-13,Guest,TVs,LG 43-inch UHD,4,3075.83,Credit Card,Madinah,Sale,12303.32
4233,2024-01-26,5232,Laptops,HP Pavilion 15,4,2875.26,Cash on Delivery,Madinah,Sale,11501.04
4234,2024-03-19,5517,Cameras,Nikon D3500,4,2307.72,Debit Card,Dammam,Sale,9230.88
4235,2024-03-20,5800,Phones,Samsung Galaxy S23,3,2319.71,Credit Card,Madinah,Sale,6959.13
4236,2024-07-20,5519,Accessories,Laptop Stand,5,111.23,Cash on Delivery,Dammam,Sale,556.15
4237,2024-09-05,5587,Laptops,Dell XPS 13,2,8739.11,Debit Card,Makkah,Sale,17478.22
4238,2024-02-21,5048,Phones,Samsung Galaxy S23,2,3657.05,Credit Card,Riyadh,Sale,7314.1
4239,2024-09-19,5704,Phones,Oppo Reno 8,1,3321.1949999999997,Debit Card,Dammam,Sale,3321.1949999999997
4240,2024-11-10,5050,Cameras,Nikon D3500,1,2396.79,Credit Card,Makkah,Sale,2396.79
4241,2024-12-21,5154,TVs,LG 43-inch UHD,1,4030.51,Debit Card,Madinah,Sale,4030.51
4242,2024-10-27,5182,Accessories,Wireless Mouse,5,230.13,Cash on Delivery,Dammam,Sale,1150.65
4243,2024-02-26,5179,Cameras,Nikon D3500,4,3407.15,Credit Card,Jeddah,Sale,13628.6
4244,2024-07-17,5570,Laptops,Lenovo ThinkPad E14,3,7063.95,Debit Card,Jeddah,Sale,21191.85
4245,2024-03-24,5153,TVs,Samsung 55-inch QLED,1,2692.81,Cash on Delivery,Dammam,Sale,2692.81
4246,2024-07-11,5701,Laptops,MacBook Air M2,2,5750.73,Apple Pay,Dammam,Sale,11501.46
4247,2024-04-08,5200,Accessories,Laptop Stand,2,182.42,Credit Card,Madinah,Sale,364.84
4248,2024-05-30,5312,Laptops,HP Pavilion 15,3,8158.43,Apple Pay,Riyadh,Sale,24475.29
4249,2024-09-12,5277,Cameras,GoPro Hero 11,5,3173.11,Unknown,Riyadh,Sale,15865.550000000001
4250,2024-03-26,5699,TVs,Samsung 55-inch QLED,1,4569.02,Cash on Delivery,Madinah,Sale,4569.02
4251,2024-12-16,5784,TVs,Sony 65-inch Bravia,3,2400.05,Credit Card,Madinah,Sale,7200.150000000001
4252,2024-12-15,5638,Accessories,USB-C Cable,4,254.09,Apple Pay,Not Specified,Sale,1016.36
4253,2024-06-08,5758,Laptops,Lenovo ThinkPad E14,2,3261.83,Debit Card,Madinah,Sale,6523.66
4254,2024-04-29,5509,Accessories,Laptop Stand,3,154.77,Debit Card,Makkah,Sale,464.31000000000006
4255,2024-03-28,5157,TVs,LG 43-inch UHD,2,2542.78,Cash on Delivery,Madinah,Sale,5085.56
4256,2024-02-11,Guest,Phones,Oppo Reno 8,4,3922.26,Cash on Delivery,Madinah,Sale,15689.04
4257,2024-01-15,5606,Laptops,Dell XPS 13,3,3840.64,Debit Card,Jeddah,Sale,11521.92
4258,2024-02-06,5043,Accessories,Wireless Mouse,3,174.99,Apple Pay,Jeddah,Sale,524.97
4259,2024-06-10,5446,Laptops,HP Pavilion 15,5,8321.89,Apple Pay,Jeddah,Sale,41609.45
4260,2024-12-08,5637,Laptops,Lenovo ThinkPad E14,2,3828.06,Apple Pay,Jeddah,Sale,7656.12
4261,2024-01-22,5343,Accessories,USB-C Cable,4,217.89,Apple Pay,Riyadh,Sale,871.56
4262,2024-11-26,5199,Accessories,Wireless Mouse,5,185.13,Cash on Delivery,Not Specified,Sale,925.65
4263,2024-04-24,5279,Laptops,MacBook Air M2,5,2617.81,Credit Card,Riyadh,Sale,13089.05
4264,2024-04-24,5181,Cameras,GoPro Hero 11,2,3753.93,Credit Card,Riyadh,Sale,7507.86
4265,2024-03-29,5523,Laptops,MacBook Air M2,1,2948.8,Cash on Delivery,Dammam,Sale,2948.8
4266,2024-10-02,5427,Phones,Xiaomi Redmi Note 12,2,3159.89,Apple Pay,Madinah,Sale,6319.78
4267,2024-07-24,5781,Cameras,Nikon D3500,3,2918.44,Credit Card,Riyadh,Sale,8755.32
4268,2024-09-28,5550,Cameras,Canon EOS 200D,-3,3162.34,Cash on Delivery,Madinah,Return,-9487.02
4269,2024-06-07,5043,Phones,Oppo Reno 8,3,3910.21,Debit Card,Riyadh,Sale,11730.630000000001
4270,2024-10-18,5653,TVs,Samsung 55-inch QLED,5,3117.02,Apple Pay,Makkah,Sale,15585.1
4271,2024-05-05,5653,Cameras,Nikon D3500,3,935.92,Cash on Delivery,Makkah,Sale,2807.7599999999998
4272,2024-07-23,5445,TVs,LG 43-inch UHD,3,5561.91,Credit Card,Madinah,Sale,16685.73
4273,2024-05-31,5144,Laptops,Dell XPS 13,2,5981.77,Credit Card,Madinah,Sale,11963.54
4274,2024-04-01,5017,TVs,Samsung 55-inch QLED,1,6147.81,Debit Card,Jeddah,Sale,6147.81
4275,2024-01-24,5259,Accessories,Wireless Mouse,3,333.91,Debit Card,Madinah,Sale,1001.73
4276,2024-02-27,5581,Cameras,Canon EOS 200D,3,3935.97,Apple Pay,Madinah,Sale,11807.91
4277,2024-08-29,5778,Phones,iPhone 14,5,3197.83,Apple Pay,Not Specified,Sale,15989.15
4278,2024-11-08,5707,TVs,Sony 65-inch Bravia,5,3534.87,Cash on Delivery,Madinah,Sale,17674.35
4279,2024-11-29,5753,Cameras,Canon EOS 200D,2,3749.61,Debit Card,Riyadh,Sale,7499.22
4280,2024-01-30,5419,Cameras,Canon EOS 200D,2,2524.66,Apple Pay,Makkah,Sale,5049.32
4281,2024-12-27,5356,Phones,Samsung Galaxy S23,1,2142.05,Credit Card,Riyadh,Sale,2142.05
4282,2024-10-03,5405,Laptops,Dell XPS 13,3,8057.33,Debit Card,Madinah,Sale,24171.989999999998
4283,2024-01-02,5183,Laptops,MacBook Air M2,-3,8236.64,Credit Card,Dammam,Return,-24709.92
4284,2024-09-28,5566,Accessories,USB-C Cable,2,202.53,Credit Card,Dammam,Sale,405.06
4285,2024-11-11,5461,Laptops,Lenovo ThinkPad E14,2,2992.05,Credit Card,Riyadh,Sale,5984.1
4286,2024-12-23,Guest,TVs,Sony 65-inch Bravia,4,3816.7,Debit Card,Makkah,Sale,15266.8
4287,2024-04-26,5624,TVs,Samsung 55-inch QLED,2,5978.4,Debit Card,Madinah,Sale,11956.8
4288,2024-04-14,5764,TVs,Sony 65-inch Bravia,2,6489.22,Apple Pay,Makkah,Sale,12978.44
4289,2024-11-21,5407,Phones,Xiaomi Redmi Note 12,1,2212.15,Apple Pay,Jeddah,Sale,2212.15
4290,2024-05-06,5000,TVs,Samsung 55-inch QLED,4,2148.26,Cash on Delivery,Riyadh,Sale,8593.04
4291,2024-03-20,5231,Phones,Samsung Galaxy S23,5,4570.73,Debit Card,Jeddah,Sale,22853.649999999998
4292,2024-02-20,5191,Cameras,Canon EOS 200D,5,2301.86,Debit Card,Dammam,Sale,11509.300000000001
4293,2024-11-03,5725,TVs,Sony 65-inch Bravia,1,4617.16,Apple Pay,Dammam,Sale,4617.16
4294,2024-09-03,5666,Phones,Oppo Reno 8,4,4888.23,Apple Pay,Riyadh,Sale,19552.92
4295,2024-11-18,5650,Phones,Oppo Reno 8,3,1732.98,Unknown,Riyadh,Sale,5198.9400000000005
4296,2024-02-21,5636,Cameras,GoPro Hero 11,3,3233.94,Debit Card,Riyadh,Sale,9701.82
4297,2024-11-06,5471,Laptops,Lenovo ThinkPad E14,4,2981.69,Apple Pay,Riyadh,Sale,11926.76
4298,2024-02-26,5546,Cameras,GoPro Hero 11,3,2251.69,Apple Pay,Madinah,Sale,6755.07
4299,2024-06-28,5733,Laptops,HP Pavilion 15,4,7724.79,Debit Card,Not Specified,Sale,30899.16
4300,2024-07-11,5393,Laptops,Lenovo ThinkPad E14,3,5317.57,Apple Pay,Madinah,Sale,15952.71
4301,2024-10-21,5458,Laptops,HP Pavilion 15,-1,8981.69,Debit Card,Dammam,Return,-8981.69
4302,2024-11-11,5333,Laptops,HP Pavilion 15,5,6133.89,Debit Card,Dammam,Sale,30669.45
4303,2024-12-09,5755,Laptops,HP Pavilion 15,4,4587.55,Credit Card,Makkah,Sale,18350.2
4304,2024-10-23,5274,Accessories,USB-C Cable,5,111.44,Credit Card,Makkah,Sale,557.2
4305,2024-11-12,5311,TVs,Samsung 55-inch QLED,4,3622.71,Apple Pay,Madinah,Sale,14490.84
4306,2024-10-20,5022,Phones,Oppo Reno 8,5,2803.87,Apple Pay,Makkah,Sale,14019.349999999999
4307,2024-10-10,5702,Cameras,Canon EOS 200D,5,1147.37,Apple Pay,Dammam,Sale,5736.849999999999
4308,2024-10-13,5282,TVs,LG 43-inch UHD,3,3721.79,Cash on Delivery,Makkah,Sale,11165.369999999999
4309,2024-11-07,5420,Phones,Samsung Galaxy S23,-5,3124.83,Cash on Delivery,Riyadh,Return,-15624.15
4310,2024-05-27,5408,TVs,Samsung 55-inch QLED,4,5558.24,Cash on Delivery,Not Specified,Sale,22232.96
4311,2024-09-30,5795,Cameras,GoPro Hero 11,1,3264.23,Apple Pay,Dammam,Sale,3264.23
4312,2024-01-15,5010,Cameras,GoPro Hero 11,3,3451.56,Cash on Delivery,Dammam,Sale,10354.68
4313,2024-12-05,5334,Cameras,Canon EOS 200D,5,930.11,Apple Pay,Riyadh,Sale,4650.55
4314,2024-01-17,5469,Laptops,MacBook Air M2,-2,3914.84,Apple Pay,Jeddah,Return,-7829.68
4315,2024-07-23,Guest,Phones,Oppo Reno 8,3,3815.9,Unknown,Riyadh,Sale,11447.7
4316,2024-09-30,5106,Laptops,HP Pavilion 15,3,5645.93,Cash on Delivery,Madinah,Sale,16937.79
4317,2024-11-10,5337,Laptops,MacBook Air M2,5,2534.54,Debit Card,Riyadh,Sale,12672.7
4318,2024-12-07,5609,TVs,LG 43-inch UHD,5,5983.37,Debit Card,Madinah,Sale,29916.85
4319,2024-02-24,5242,TVs,LG 43-inch UHD,5,5818.61,Cash on Delivery,Makkah,Sale,29093.05
4320,2024-08-16,5000,Phones,Samsung Galaxy S23,3,3419.47,Credit Card,Riyadh,Sale,10258.41
4321,2024-12-13,5104,Laptops,MacBook Air M2,3,2932.01,Apple Pay,Makkah,Sale,8796.03
4322,2024-07-01,5396,Cameras,GoPro Hero 11,2,3659.45,Credit Card,Dammam,Sale,7318.9
4323,2024-12-10,5554,Accessories,Wireless Mouse,3,245.97,Debit Card,Makkah,Sale,737.91
4324,2024-08-17,5779,Accessories,Laptop Stand,5,319.33,Credit Card,Madinah,Sale,1596.6499999999999
4325,2024-01-10,5424,TVs,Sony 65-inch Bravia,1,5709.08,Apple Pay,Jeddah,Sale,5709.08
4326,2024-02-27,5704,Phones,iPhone 14,2,4310.51,Apple Pay,Dammam,Sale,8621.02
4327,2024-04-28,5258,Phones,iPhone 14,3,3313.03,Cash on Delivery,Dammam,Sale,9939.09
4328,2024-07-20,5432,Laptops,MacBook Air M2,4,3412.11,Cash on Delivery,Dammam,Sale,13648.44
4329,2024-07-10,5386,Cameras,Nikon D3500,2,3316.17,Cash on Delivery,Riyadh,Sale,6632.34
4330,2024-02-29,5611,Laptops,Dell XPS 13,-3,6533.08,Cash on Delivery,Madinah,Return,-19599.239999999998
4331,2024-03-11,5188,TVs,LG 43-inch UHD,3,5659.72,Apple Pay,Jeddah,Sale,16979.16
4332,2024-11-07,5220,Laptops,MacBook Air M2,1,3604.23,Cash on Delivery,Jeddah,Sale,3604.23
4333,2024-01-16,5491,Accessories,Laptop Stand,3,102.14,Apple Pay,Dammam,Sale,306.42
4334,2024-10-04,Guest,TVs,LG 43-inch UHD,3,6430.13,Cash on Delivery,Dammam,Sale,19290.39
4335,2024-06-16,Guest,Laptops,Lenovo ThinkPad E14,2,7374.86,Credit Card,Jeddah,Sale,14749.72
4336,2024-01-04,5294,Laptops,HP Pavilion 15,4,8403.49,Credit Card,Jeddah,Sale,33613.96
4337,2024-04-21,5057,Accessories,Bluetooth Headphones,1,310.72,Debit Card,Madinah,Sale,310.72
4338,2024-07-20,5069,Phones,Samsung Galaxy S23,2,3590.04,Debit Card,Riyadh,Sale,7180.08
4339,2024-11-23,5160,TVs,Samsung 55-inch QLED,2,5201.49,Apple Pay,Makkah,Sale,10402.98
4340,2024-10-01,5354,TVs,LG 43-inch UHD,5,6423.47,Debit Card,Madinah,Sale,32117.350000000002
4341,2024-12-30,5185,Cameras,Nikon D3500,3,2983.7,Cash on Delivery,Jeddah,Sale,8951.099999999999
4342,2024-06-05,5729,Cameras,GoPro Hero 11,2,3176.61,Cash on Delivery,Jeddah,Sale,6353.22
4343,2024-07-26,5377,Accessories,Wireless Mouse,1,87.9,Cash on Delivery,Makkah,Sale,87.9
4344,2024-08-17,5053,Cameras,Canon EOS 200D,1,2606.12,Credit Card,Dammam,Sale,2606.12
4345,2024-01-25,5094,Cameras,GoPro Hero 11,3,3479.03,Cash on Delivery,Madinah,Sale,10437.09
4346,2024-08-20,5235,Accessories,Laptop Stand,3,130.25,Cash on Delivery,Makkah,Sale,390.75
4347,2024-07-01,5541,Accessories,USB-C Cable,2,104.83,Cash on Delivery,Makkah,Sale,209.66
4348,2024-08-24,5307,Accessories,Wireless Mouse,1,146.12,Cash on Delivery,Not Specified,Sale,146.12
4349,2024-04-12,5208,Cameras,Nikon D3500,3,1769.4,Cash on Delivery,Madinah,Sale,5308.200000000001
4350,2024-04-28,5199,Phones,Xiaomi Redmi Note 12,4,2252.19,Credit Card,Jeddah,Sale,9008.76
4351,2024-08-03,5245,Phones,Samsung Galaxy S23,1,2986.98,Credit Card,Jeddah,Sale,2986.98
4352,2024-04-03,5485,Cameras,GoPro Hero 11,4,4168.22,Credit Card,Madinah,Sale,16672.88
4353,2024-03-30,5178,Cameras,GoPro Hero 11,5,2725.41,Credit Card,Dammam,Sale,13627.05
4354,2024-08-31,5568,TVs,Sony 65-inch Bravia,2,2777.19,Credit Card,Dammam,Sale,5554.38
4355,2024-06-10,5125,TVs,Samsung 55-inch QLED,1,2200.25,Cash on Delivery,Jeddah,Sale,2200.25
4356,2024-06-05,5335,TVs,Sony 65-inch Bravia,4,5420.01,Cash on Delivery,Jeddah,Sale,21680.04
4357,2024-09-19,5578,Laptops,Lenovo ThinkPad E14,-1,4988.19,Credit Card,Madinah,Return,-4988.19
4358,2024-08-05,5285,Phones,Xiaomi Redmi Note 12,4,4376.41,Debit Card,Dammam,Sale,17505.64
4359,2024-02-14,5166,TVs,LG 43-inch UHD,4,4407.88,Apple Pay,Makkah,Sale,17631.52
4360,2024-10-28,5214,Cameras,Nikon D3500,1,3766.47,Cash on Delivery,Jeddah,Sale,3766.47
4361,2024-10-27,5644,TVs,Samsung 55-inch QLED,5,3214.12,Cash on Delivery,Makkah,Sale,16070.599999999999
4362,2024-06-23,5114,TVs,LG 43-inch UHD,1,5400.27,Credit Card,Riyadh,Sale,5400.27
4363,2024-09-02,5239,Phones,Xiaomi Redmi Note 12,2,2424.22,Credit Card,Madinah,Sale,4848.44
4364,2024-02-18,5297,Accessories,USB-C Cable,1,377.46,Apple Pay,Madinah,Sale,377.46
4365,2024-11-29,5753,Accessories,USB-C Cable,3,265.46,Apple Pay,Dammam,Sale,796.3799999999999
4366,2024-01-06,5379,Cameras,GoPro Hero 11,5,2068.24,Apple Pay,Madinah,Sale,10341.199999999999
4367,2024-10-14,5650,TVs,Samsung 55-inch QLED,3,3201.46,Unknown,Dammam,Sale,9604.380000000001
4368,2024-09-23,5052,Cameras,Nikon D3500,2,1587.34,Credit Card,Madinah,Sale,3174.68
4369,2024-02-06,5623,Laptops,Dell XPS 13,4,7015.17,Apple Pay,Madinah,Sale,28060.68
4370,2024-06-02,5462,Phones,Samsung Galaxy S23,5,2265.5,Debit Card,Madinah,Sale,11327.5
4371,2024-01-08,5336,Phones,Oppo Reno 8,3,3583.56,Cash on Delivery,Dammam,Sale,10750.68
4372,2024-04-15,5535,Phones,Xiaomi Redmi Note 12,4,2426.22,Apple Pay,Jeddah,Sale,9704.88
4373,2024-02-23,Guest,TVs,Sony 65-inch Bravia,1,5242.24,Debit Card,Jeddah,Sale,5242.24
4374,2024-09-27,5549,Phones,Samsung Galaxy S23,-5,4352.29,Cash on Delivery,Makkah,Return,-21761.45
4375,2024-10-22,5081,Phones,iPhone 14,2,4223.09,Apple Pay,Madinah,Sale,8446.18
4376,2024-10-22,5672,Accessories,Bluetooth Headphones,1,311.51,Credit Card,Madinah,Sale,311.51
4377,2024-03-26,5590,Cameras,GoPro Hero 11,1,1575.8,Apple Pay,Makkah,Sale,1575.8
4378,2024-10-06,5599,Phones,Xiaomi Redmi Note 12,2,1809.35,Apple Pay,Makkah,Sale,3618.7
4379,2024-07-10,5551,Laptops,Dell XPS 13,1,7043.17,Cash on Delivery,Madinah,Sale,7043.17
4380,2024-01-07,5689,Phones,Oppo Reno 8,3,2789.22,Debit Card,Jeddah,Sale,8367.66
4381,2024-03-03,5081,TVs,Samsung 55-inch QLED,1,4048.2,Debit Card,Madinah,Sale,4048.2
4382,2024-09-29,5137,Phones,Samsung Galaxy S23,-2,1609.02,Apple Pay,Dammam,Return,-3218.04
4383,2024-03-03,5587,Accessories,Bluetooth Headphones,2,126.04,Apple Pay,Riyadh,Sale,252.08
4384,2024-09-30,5290,Phones,Xiaomi Redmi Note 12,1,1617.87,Credit Card,Not Specified,Sale,1617.87
4385,2024-03-10,5211,Accessories,Wireless Mouse,3,355.3,Debit Card,Makkah,Sale,1065.9
4386,2024-06-24,5388,TVs,Samsung 55-inch QLED,5,3065.66,Apple Pay,Jeddah,Sale,15328.3
4387,2024-08-13,5521,TVs,Samsung 55-inch QLED,1,4698.15,Debit Card,Dammam,Sale,4698.15
4388,2024-10-17,5247,Cameras,Nikon D3500,2,1040.33,Debit Card,Dammam,Sale,2080.66
4389,2024-12-26,5329,Cameras,Canon EOS 200D,1,3300.65,Cash on Delivery,Madinah,Sale,3300.65
4390,2024-06-07,5088,TVs,Samsung 55-inch QLED,3,3479.74,Apple Pay,Jeddah,Sale,10439.22
4391,2024-07-11,Guest,Accessories,Laptop Stand,2,362.23,Apple Pay,Madinah,Sale,724.46
4392,2024-02-29,5252,Accessories,Bluetooth Headphones,1,217.01,Apple Pay,Dammam,Sale,217.01
4393,2024-11-10,5245,TVs,Sony 65-inch Bravia,1,3491.51,Debit Card,Madinah,Sale,3491.51
4394,2024-04-03,5557,TVs,LG 43-inch UHD,4,6485.0,Credit Card,Jeddah,Sale,25940.0
4395,2024-11-28,5351,Cameras,Nikon D3500,4,4486.17,Apple Pay,Riyadh,Sale,17944.68
4396,2024-03-31,5261,Laptops,HP Pavilion 15,5,7865.2,Credit Card,Makkah,Sale,39326.0
4397,2024-12-26,5107,Accessories,Wireless Mouse,4,342.6,Credit Card,Riyadh,Sale,1370.4
4398,2024-08-24,5548,Cameras,GoPro Hero 11,3,1796.43,Debit Card,Not Specified,Sale,5389.29
4399,2024-05-15,5038,Accessories,Laptop Stand,1,243.38,Cash on Delivery,Riyadh,Sale,243.38
4400,2024-03-10,5270,Laptops,MacBook Air M2,4,2937.16,Debit Card,Riyadh,Sale,11748.64
4401,2024-08-02,5521,Laptops,Lenovo ThinkPad E14,2,3116.97,Apple Pay,Jeddah,Sale,6233.94
4402,2024-11-20,5118,Phones,Xiaomi Redmi Note 12,3,4996.12,Cash on Delivery,Makkah,Sale,14988.36
4403,2024-04-27,5022,Cameras,GoPro Hero 11,5,2075.9,Cash on Delivery,Jeddah,Sale,10379.5
4404,2024-10-21,5411,Cameras,Nikon D3500,1,3593.46,Apple Pay,Makkah,Sale,3593.46
4405,2024-10-18,5549,Accessories,Wireless Mouse,2,328.47,Debit Card,Madinah,Sale,656.94
4406,2024-05-18,5723,Accessories,Laptop Stand,3,347.47,Cash on Delivery,Riyadh,Sale,1042.41
4407,2024-10-02,5126,Laptops,HP Pavilion 15,4,8984.58,Debit Card,Makkah,Sale,35938.32
4408,2024-04-10,5573,TVs,LG 43-inch UHD,1,3055.78,Apple Pay,Madinah,Sale,3055.78
4409,2024-07-15,5312,Phones,iPhone 14,3,1641.23,Credit Card,Jeddah,Sale,4923.6900000000005
4410,2024-09-16,5481,Laptops,MacBook Air M2,4,5172.74,Debit Card,Madinah,Sale,20690.96
4411,2024-07-02,5219,TVs,Sony 65-inch Bravia,5,2476.42,Debit Card,Jeddah,Sale,12382.1
4412,2024-08-31,5096,TVs,LG 43-inch UHD,4,1916.61,Credit Card,Dammam,Sale,7666.44
4413,2024-11-05,5197,Laptops,MacBook Air M2,1,4842.77,Credit Card,Dammam,Sale,4842.77
4414,2024-08-02,5130,Cameras,GoPro Hero 11,1,3721.46,Debit Card,Not Specified,Sale,3721.46
4415,2024-06-27,5268,TVs,Samsung 55-inch QLED,3,4407.88,Unknown,Riyadh,Sale,13223.64
4416,2024-04-29,5461,Phones,Samsung Galaxy S23,1,2594.72,Credit Card,Not Specified,Sale,2594.72
4417,2024-01-04,5020,TVs,Samsung 55-inch QLED,3,5202.58,Cash on Delivery,Riyadh,Sale,15607.74
4418,2024-12-19,5578,Phones,Oppo Reno 8,5,2312.06,Unknown,Riyadh,Sale,11560.3
4419,2024-05-18,5658,Laptops,Dell XPS 13,3,2593.48,Debit Card,Madinah,Sale,7780.4400000000005
4420,2024-11-14,5649,Phones,iPhone 14,4,4175.24,Cash on Delivery,Riyadh,Sale,16700.96
4421,2024-05-21,5601,Laptops,Dell XPS 13,5,6554.33,Apple Pay,Riyadh,Sale,32771.65
4422,2024-03-18,5416,Cameras,Nikon D3500,4,3644.29,Cash on Delivery,Madinah,Sale,14577.16
4423,2024-03-31,5305,Laptops,Dell XPS 13,3,2753.1,Credit Card,Makkah,Sale,8259.3
4424,2024-05-28,5176,Laptops,Dell XPS 13,1,7941.28,Cash on Delivery,Jeddah,Sale,7941.28
4425,2024-02-25,5197,TVs,Samsung 55-inch QLED,5,4407.88,Credit Card,Riyadh,Sale,22039.4
4426,2024-09-26,5220,Accessories,Laptop Stand,4,238.46,Credit Card,Makkah,Sale,953.84
4427,2024-01-07,5711,Phones,Oppo Reno 8,2,3686.15,Apple Pay,Makkah,Sale,7372.3
4428,2024-03-18,5343,Laptops,MacBook Air M2,1,8118.82,Credit Card,Madinah,Sale,8118.82
4429,2024-07-31,5369,Laptops,Lenovo ThinkPad E14,2,6315.09,Credit Card,Madinah,Sale,12630.18
4430,2024-10-05,5347,Laptops,Lenovo ThinkPad E14,-5,6276.18,Credit Card,Riyadh,Return,-31380.9
4431,2024-11-05,5098,TVs,LG 43-inch UHD,3,6951.53,Credit Card,Riyadh,Sale,20854.59
4432,2024-03-10,5472,TVs,Samsung 55-inch QLED,3,5735.0,Credit Card,Riyadh,Sale,17205.0
4433,2024-02-15,5175,Laptops,Lenovo ThinkPad E14,2,5374.91,Credit Card,Makkah,Sale,10749.82
4434,2024-02-25,5042,Laptops,MacBook Air M2,2,7098.08,Apple Pay,Madinah,Sale,14196.16
4435,2024-02-08,5190,Cameras,Nikon D3500,4,2301.23,Apple Pay,Jeddah,Sale,9204.92
4436,2024-09-05,5114,Phones,iPhone 14,3,2301.06,Cash on Delivery,Makkah,Sale,6903.18
4437,2024-10-18,5006,TVs,Samsung 55-inch QLED,2,4903.63,Credit Card,Makkah,Sale,9807.26
4438,2024-06-05,5148,TVs,LG 43-inch UHD,2,6626.55,Unknown,Not Specified,Sale,13253.1
4439,2024-05-30,5147,Laptops,HP Pavilion 15,2,8539.41,Debit Card,Dammam,Sale,17078.82
4440,2024-01-08,5219,Phones,Oppo Reno 8,2,2696.67,Cash on Delivery,Jeddah,Sale,5393.34
4441,2024-02-12,5278,Cameras,Nikon D3500,2,2799.64,Credit Card,Madinah,Sale,5599.28
4442,2024-08-30,5023,Accessories,Laptop Stand,2,108.31,Apple Pay,Madinah,Sale,216.62
4443,2024-08-03,Guest,Laptops,Dell XPS 13,3,8971.6,Cash on Delivery,Riyadh,Sale,26914.800000000003
4444,2024-07-28,5307,Laptops,Lenovo ThinkPad E14,1,8877.27,Apple Pay,Madinah,Sale,8877.27
4445,2024-12-12,5708,Cameras,Canon EOS 200D,2,3238.23,Cash on Delivery,Dammam,Sale,6476.46
4446,2024-02-27,5108,Accessories,Bluetooth Headphones,-4,327.63,Credit Card,Jeddah,Return,-1310.52
4447,2024-12-06,5440,Phones,iPhone 14,5,4002.85,Credit Card,Jeddah,Sale,20014.25
4448,2024-12-25,5490,Cameras,Nikon D3500,3,3035.37,Apple Pay,Dammam,Sale,9106.11
4449,2024-09-20,5474,Cameras,Nikon D3500,4,1092.05,Debit Card,Jeddah,Sale,4368.2
4450,2024-01-05,5467,TVs,Samsung 55-inch QLED,5,4164.77,Cash on Delivery,Dammam,Sale,20823.850000000002
4451,2024-09-18,5090,Accessories,Wireless Mouse,2,279.67,Apple Pay,Madinah,Sale,559.34
4452,2024-10-19,5634,Cameras,Canon EOS 200D,1,3339.11,Apple Pay,Dammam,Sale,3339.11
4453,2024-02-13,5051,Cameras,Canon EOS 200D,4,2243.24,Cash on Delivery,Riyadh,Sale,8972.96
4454,2024-09-27,5747,TVs,Sony 65-inch Bravia,2,6696.8,Apple Pay,Madinah,Sale,13393.6
4455,2024-06-15,5275,Laptops,Dell XPS 13,2,3587.82,Cash on Delivery,Madinah,Sale,7175.64
4456,2024-05-18,5161,Cameras,Nikon D3500,4,2701.29,Credit Card,Madinah,Sale,10805.16
4457,2024-10-20,5280,Phones,Samsung Galaxy S23,5,3918.09,Apple Pay,Dammam,Sale,19590.45
4458,2024-03-16,5170,TVs,Samsung 55-inch QLED,1,5425.11,Debit Card,Riyadh,Sale,5425.11
4459,2024-12-17,5336,Laptops,Lenovo ThinkPad E14,2,6716.15,Credit Card,Dammam,Sale,13432.3
4460,2024-04-21,Guest,Phones,Samsung Galaxy S23,1,2463.51,Credit Card,Riyadh,Sale,2463.51
4461,2024-07-11,5464,Cameras,GoPro Hero 11,2,1462.34,Cash on Delivery,Makkah,Sale,2924.68
4462,2024-11-09,5533,Laptops,MacBook Air M2,1,6633.61,Credit Card,Madinah,Sale,6633.61
4463,2024-02-16,5415,Cameras,GoPro Hero 11,1,3057.49,Cash on Delivery,Riyadh,Sale,3057.49
4464,2024-10-23,5771,Phones,iPhone 14,1,2127.75,Apple Pay,Madinah,Sale,2127.75
4465,2024-03-12,5759,Laptops,Dell XPS 13,4,7083.4,Debit Card,Makkah,Sale,28333.6
4466,2024-09-29,5045,Cameras,GoPro Hero 11,5,2538.62,Apple Pay,Madinah,Sale,12693.099999999999
4467,2024-10-04,5084,TVs,Samsung 55-inch QLED,3,5272.36,Cash on Delivery,Madinah,Sale,15817.079999999998
4468,2024-09-02,5041,Cameras,Nikon D3500,3,3914.52,Apple Pay,Jeddah,Sale,11743.56
4469,2024-11-01,5255,Phones,iPhone 14,5,2094.05,Cash on Delivery,Jeddah,Sale,10470.25
4470,2024-02-19,5098,TVs,Samsung 55-inch QLED,2,1899.55,Apple Pay,Riyadh,Sale,3799.1
4471,2024-06-11,5337,Cameras,Canon EOS 200D,1,3704.77,Cash on Delivery,Dammam,Sale,3704.77
4472,2024-10-20,5193,Cameras,Canon EOS 200D,3,3094.91,Debit Card,Riyadh,Sale,9284.73
4473,2024-02-05,5780,Accessories,Wireless Mouse,3,288.87,Debit Card,Dammam,Sale,866.61
4474,2024-07-30,5329,Laptops,HP Pavilion 15,4,7948.01,Credit Card,Makkah,Sale,31792.04
4475,2024-11-06,Guest,TVs,Sony 65-inch Bravia,5,5974.62,Cash on Delivery,Dammam,Sale,29873.1
4476,2024-08-09,5097,Accessories,Laptop Stand,4,385.54,Debit Card,Riyadh,Sale,1542.16
4477,2024-05-16,5093,Phones,Samsung Galaxy S23,1,3375.77,Debit Card,Madinah,Sale,3375.77
4478,2024-03-11,5785,Cameras,Canon EOS 200D,2,2658.58,Apple Pay,Madinah,Sale,5317.16
4479,2024-03-17,5543,Accessories,Wireless Mouse,-4,178.7,Debit Card,Riyadh,Return,-714.8
4480,2024-09-11,5478,Accessories,Wireless Mouse,3,86.87,Cash on Delivery,Jeddah,Sale,260.61
4481,2024-11-22,5163,Laptops,HP Pavilion 15,2,6221.95,Apple Pay,Dammam,Sale,12443.9
4482,2024-08-20,5089,Laptops,HP Pavilion 15,1,4300.58,Credit Card,Dammam,Sale,4300.58
4483,2024-10-13,5562,Laptops,MacBook Air M2,2,8488.5,Cash on Delivery,Riyadh,Sale,16977.0
4484,2024-02-05,5578,Phones,Oppo Reno 8,2,3541.17,Cash on Delivery,Dammam,Sale,7082.34
4485,2024-12-06,5062,Phones,Xiaomi Redmi Note 12,4,3574.94,Credit Card,Riyadh,Sale,14299.76
4486,2024-03-29,5436,TVs,Sony 65-inch Bravia,2,3645.61,Credit Card,Dammam,Sale,7291.22
4487,2024-01-28,5248,TVs,Samsung 55-inch QLED,1,2070.34,Debit Card,Madinah,Sale,2070.34
4488,2024-08-22,5740,Cameras,Canon EOS 200D,1,1014.28,Credit Card,Riyadh,Sale,1014.28
4489,2024-03-06,5359,Laptops,Dell XPS 13,5,5251.68,Apple Pay,Riyadh,Sale,26258.4
4490,2024-01-16,5509,Phones,Samsung Galaxy S23,3,1795.98,Cash on Delivery,Riyadh,Sale,5387.9400000000005
4491,2024-06-15,5390,TVs,LG 43-inch UHD,2,4955.6,Cash on Delivery,Not Specified,Sale,9911.2
4492,2024-01-12,5429,Phones,Xiaomi Redmi Note 12,2,4583.41,Debit Card,Makkah,Sale,9166.82
4493,2024-07-15,5090,Laptops,HP Pavilion 15,1,5873.17,Credit Card,Madinah,Sale,5873.17
4494,2024-01-04,5749,Accessories,USB-C Cable,3,273.85,Apple Pay,Jeddah,Sale,821.5500000000001
4495,2024-03-17,5571,Accessories,Laptop Stand,3,108.16,Debit Card,Dammam,Sale,324.48
4496,2024-09-08,5325,TVs,Samsung 55-inch QLED,4,6287.58,Debit Card,Jeddah,Sale,25150.32
4497,2024-08-22,5003,Phones,Samsung Galaxy S23,2,4601.33,Apple Pay,Makkah,Sale,9202.66
4498,2024-08-02,5156,Cameras,Nikon D3500,4,1607.95,Cash on Delivery,Makkah,Sale,6431.8
4499,2024-02-09,5558,Laptops,HP Pavilion 15,5,7293.27,Apple Pay,Makkah,Sale,36466.350000000006
4500,2024-05-18,Guest,TVs,Sony 65-inch Bravia,5,3289.9,Cash on Delivery,Makkah,Sale,16449.5
4501,2024-10-23,5015,Phones,Samsung Galaxy S23,1,4309.24,Debit Card,Dammam,Sale,4309.24
4502,2024-02-25,5579,Phones,Oppo Reno 8,5,4990.33,Cash on Delivery,Madinah,Sale,24951.65
4503,2024-03-15,5278,TVs,LG 43-inch UHD,2,1956.14,Debit Card,Dammam,Sale,3912.28
4504,2024-01-28,5560,Laptops,HP Pavilion 15,3,8332.88,Apple Pay,Makkah,Sale,24998.64
4505,2024-03-18,5258,Laptops,MacBook Air M2,1,6547.1,Cash on Delivery,Makkah,Sale,6547.1
4506,2024-07-01,5588,Cameras,GoPro Hero 11,2,4404.18,Unknown,Dammam,Sale,8808.36
4507,2024-07-23,5784,Laptops,MacBook Air M2,3,5522.56,Cash on Delivery,Riyadh,Sale,16567.68
4508,2024-12-09,5559,Phones,iPhone 14,5,4465.86,Apple Pay,Jeddah,Sale,22329.3
4509,2024-09-28,5002,Cameras,Canon EOS 200D,2,1124.62,Apple Pay,Jeddah,Sale,2249.24
4510,2024-06-06,5294,TVs,Samsung 55-inch QLED,2,3543.45,Cash on Delivery,Madinah,Sale,7086.9
4511,2024-04-01,5429,Cameras,GoPro Hero 11,1,1141.26,Cash on Delivery,Madinah,Sale,1141.26
4512,2024-07-26,5355,Cameras,Canon EOS 200D,4,4411.24,Cash on Delivery,Riyadh,Sale,17644.96
4513,2024-01-23,5379,Phones,iPhone 14,2,4359.41,Credit Card,Jeddah,Sale,8718.82
4514,2024-12-02,5253,Accessories,USB-C Cable,3,345.44,Credit Card,Jeddah,Sale,1036.32
4515,2024-12-28,5625,Phones,iPhone 14,4,4782.88,Credit Card,Dammam,Sale,19131.52
4516,2024-01-03,5102,Cameras,Nikon D3500,2,1206.37,Apple Pay,Jeddah,Sale,2412.74
4517,2024-01-28,5063,Cameras,Nikon D3500,1,2288.15,Debit Card,Jeddah,Sale,2288.15
4518,2024-10-31,5091,Laptops,MacBook Air M2,4,2961.73,Credit Card,Riyadh,Sale,11846.92
4519,2024-01-07,5119,Accessories,Wireless Mouse,2,107.99,Cash on Delivery,Makkah,Sale,215.98
4520,2024-12-19,5477,Laptops,MacBook Air M2,4,3990.88,Credit Card,Madinah,Sale,15963.52
4521,2024-01-24,5778,Cameras,Nikon D3500,1,2588.79,Apple Pay,Jeddah,Sale,2588.79
4522,2024-09-16,5663,Accessories,Wireless Mouse,3,129.37,Credit Card,Madinah,Sale,388.11
4523,2024-09-25,5643,Accessories,Laptop Stand,3,67.36,Cash on Delivery,Riyadh,Sale,202.07999999999998
4524,2024-04-15,5345,Phones,iPhone 14,4,2086.22,Cash on Delivery,Jeddah,Sale,8344.88
4525,2024-12-27,5170,Cameras,Canon EOS 200D,1,1430.19,Credit Card,Makkah,Sale,1430.19
4526,2024-12-12,5140,Cameras,GoPro Hero 11,4,4403.08,Credit Card,Makkah,Sale,17612.32
4527,2024-01-29,5425,TVs,Sony 65-inch Bravia,2,5748.32,Apple Pay,Riyadh,Sale,11496.64
4528,2024-01-15,5481,Phones,Oppo Reno 8,5,4887.17,Credit Card,Madinah,Sale,24435.85
4529,2024-04-13,5492,Laptops,Dell XPS 13,5,5358.31,Apple Pay,Dammam,Sale,26791.550000000003
4530,2024-10-01,5232,TVs,Samsung 55-inch QLED,2,3247.52,Apple Pay,Dammam,Sale,6495.04
4531,2024-08-02,5186,Phones,Oppo Reno 8,5,4294.03,Credit Card,Riyadh,Sale,21470.149999999998
4532,2024-12-10,5476,Accessories,Wireless Mouse,5,150.71,Cash on Delivery,Dammam,Sale,753.5500000000001
4533,2024-01-08,5198,Cameras,Canon EOS 200D,2,1977.78,Cash on Delivery,Dammam,Sale,3955.56
4534,2024-07-21,Guest,Laptops,Dell XPS 13,2,4011.29,Debit Card,Riyadh,Sale,8022.58
4535,2024-07-15,5360,Cameras,Canon EOS 200D,5,1366.84,Apple Pay,Madinah,Sale,6834.2
4536,2024-07-22,5453,TVs,LG 43-inch UHD,4,3133.61,Credit Card,Makkah,Sale,12534.44
4537,2024-08-11,5591,Accessories,Wireless Mouse,5,161.47,Credit Card,Jeddah,Sale,807.35
4538,2024-02-15,5416,Accessories,USB-C Cable,3,279.38,Credit Card,Riyadh,Sale,838.14
4539,2024-07-17,5009,Accessories,USB-C Cable,1,53.15,Credit Card,Makkah,Sale,53.15
4540,2024-07-05,5288,Laptops,Dell XPS 13,1,3868.3,Cash on Delivery,Jeddah,Sale,3868.3
4541,2024-11-13,5140,Laptops,MacBook Air M2,5,7758.65,Debit Card,Madinah,Sale,38793.25
4542,2024-09-14,5010,Accessories,Bluetooth Headphones,1,84.36,Debit Card,Riyadh,Sale,84.36
4543,2024-08-05,5323,Accessories,Wireless Mouse,5,156.78,Credit Card,Riyadh,Sale,783.9
4544,2024-03-16,5386,Laptops,MacBook Air M2,1,8120.28,Cash on Delivery,Riyadh,Sale,8120.28
4545,2024-07-05,5413,TVs,Sony 65-inch Bravia,5,2605.61,Apple Pay,Dammam,Sale,13028.050000000001
4546,2024-12-07,5317,Laptops,Dell XPS 13,5,3037.79,Cash on Delivery,Jeddah,Sale,15188.95
4547,2024-02-17,5121,Cameras,Canon EOS 200D,-1,2644.34,Cash on Delivery,Not Specified,Return,-2644.34
4548,2024-08-03,5517,Accessories,Laptop Stand,-3,141.9,Debit Card,Makkah,Return,-425.70000000000005
4549,2024-03-03,5565,Cameras,Nikon D3500,3,2928.27,Apple Pay,Jeddah,Sale,8784.81
4550,2024-02-26,5504,Accessories,Bluetooth Headphones,2,327.41,Credit Card,Makkah,Sale,654.82
4551,2024-03-09,5509,Accessories,Wireless Mouse,2,80.74,Cash on Delivery,Madinah,Sale,161.48
4552,2024-06-23,5385,Cameras,Canon EOS 200D,3,2990.52,Cash on Delivery,Jeddah,Sale,8971.56
4553,2024-03-23,5157,Phones,Oppo Reno 8,2,3269.28,Apple Pay,Riyadh,Sale,6538.56
4554,2024-08-10,5791,Accessories,Bluetooth Headphones,3,217.01,Cash on Delivery,Makkah,Sale,651.03
4555,2024-03-13,5452,TVs,LG 43-inch UHD,1,5044.79,Cash on Delivery,Riyadh,Sale,5044.79
4556,2024-08-23,5474,Phones,iPhone 14,2,2457.74,Credit Card,Madinah,Sale,4915.48
4557,2024-07-15,5656,Phones,Xiaomi Redmi Note 12,3,3207.42,Apple Pay,Madinah,Sale,9622.26
4558,2024-12-06,5498,Laptops,Lenovo ThinkPad E14,1,3034.77,Debit Card,Riyadh,Sale,3034.77
4559,2024-04-26,Guest,Accessories,Bluetooth Headphones,5,200.05,Credit Card,Jeddah,Sale,1000.25
4560,2024-06-03,5687,Accessories,Wireless Mouse,5,143.39,Cash on Delivery,Makkah,Sale,716.9499999999999
4561,2024-01-26,5265,Laptops,Lenovo ThinkPad E14,2,7845.48,Debit Card,Dammam,Sale,15690.96
4562,2024-09-27,5190,TVs,Sony 65-inch Bravia,4,2096.29,Unknown,Makkah,Sale,8385.16
4563,2024-06-02,5438,Cameras,GoPro Hero 11,1,2406.99,Unknown,Makkah,Sale,2406.99
4564,2024-01-06,5147,Accessories,USB-C Cable,4,199.62,Apple Pay,Jeddah,Sale,798.48
4565,2024-12-27,5744,TVs,Samsung 55-inch QLED,2,5570.03,Cash on Delivery,Jeddah,Sale,11140.06
4566,2024-08-31,5618,Cameras,Nikon D3500,4,2967.44,Debit Card,Dammam,Sale,11869.76
4567,2024-09-27,5053,Laptops,Dell XPS 13,4,6836.88,Apple Pay,Madinah,Sale,27347.52
4568,2024-12-21,5535,TVs,Sony 65-inch Bravia,1,5840.66,Cash on Delivery,Madinah,Sale,5840.66
4569,2024-12-13,5710,TVs,Sony 65-inch Bravia,2,6283.46,Debit Card,Riyadh,Sale,12566.92
4570,2024-04-30,5026,Accessories,Bluetooth Headphones,3,146.13,Credit Card,Dammam,Sale,438.39
4571,2024-03-15,5428,Cameras,GoPro Hero 11,4,2836.88,Debit Card,Madinah,Sale,11347.52
4572,2024-11-01,5795,Phones,Xiaomi Redmi Note 12,4,4440.38,Apple Pay,Dammam,Sale,17761.52
4573,2024-08-04,5059,Phones,Xiaomi Redmi Note 12,3,4963.08,Apple Pay,Makkah,Sale,14889.24
4574,2024-10-31,5352,TVs,Sony 65-inch Bravia,4,6425.5,Apple Pay,Dammam,Sale,25702.0
4575,2024-08-11,5800,Accessories,USB-C Cable,1,167.44,Credit Card,Jeddah,Sale,167.44
4576,2024-03-16,5412,Cameras,Nikon D3500,-2,1602.6,Apple Pay,Jeddah,Return,-3205.2
4577,2024-04-15,5179,Laptops,Lenovo ThinkPad E14,2,5681.05,Credit Card,Jeddah,Sale,11362.1
4578,2024-02-22,5379,Laptops,Lenovo ThinkPad E14,1,7320.67,Credit Card,Makkah,Sale,7320.67
4579,2024-11-06,5433,TVs,LG 43-inch UHD,1,4361.36,Apple Pay,Riyadh,Sale,4361.36
4580,2024-05-30,5295,Laptops,MacBook Air M2,2,5640.68,Cash on Delivery,Riyadh,Sale,11281.36
4581,2024-10-22,5383,Accessories,Laptop Stand,5,340.15,Debit Card,Riyadh,Sale,1700.75
4582,2024-08-05,5598,Laptops,MacBook Air M2,5,4849.12,Credit Card,Jeddah,Sale,24245.6
4583,2024-01-16,5562,Laptops,Dell XPS 13,2,8088.67,Apple Pay,Madinah,Sale,16177.34
4584,2024-05-16,5507,Phones,iPhone 14,2,2923.82,Apple Pay,Dammam,Sale,5847.64
4585,2024-08-04,5461,Phones,iPhone 14,5,2648.82,Credit Card,Riyadh,Sale,13244.1
4586,2024-04-20,Guest,TVs,Samsung 55-inch QLED,1,4160.75,Apple Pay,Jeddah,Sale,4160.75
4587,2024-12-16,5597,Phones,Xiaomi Redmi Note 12,1,4168.56,Credit Card,Dammam,Sale,4168.56
4588,2024-04-04,5259,Laptops,Dell XPS 13,4,3319.01,Apple Pay,Jeddah,Sale,13276.04
4589,2024-10-22,5163,Accessories,Laptop Stand,2,102.68,Credit Card,Makkah,Sale,205.36
4590,2024-08-15,5005,Cameras,Nikon D3500,4,4325.2,Debit Card,Madinah,Sale,17300.8
4591,2024-10-15,5266,Cameras,Canon EOS 200D,1,1531.77,Apple Pay,Dammam,Sale,1531.77
4592,2024-06-28,5715,Phones,Samsung Galaxy S23,5,3487.05,Cash on Delivery,Riyadh,Sale,17435.25
4593,2024-11-05,5717,Cameras,Canon EOS 200D,2,2985.53,Unknown,Makkah,Sale,5971.06
4594,2024-04-02,5586,Laptops,Lenovo ThinkPad E14,5,5682.56,Credit Card,Jeddah,Sale,28412.800000000003
4595,2024-04-23,5790,Phones,Oppo Reno 8,3,3756.61,Credit Card,Dammam,Sale,11269.83
4596,2024-01-31,5463,Cameras,Nikon D3500,2,1727.38,Apple Pay,Makkah,Sale,3454.76
4597,2024-06-18,5566,TVs,Sony 65-inch Bravia,2,4673.84,Apple Pay,Jeddah,Sale,9347.68
4598,2024-04-15,5638,Accessories,Bluetooth Headphones,5,167.7,Unknown,Dammam,Sale,838.5
4599,2024-01-12,5559,Cameras,Nikon D3500,4,3282.0,Credit Card,Madinah,Sale,13128.0
4600,2024-01-02,5771,TVs,LG 43-inch UHD,-4,2534.36,Apple Pay,Not Specified,Return,-10137.44
4601,2024-03-27,5578,TVs,Samsung 55-inch QLED,-1,4768.56,Credit Card,Riyadh,Return,-4768.56
4602,2024-03-25,5795,Laptops,MacBook Air M2,2,3704.26,Credit Card,Dammam,Sale,7408.52
4603,2024-11-13,5555,Accessories,USB-C Cable,1,133.1,Cash on Delivery,Dammam,Sale,133.1
4604,2024-10-26,5356,Cameras,Canon EOS 200D,2,1687.36,Debit Card,Jeddah,Sale,3374.72
4605,2024-04-15,5250,Laptops,Dell XPS 13,-2,3688.45,Credit Card,Jeddah,Return,-7376.9
4606,2024-01-21,5352,Accessories,Wireless Mouse,-2,335.51,Cash on Delivery,Dammam,Return,-671.02
4607,2024-11-12,5336,Phones,iPhone 14,2,2499.98,Cash on Delivery,Dammam,Sale,4999.96
4608,2024-07-26,5638,Phones,Samsung Galaxy S23,5,4744.93,Cash on Delivery,Jeddah,Sale,23724.65
4609,2024-04-08,5403,Laptops,Dell XPS 13,2,8804.52,Cash on Delivery,Jeddah,Sale,17609.04
4610,2024-03-08,Guest,Laptops,Lenovo ThinkPad E14,1,6213.19,Credit Card,Dammam,Sale,6213.19
4611,2024-04-28,5770,Cameras,GoPro Hero 11,1,1414.8,Debit Card,Dammam,Sale,1414.8
4612,2024-03-23,5798,Accessories,Wireless Mouse,5,168.58,Credit Card,Makkah,Sale,842.9000000000001
4613,2024-06-09,5120,Accessories,Laptop Stand,5,325.16,Debit Card,Riyadh,Sale,1625.8000000000002
4614,2024-09-11,5492,Laptops,Dell XPS 13,-4,4888.04,Debit Card,Riyadh,Return,-19552.16
4615,2024-10-28,5067,TVs,LG 43-inch UHD,-3,2252.49,Cash on Delivery,Jeddah,Return,-6757.469999999999
4616,2024-03-04,5579,Phones,Oppo Reno 8,5,3448.75,Cash on Delivery,Riyadh,Sale,17243.75
4617,2024-06-24,5135,Laptops,Lenovo ThinkPad E14,5,7993.29,Credit Card,Madinah,Sale,39966.45
4618,2024-08-16,5493,Laptops,Lenovo ThinkPad E14,1,7673.52,Debit Card,Riyadh,Sale,7673.52
4619,2024-07-24,5484,Accessories,USB-C Cable,2,94.8,Apple Pay,Dammam,Sale,189.6
4620,2024-12-07,5392,Accessories,USB-C Cable,5,278.92,Apple Pay,Dammam,Sale,1394.6000000000001
4621,2024-12-25,5459,Phones,Samsung Galaxy S23,1,2271.76,Apple Pay,Riyadh,Sale,2271.76
4622,2024-01-03,5275,Laptops,MacBook Air M2,5,3918.35,Debit Card,Not Specified,Sale,19591.75
4623,2024-05-18,5722,Accessories,USB-C Cable,1,353.41,Debit Card,Jeddah,Sale,353.41
4624,2024-06-30,5010,Phones,iPhone 14,2,2373.84,Cash on Delivery,Dammam,Sale,4747.68
4625,2024-05-18,5595,Accessories,Wireless Mouse,2,127.4,Debit Card,Not Specified,Sale,254.8
4626,2024-05-01,5605,Phones,Xiaomi Redmi Note 12,1,1502.29,Unknown,Not Specified,Sale,1502.29
4627,2024-03-12,5129,TVs,Sony 65-inch Bravia,3,6327.48,Apple Pay,Madinah,Sale,18982.44
4628,2024-03-08,5558,Accessories,Bluetooth Headphones,2,323.26,Credit Card,Madinah,Sale,646.52
4629,2024-11-17,5184,Laptops,HP Pavilion 15,3,6577.64,Credit Card,Madinah,Sale,19732.920000000002
4630,2024-10-04,5441,Phones,Xiaomi Redmi Note 12,4,4125.93,Apple Pay,Not Specified,Sale,16503.72
4631,2024-07-14,5240,TVs,Sony 65-inch Bravia,5,4407.88,Debit Card,Jeddah,Sale,22039.4
4632,2024-06-30,5058,Laptops,Lenovo ThinkPad E14,1,5479.1,Cash on Delivery,Madinah,Sale,5479.1
4633,2024-08-27,5281,Laptops,HP Pavilion 15,5,4782.93,Cash on Delivery,Makkah,Sale,23914.65
4634,2024-11-21,5543,Phones,Xiaomi Redmi Note 12,5,1828.22,Cash on Delivery,Madinah,Sale,9141.1
4635,2024-06-13,5414,Laptops,Dell XPS 13,4,5659.85,Apple Pay,Jeddah,Sale,22639.4
4636,2024-09-17,5128,Laptops,MacBook Air M2,3,8484.81,Apple Pay,Makkah,Sale,25454.43
4637,2024-07-04,Guest,Cameras,Canon EOS 200D,3,1044.21,Debit Card,Dammam,Sale,3132.63
4638,2024-10-26,5162,Accessories,Wireless Mouse,4,137.84,Debit Card,Madinah,Sale,551.36
4639,2024-06-28,5187,Laptops,Dell XPS 13,1,3849.02,Credit Card,Madinah,Sale,3849.02
4640,2024-03-27,5565,Accessories,Laptop Stand,3,118.11,Apple Pay,Jeddah,Sale,354.33
4641,2024-10-28,5092,TVs,Samsung 55-inch QLED,3,6523.86,Debit Card,Riyadh,Sale,19571.579999999998
4642,2024-05-05,5583,Laptops,Dell XPS 13,3,5542.45,Credit Card,Dammam,Sale,16627.35
4643,2024-10-31,5719,Cameras,Canon EOS 200D,1,2578.68,Credit Card,Madinah,Sale,2578.68
4644,2024-03-28,5419,TVs,LG 43-inch UHD,4,5754.99,Credit Card,Jeddah,Sale,23019.96
4645,2024-05-14,5369,TVs,Samsung 55-inch QLED,-3,2603.36,Credit Card,Madinah,Return,-7810.08
4646,2024-04-04,5662,TVs,Samsung 55-inch QLED,1,4333.78,Apple Pay,Dammam,Sale,4333.78
4647,2024-04-28,5755,Phones,iPhone 14,5,3004.95,Credit Card,Riyadh,Sale,15024.75
4648,2024-05-05,5634,Phones,Samsung Galaxy S23,3,3589.19,Debit Card,Madinah,Sale,10767.57
4649,2024-03-23,5088,Laptops,Dell XPS 13,3,8997.13,Apple Pay,Riyadh,Sale,26991.39
4650,2024-07-14,5021,Cameras,Canon EOS 200D,1,2606.12,Credit Card,Makkah,Sale,2606.12
4651,2024-08-24,5409,Cameras,Canon EOS 200D,4,2332.32,Credit Card,Dammam,Sale,9329.28
4652,2024-02-26,5446,Accessories,Laptop Stand,4,336.19,Credit Card,Makkah,Sale,1344.76
4653,2024-05-24,5015,Laptops,Lenovo ThinkPad E14,2,3609.6,Cash on Delivery,Riyadh,Sale,7219.2
4654,2024-04-26,5277,Cameras,Nikon D3500,4,1009.67,Debit Card,Jeddah,Sale,4038.68
4655,2024-08-15,5689,TVs,Samsung 55-inch QLED,4,2863.13,Debit Card,Jeddah,Sale,11452.52
4656,2024-04-11,5658,Phones,Samsung Galaxy S23,4,2691.44,Credit Card,Riyadh,Sale,10765.76
4657,2024-05-24,5140,Cameras,Nikon D3500,1,2738.09,Apple Pay,Not Specified,Sale,2738.09
4658,2024-07-18,5119,Laptops,MacBook Air M2,3,6498.34,Cash on Delivery,Dammam,Sale,19495.02
4659,2024-04-01,5535,Laptops,Lenovo ThinkPad E14,4,8418.94,Apple Pay,Makkah,Sale,33675.76
4660,2024-08-03,5257,Accessories,Laptop Stand,1,218.65,Apple Pay,Jeddah,Sale,218.65
4661,2024-04-02,5438,Cameras,Nikon D3500,5,2704.59,Credit Card,Dammam,Sale,13522.95
4662,2024-06-16,5563,Phones,Oppo Reno 8,3,1675.85,Credit Card,Madinah,Sale,5027.549999999999
4663,2024-02-14,5306,TVs,Samsung 55-inch QLED,4,1981.54,Unknown,Jeddah,Sale,7926.16
4664,2024-03-27,5315,Laptops,MacBook Air M2,3,6082.54,Debit Card,Makkah,Sale,18247.62
4665,2024-02-09,5275,Accessories,Bluetooth Headphones,4,192.13,Debit Card,Jeddah,Sale,768.52
4666,2024-06-20,5261,Accessories,Laptop Stand,2,340.5,Apple Pay,Not Specified,Sale,681.0
4667,2024-06-01,5791,TVs,Sony 65-inch Bravia,2,2635.53,Cash on Delivery,Dammam,Sale,5271.06
4668,2024-04-25,5572,Cameras,Nikon D3500,4,989.9,Debit Card,Makkah,Sale,3959.6
4669,2024-05-23,Guest,Cameras,Canon EOS 200D,4,2516.54,Debit Card,Jeddah,Sale,10066.16
4670,2024-12-27,5003,TVs,Sony 65-inch Bravia,3,3034.89,Credit Card,Riyadh,Sale,9104.67
4671,2024-04-26,5493,Cameras,Nikon D3500,5,1078.61,Cash on Delivery,Dammam,Sale,5393.049999999999
4672,2024-02-16,5328,Accessories,USB-C Cable,4,298.1,Unknown,Jeddah,Sale,1192.4
4673,2024-01-09,5546,Cameras,GoPro Hero 11,1,1301.73,Debit Card,Makkah,Sale,1301.73
4674,2024-12-10,5500,Phones,Xiaomi Redmi Note 12,4,3629.12,Credit Card,Not Specified,Sale,14516.48
4675,2024-02-18,5517,TVs,Sony 65-inch Bravia,3,3261.46,Debit Card,Makkah,Sale,9784.380000000001
4676,2024-05-21,5405,Cameras,Nikon D3500,2,1524.59,Apple Pay,Riyadh,Sale,3049.18
4677,2024-04-10,5262,TVs,Samsung 55-inch QLED,4,3774.71,Cash on Delivery,Makkah,Sale,15098.84
4678,2024-03-08,5566,TVs,LG 43-inch UHD,4,5967.52,Unknown,Makkah,Sale,23870.08
4679,2024-12-03,5381,Phones,Xiaomi Redmi Note 12,3,2872.33,Credit Card,Madinah,Sale,8616.99
4680,2024-11-07,5152,Cameras,GoPro Hero 11,-5,3602.77,Credit Card,Riyadh,Return,-18013.85
4681,2024-12-22,5795,TVs,LG 43-inch UHD,2,2452.53,Credit Card,Riyadh,Sale,4905.06
4682,2024-06-20,5394,Cameras,Nikon D3500,1,3681.98,Apple Pay,Madinah,Sale,3681.98
4683,2024-04-30,5034,Phones,Xiaomi Redmi Note 12,3,2329.27,Apple Pay,Makkah,Sale,6987.8099999999995
4684,2024-04-26,5435,Accessories,Wireless Mouse,2,280.64,Apple Pay,Dammam,Sale,561.28
4685,2024-05-05,5494,Cameras,GoPro Hero 11,2,2936.81,Credit Card,Makkah,Sale,5873.62
4686,2024-04-18,5717,TVs,Sony 65-inch Bravia,1,6631.55,Apple Pay,Makkah,Sale,6631.55
4687,2024-04-03,5486,Phones,Samsung Galaxy S23,2,2855.63,Apple Pay,Makkah,Sale,5711.26
4688,2024-05-23,5462,Cameras,GoPro Hero 11,1,1138.19,Credit Card,Madinah,Sale,1138.19
4689,2024-09-16,5514,Cameras,GoPro Hero 11,4,968.96,Cash on Delivery,Jeddah,Sale,3875.84
4690,2024-07-17,5424,Accessories,Wireless Mouse,-4,335.94,Debit Card,Madinah,Return,-1343.76
4691,2024-12-14,5024,Laptops,HP Pavilion 15,2,5910.78,Unknown,Makkah,Sale,11821.56
4692,2024-01-12,5120,Accessories,Bluetooth Headphones,3,316.84,Debit Card,Jeddah,Sale,950.52
4693,2024-05-14,5558,TVs,Samsung 55-inch QLED,5,3019.01,Apple Pay,Riyadh,Sale,15095.050000000001
4694,2024-08-14,5210,TVs,Sony 65-inch Bravia,1,3594.44,Apple Pay,Makkah,Sale,3594.44
4695,2024-02-05,5692,Laptops,MacBook Air M2,4,2695.68,Debit Card,Madinah,Sale,10782.72
4696,2024-04-08,Guest,Phones,Oppo Reno 8,5,4865.22,Debit Card,Madinah,Sale,24326.100000000002
4697,2024-09-08,5719,Phones,Samsung Galaxy S23,1,3837.54,Debit Card,Makkah,Sale,3837.54
4698,2024-04-29,5755,Accessories,USB-C Cable,4,375.29,Credit Card,Makkah,Sale,1501.16
4699,2024-06-06,5414,Phones,Oppo Reno 8,5,2429.24,Cash on Delivery,Jeddah,Sale,12146.199999999999
4700,2024-03-21,5548,Cameras,Nikon D3500,1,3101.27,Debit Card,Madinah,Sale,3101.27
4701,2024-12-11,5703,Laptops,MacBook Air M2,2,6910.25,Cash on Delivery,Dammam,Sale,13820.5
4702,2024-01-10,5793,Cameras,GoPro Hero 11,1,2043.18,Cash on Delivery,Dammam,Sale,2043.18
4703,2024-08-02,5613,Cameras,GoPro Hero 11,4,3953.19,Credit Card,Makkah,Sale,15812.76
4704,2024-11-11,5002,Laptops,MacBook Air M2,3,8656.55,Apple Pay,Jeddah,Sale,25969.649999999998
4705,2024-11-06,5237,Accessories,Bluetooth Headphones,5,357.4,Debit Card,Dammam,Sale,1787.0
4706,2024-05-22,5710,Cameras,GoPro Hero 11,2,3560.64,Credit Card,Jeddah,Sale,7121.28
4707,2024-10-02,5514,Phones,Oppo Reno 8,1,2471.13,Apple Pay,Makkah,Sale,2471.13
4708,2024-11-20,5694,Phones,Oppo Reno 8,4,2485.66,Cash on Delivery,Jeddah,Sale,9942.64
4709,2024-11-26,Guest,Phones,Xiaomi Redmi Note 12,5,4871.76,Credit Card,Riyadh,Sale,24358.800000000003
4710,2024-11-30,5001,Accessories,USB-C Cable,5,33.81,Credit Card,Dammam,Sale,169.05
4711,2024-01-24,5613,Laptops,Lenovo ThinkPad E14,1,7154.32,Apple Pay,Riyadh,Sale,7154.32
4712,2024-11-18,5049,Laptops,Lenovo ThinkPad E14,3,7090.6,Credit Card,Makkah,Sale,21271.800000000003
4713,2024-09-19,5655,Laptops,MacBook Air M2,5,6547.48,Credit Card,Madinah,Sale,32737.399999999998
4714,2024-03-22,5169,Phones,Oppo Reno 8,4,4965.38,Debit Card,Madinah,Sale,19861.52
4715,2024-10-08,5539,Cameras,Nikon D3500,2,2022.77,Cash on Delivery,Dammam,Sale,4045.54
4716,2024-12-04,5528,Accessories,Wireless Mouse,1,155.79,Apple Pay,Jeddah,Sale,155.79
4717,2024-10-23,5646,Cameras,GoPro Hero 11,3,1184.18,Debit Card,Makkah,Sale,3552.54
4718,2024-02-08,5606,Accessories,Wireless Mouse,4,193.84,Credit Card,Not Specified,Sale,775.36
4719,2024-02-26,5401,Phones,Oppo Reno 8,2,2413.67,Apple Pay,Makkah,Sale,4827.34
4720,2024-10-12,5245,Laptops,MacBook Air M2,1,4732.01,Debit Card,Riyadh,Sale,4732.01
4721,2024-08-21,5199,Cameras,Canon EOS 200D,1,3904.46,Debit Card,Makkah,Sale,3904.46
4722,2024-05-17,5390,Accessories,Bluetooth Headphones,2,376.13,Cash on Delivery,Madinah,Sale,752.26
4723,2024-06-20,5083,Laptops,HP Pavilion 15,5,3707.26,Apple Pay,Riyadh,Sale,18536.300000000003
4724,2024-05-31,5673,Laptops,MacBook Air M2,2,5873.17,Cash on Delivery,Jeddah,Sale,11746.34
4725,2024-07-27,5092,Accessories,USB-C Cable,5,373.59,Credit Card,Madinah,Sale,1867.9499999999998
4726,2024-08-22,Guest,Laptops,Dell XPS 13,3,2901.75,Debit Card,Riyadh,Sale,8705.25
4727,2024-10-18,5255,Cameras,Nikon D3500,4,1232.5,Apple Pay,Riyadh,Sale,4930.0
4728,2024-11-28,5772,Cameras,Nikon D3500,4,1486.05,Credit Card,Jeddah,Sale,5944.2
4729,2024-07-11,5043,Accessories,USB-C Cable,3,250.23,Debit Card,Dammam,Sale,750.6899999999999
4730,2024-04-23,5771,Accessories,Bluetooth Headphones,4,85.67,Cash on Delivery,Madinah,Sale,342.68
4731,2024-07-07,Guest,Phones,Oppo Reno 8,3,4888.27,Credit Card,Jeddah,Sale,14664.810000000001
4732,2024-03-01,5254,Accessories,USB-C Cable,3,195.28,Apple Pay,Makkah,Sale,585.84
4733,2024-05-21,5202,Cameras,Nikon D3500,4,2705.46,Apple Pay,Jeddah,Sale,10821.84
4734,2024-08-07,5474,Laptops,Dell XPS 13,1,4103.28,Apple Pay,Makkah,Sale,4103.28
4735,2024-09-27,5075,Cameras,GoPro Hero 11,4,2595.46,Cash on Delivery,Madinah,Sale,10381.84
4736,2024-10-24,5138,Laptops,HP Pavilion 15,3,6802.44,Apple Pay,Jeddah,Sale,20407.32
4737,2024-04-05,5169,Phones,Xiaomi Redmi Note 12,5,4129.12,Apple Pay,Jeddah,Sale,20645.6
4738,2024-11-13,5426,TVs,Sony 65-inch Bravia,2,5720.11,Credit Card,Makkah,Sale,11440.22
4739,2024-08-20,5193,TVs,Samsung 55-inch QLED,5,4805.03,Apple Pay,Jeddah,Sale,24025.149999999998
4740,2024-11-08,5754,Accessories,Laptop Stand,5,364.61,Debit Card,Madinah,Sale,1823.0500000000002
4741,2024-10-07,5769,Cameras,GoPro Hero 11,2,3842.67,Debit Card,Dammam,Sale,7685.34
4742,2024-09-01,Guest,Cameras,GoPro Hero 11,4,3625.37,Apple Pay,Makkah,Sale,14501.48
4743,2024-07-09,5124,Cameras,Canon EOS 200D,4,1100.18,Credit Card,Dammam,Sale,4400.72
4744,2024-09-25,5257,Laptops,HP Pavilion 15,2,2544.71,Credit Card,Madinah,Sale,5089.42
4745,2024-02-18,5540,Cameras,Canon EOS 200D,3,1664.81,Debit Card,Madinah,Sale,4994.43
4746,2024-03-20,5030,Laptops,MacBook Air M2,2,6812.9,Apple Pay,Riyadh,Sale,13625.8
4747,2024-05-28,5408,Phones,iPhone 14,3,2939.19,Credit Card,Makkah,Sale,8817.57
4748,2024-06-05,5748,Laptops,MacBook Air M2,2,5115.64,Credit Card,Dammam,Sale,10231.28
4749,2024-04-21,5209,Cameras,Canon EOS 200D,3,4084.51,Credit Card,Riyadh,Sale,12253.53
4750,2024-10-09,5481,Cameras,GoPro Hero 11,3,4124.03,Debit Card,Madinah,Sale,12372.09
4751,2024-10-29,5687,Laptops,MacBook Air M2,5,8409.64,Apple Pay,Dammam,Sale,42048.2
4752,2024-03-22,5337,TVs,LG 43-inch UHD,2,3432.17,Cash on Delivery,Riyadh,Sale,6864.34
4753,2024-11-28,5187,Cameras,GoPro Hero 11,2,3387.8,Credit Card,Madinah,Sale,6775.6
4754,2024-04-28,5438,Laptops,HP Pavilion 15,1,4265.62,Apple Pay,Makkah,Sale,4265.62
4755,2024-11-14,5582,Cameras,Canon EOS 200D,3,1586.2,Apple Pay,Jeddah,Sale,4758.6
4756,2024-11-28,5134,Cameras,Canon EOS 200D,3,1564.68,Apple Pay,Not Specified,Sale,4694.04
4757,2024-08-30,5459,Phones,iPhone 14,3,2697.38,Unknown,Riyadh,Sale,8092.14
4758,2024-07-28,5341,Cameras,Nikon D3500,1,2447.85,Apple Pay,Madinah,Sale,2447.85
4759,2024-11-29,5253,TVs,Samsung 55-inch QLED,3,6120.94,Credit Card,Not Specified,Sale,18362.82
4760,2024-05-11,5230,Accessories,Laptop Stand,-1,74.36,Debit Card,Dammam,Return,-74.36
4761,2024-09-03,5099,Phones,Samsung Galaxy S23,5,4072.24,Cash on Delivery,Makkah,Sale,20361.199999999997
4762,2024-09-11,Guest,Phones,iPhone 14,4,3360.09,Apple Pay,Jeddah,Sale,13440.36
4763,2024-09-11,5429,Laptops,MacBook Air M2,3,4371.64,Credit Card,Jeddah,Sale,13114.920000000002
4764,2024-01-24,5762,Phones,Samsung Galaxy S23,2,3224.87,Cash on Delivery,Madinah,Sale,6449.74
4765,2024-02-06,5495,Cameras,GoPro Hero 11,-5,1979.79,Debit Card,Madinah,Return,-9898.95
4766,2024-08-23,5749,Laptops,Dell XPS 13,1,6374.53,Debit Card,Dammam,Sale,6374.53
4767,2024-06-07,5563,Laptops,HP Pavilion 15,3,5319.99,Unknown,Dammam,Sale,15959.97
4768,2024-05-18,5454,Cameras,Canon EOS 200D,4,1491.86,Apple Pay,Riyadh,Sale,5967.44
4769,2024-03-06,5005,Cameras,Nikon D3500,2,1319.7,Cash on Delivery,Riyadh,Sale,2639.4
4770,2024-06-13,5644,TVs,LG 43-inch UHD,1,4642.82,Credit Card,Makkah,Sale,4642.82
4771,2024-02-15,5551,Phones,Xiaomi Redmi Note 12,4,4658.45,Debit Card,Jeddah,Sale,18633.8
4772,2024-02-10,5197,Cameras,Nikon D3500,3,2138.25,Cash on Delivery,Makkah,Sale,6414.75
4773,2024-11-05,5001,Accessories,Wireless Mouse,1,301.21,Cash on Delivery,Madinah,Sale,301.21
4774,2024-10-05,5462,Accessories,Bluetooth Headphones,1,273.7,Unknown,Not Specified,Sale,273.7
4775,2024-11-13,5616,Accessories,Bluetooth Headphones,4,374.68,Cash on Delivery,Jeddah,Sale,1498.72
4776,2024-01-25,5051,Phones,Oppo Reno 8,4,4373.43,Apple Pay,Riyadh,Sale,17493.72
4777,2024-10-27,5326,Accessories,Wireless Mouse,2,239.64,Credit Card,Dammam,Sale,479.28
4778,2024-10-03,5618,Accessories,Wireless Mouse,3,273.1,Credit Card,Jeddah,Sale,819.3000000000001
4779,2024-04-01,5602,Cameras,Canon EOS 200D,1,4134.19,Credit Card,Jeddah,Sale,4134.19
4780,2024-03-23,5380,TVs,LG 43-inch UHD,1,3877.5,Debit Card,Madinah,Sale,3877.5
4781,2024-07-23,5546,Cameras,GoPro Hero 11,3,2076.46,Credit Card,Makkah,Sale,6229.38
4782,2024-03-18,5622,Cameras,Canon EOS 200D,4,938.92,Cash on Delivery,Jeddah,Sale,3755.68
4783,2024-07-14,5211,Accessories,Wireless Mouse,-3,335.82,Apple Pay,Madinah,Return,-1007.46
4784,2024-06-24,5056,Laptops,Dell XPS 13,4,7706.37,Debit Card,Jeddah,Sale,30825.48
4785,2024-06-02,5519,Laptops,Lenovo ThinkPad E14,3,3178.95,Credit Card,Madinah,Sale,9536.849999999999
4786,2024-09-06,5610,Phones,Oppo Reno 8,1,3519.0,Apple Pay,Riyadh,Sale,3519.0
4787,2024-12-13,5740,Laptops,MacBook Air M2,-1,5515.88,Credit Card,Madinah,Return,-5515.88
4788,2024-02-10,5399,Accessories,USB-C Cable,-1,73.92,Debit Card,Jeddah,Return,-73.92
4789,2024-02-19,5346,TVs,Samsung 55-inch QLED,3,6898.95,Cash on Delivery,Madinah,Sale,20696.85
4790,2024-06-24,5190,Cameras,Canon EOS 200D,2,1672.91,Apple Pay,Jeddah,Sale,3345.82
4791,2024-10-31,5465,Phones,iPhone 14,4,1735.32,Credit Card,Dammam,Sale,6941.28
4792,2024-01-10,5481,Laptops,Dell XPS 13,3,6366.51,Debit Card,Madinah,Sale,19099.53
4793,2024-09-01,5303,Phones,Oppo Reno 8,3,4086.03,Cash on Delivery,Dammam,Sale,12258.09
4794,2024-12-23,5081,TVs,Sony 65-inch Bravia,-1,1968.71,Debit Card,Jeddah,Return,-1968.71
4795,2024-05-28,5586,TVs,Samsung 55-inch QLED,4,5225.33,Credit Card,Not Specified,Sale,20901.32
4796,2024-10-22,5396,Accessories,USB-C Cable,3,226.95,Apple Pay,Makkah,Sale,680.8499999999999
4797,2024-07-27,5719,TVs,Samsung 55-inch QLED,2,2336.98,Debit Card,Dammam,Sale,4673.96
4798,2024-01-02,5141,Cameras,Nikon D3500,3,1521.09,Debit Card,Riyadh,Sale,4563.2699999999995
4799,2024-09-30,5382,TVs,Samsung 55-inch QLED,3,4753.47,Credit Card,Jeddah,Sale,14260.41
4800,2024-08-17,5529,TVs,Sony 65-inch Bravia,1,3341.06,Debit Card,Makkah,Sale,3341.06
4801,2024-06-18,5042,TVs,Samsung 55-inch QLED,1,6679.24,Apple Pay,Jeddah,Sale,6679.24
4802,2024-05-02,5045,TVs,LG 43-inch UHD,4,6057.45,Credit Card,Dammam,Sale,24229.8
4803,2024-11-27,5638,Laptops,MacBook Air M2,4,8893.19,Cash on Delivery,Riyadh,Sale,35572.76
4804,2024-03-02,5044,Cameras,GoPro Hero 11,1,1834.82,Debit Card,Madinah,Sale,1834.82
4805,2024-03-25,5146,Cameras,Canon EOS 200D,1,4391.01,Debit Card,Riyadh,Sale,4391.01
4806,2024-01-12,5161,Accessories,USB-C Cable,5,189.56,Cash on Delivery,Dammam,Sale,947.8
4807,2024-08-07,5375,Laptops,Lenovo ThinkPad E14,5,4758.87,Apple Pay,Madinah,Sale,23794.35
4808,2024-10-21,5050,Laptops,MacBook Air M2,2,2827.27,Apple Pay,Riyadh,Sale,5654.54
4809,2024-09-30,5474,Cameras,GoPro Hero 11,4,1089.95,Credit Card,Jeddah,Sale,4359.8
4810,2024-05-31,5645,Accessories,Laptop Stand,3,286.04,Cash on Delivery,Dammam,Sale,858.1200000000001
4811,2024-01-23,5619,Cameras,Canon EOS 200D,3,2548.54,Cash on Delivery,Madinah,Sale,7645.62
4812,2024-06-17,Guest,Accessories,Bluetooth Headphones,2,113.81,Credit Card,Riyadh,Sale,227.62
4813,2024-10-07,5644,Phones,iPhone 14,5,3648.9,Apple Pay,Dammam,Sale,18244.5
4814,2024-05-25,5415,Accessories,USB-C Cable,3,123.56,Cash on Delivery,Makkah,Sale,370.68
4815,2024-11-01,5505,Laptops,Dell XPS 13,3,6254.61,Debit Card,Riyadh,Sale,18763.829999999998
4816,2024-01-27,5012,Cameras,Nikon D3500,3,2193.15,Apple Pay,Makkah,Sale,6579.450000000001
4817,2024-02-22,5554,Laptops,Lenovo ThinkPad E14,4,7853.09,Debit Card,Dammam,Sale,31412.36
4818,2024-08-17,5655,TVs,Samsung 55-inch QLED,1,6067.62,Cash on Delivery,Makkah,Sale,6067.62
4819,2024-07-26,5361,Laptops,Lenovo ThinkPad E14,1,5602.78,Debit Card,Jeddah,Sale,5602.78
4820,2024-09-15,5383,Phones,Xiaomi Redmi Note 12,3,2727.87,Credit Card,Riyadh,Sale,8183.61
4821,2024-04-02,5433,Laptops,MacBook Air M2,4,4856.64,Debit Card,Riyadh,Sale,19426.56
4822,2024-06-10,5539,TVs,Samsung 55-inch QLED,4,5989.72,Credit Card,Dammam,Sale,23958.88
4823,2024-02-01,5261,TVs,Sony 65-inch Bravia,3,3506.53,Debit Card,Jeddah,Sale,10519.59
4824,2024-04-17,5452,Accessories,Wireless Mouse,2,107.35,Cash on Delivery,Dammam,Sale,214.7
4825,2024-01-29,5218,Cameras,Nikon D3500,4,2606.12,Cash on Delivery,Dammam,Sale,10424.48
4826,2024-12-21,5740,Phones,Xiaomi Redmi Note 12,4,3133.43,Credit Card,Dammam,Sale,12533.72
4827,2024-10-20,5761,TVs,Samsung 55-inch QLED,1,4307.09,Apple Pay,Makkah,Sale,4307.09
4828,2024-10-24,5397,Accessories,Laptop Stand,2,341.14,Apple Pay,Dammam,Sale,682.28
4829,2024-04-09,5642,Phones,Samsung Galaxy S23,3,2274.34,Apple Pay,Dammam,Sale,6823.02
4830,2024-07-21,5703,Cameras,Nikon D3500,5,2271.57,Credit Card,Dammam,Sale,11357.85
4831,2024-04-05,5748,TVs,Samsung 55-inch QLED,2,6003.71,Apple Pay,Makkah,Sale,12007.42
4832,2024-05-05,5190,Phones,Xiaomi Redmi Note 12,1,4382.68,Credit Card,Madinah,Sale,4382.68
4833,2024-11-04,5247,Laptops,MacBook Air M2,3,4999.97,Apple Pay,Makkah,Sale,14999.91
4834,2024-03-14,5698,Laptops,Dell XPS 13,5,5484.31,Apple Pay,Jeddah,Sale,27421.550000000003
4835,2024-10-16,5040,Laptops,Dell XPS 13,4,4471.36,Cash on Delivery,Dammam,Sale,17885.44
4836,2024-06-13,5471,Laptops,Dell XPS 13,2,8561.61,Debit Card,Makkah,Sale,17123.22
4837,2024-10-30,5449,TVs,Sony 65-inch Bravia,2,2416.95,Cash on Delivery,Jeddah,Sale,4833.9
4838,2024-11-14,5346,TVs,Samsung 55-inch QLED,2,6655.5,Debit Card,Madinah,Sale,13311.0
4839,2024-03-10,5589,Laptops,MacBook Air M2,2,6945.13,Debit Card,Riyadh,Sale,13890.26
4840,2024-12-18,5631,Phones,Xiaomi Redmi Note 12,1,3360.5,Credit Card,Makkah,Sale,3360.5
4841,2024-03-30,5141,Laptops,Dell XPS 13,5,2712.28,Cash on Delivery,Not Specified,Sale,13561.400000000001
4842,2024-09-10,5009,Laptops,HP Pavilion 15,1,5591.38,Debit Card,Madinah,Sale,5591.38
4843,2024-06-13,5706,TVs,LG 43-inch UHD,-1,3920.29,Cash on Delivery,Dammam,Return,-3920.29
4844,2024-07-18,5446,Accessories,USB-C Cable,1,89.65,Apple Pay,Dammam,Sale,89.65
4845,2024-11-07,5564,Cameras,GoPro Hero 11,5,3263.07,Credit Card,Jeddah,Sale,16315.35
4846,2024-01-16,5251,Laptops,MacBook Air M2,1,8812.48,Unknown,Dammam,Sale,8812.48
4847,2024-04-04,5504,Laptops,Dell XPS 13,4,6154.23,Debit Card,Jeddah,Sale,24616.92
4848,2024-08-27,5424,TVs,LG 43-inch UHD,2,5516.72,Debit Card,Riyadh,Sale,11033.44
4849,2024-01-18,5747,Cameras,GoPro Hero 11,4,1146.42,Apple Pay,Dammam,Sale,4585.68
4850,2024-08-14,5370,TVs,Samsung 55-inch QLED,1,3971.87,Debit Card,Madinah,Sale,3971.87
4851,2024-07-12,5320,Phones,Samsung Galaxy S23,1,1907.25,Cash on Delivery,Madinah,Sale,1907.25
4852,2024-03-10,5655,Laptops,HP Pavilion 15,3,6483.17,Credit Card,Not Specified,Sale,19449.510000000002
4853,2024-06-01,5276,TVs,Sony 65-inch Bravia,1,6680.11,Debit Card,Makkah,Sale,6680.11
4854,2024-08-30,5464,Phones,Oppo Reno 8,3,3816.22,Debit Card,Makkah,Sale,11448.66
4855,2024-07-09,5163,TVs,Samsung 55-inch QLED,5,2199.38,Credit Card,Makkah,Sale,10996.900000000001
4856,2024-05-05,5678,Phones,iPhone 14,4,2741.33,Debit Card,Madinah,Sale,10965.32
4857,2024-05-14,5587,Accessories,Laptop Stand,4,233.75,Credit Card,Dammam,Sale,935.0
4858,2024-06-10,5213,TVs,LG 43-inch UHD,5,3896.68,Apple Pay,Madinah,Sale,19483.399999999998
4859,2024-10-27,5554,Phones,Samsung Galaxy S23,5,4417.75,Apple Pay,Madinah,Sale,22088.75
4860,2024-05-11,5603,Accessories,Wireless Mouse,5,331.43,Apple Pay,Riyadh,Sale,1657.15
4861,2024-06-09,5719,Cameras,Nikon D3500,1,3102.59,Cash on Delivery,Madinah,Sale,3102.59
4862,2024-08-01,5130,Laptops,Dell XPS 13,4,4927.48,Cash on Delivery,Jeddah,Sale,19709.92
4863,2024-10-29,5133,Laptops,Dell XPS 13,3,4159.69,Apple Pay,Riyadh,Sale,12479.07
4864,2024-10-07,5337,Phones,Samsung Galaxy S23,5,1870.56,Credit Card,Riyadh,Sale,9352.8
4865,2024-10-14,5016,Cameras,Nikon D3500,3,2177.63,Debit Card,Dammam,Sale,6532.89
4866,2024-04-03,5140,Phones,iPhone 14,4,2946.1,Apple Pay,Jeddah,Sale,11784.4
4867,2024-09-11,5349,Laptops,HP Pavilion 15,3,6892.85,Debit Card,Jeddah,Sale,20678.550000000003
4868,2024-08-24,5525,TVs,Sony 65-inch Bravia,5,5222.43,Apple Pay,Riyadh,Sale,26112.15
4869,2024-03-13,5538,Cameras,GoPro Hero 11,2,1152.39,Debit Card,Makkah,Sale,2304.78
4870,2024-09-04,5297,Cameras,GoPro Hero 11,1,2322.93,Cash on Delivery,Madinah,Sale,2322.93
4871,2024-09-24,5748,Phones,Oppo Reno 8,1,2136.23,Apple Pay,Riyadh,Sale,2136.23
4872,2024-10-21,5478,Laptops,HP Pavilion 15,3,3519.28,Apple Pay,Dammam,Sale,10557.84
4873,2024-10-01,5771,Cameras,GoPro Hero 11,3,3878.29,Apple Pay,Riyadh,Sale,11634.869999999999
4874,2024-12-17,5793,Accessories,Laptop Stand,4,45.51,Cash on Delivery,Madinah,Sale,182.04
4875,2024-12-13,5635,TVs,Samsung 55-inch QLED,5,3979.75,Debit Card,Riyadh,Sale,19898.75
4876,2024-04-13,5556,TVs,Samsung 55-inch QLED,4,2674.66,Credit Card,Riyadh,Sale,10698.64
4877,2024-08-01,5135,Phones,Samsung Galaxy S23,1,4577.66,Apple Pay,Makkah,Sale,4577.66
4878,2024-08-02,5750,Phones,iPhone 14,3,3449.64,Cash on Delivery,Dammam,Sale,10348.92
4879,2024-09-16,5511,TVs,Sony 65-inch Bravia,4,3003.18,Cash on Delivery,Dammam,Sale,12012.72
4880,2024-06-14,5360,Cameras,Nikon D3500,3,2708.74,Cash on Delivery,Makkah,Sale,8126.219999999999
4881,2024-05-10,5005,Phones,Samsung Galaxy S23,4,4060.2,Apple Pay,Dammam,Sale,16240.8
4882,2024-07-16,5533,Phones,iPhone 14,5,4853.41,Apple Pay,Dammam,Sale,24267.05
4883,2024-03-08,5073,TVs,Sony 65-inch Bravia,3,2946.32,Credit Card,Dammam,Sale,8838.960000000001
4884,2024-06-29,5157,TVs,LG 43-inch UHD,3,6408.15,Cash on Delivery,Riyadh,Sale,19224.449999999997
4885,2024-06-03,5602,Laptops,HP Pavilion 15,3,8572.98,Credit Card,Madinah,Sale,25718.94
4886,2024-05-31,5206,Cameras,Nikon D3500,1,4199.11,Debit Card,Jeddah,Sale,4199.11
4887,2024-09-30,5794,Cameras,Nikon D3500,4,3187.49,Credit Card,Madinah,Sale,12749.96
4888,2024-08-28,5020,Laptops,HP Pavilion 15,1,6593.83,Credit Card,Makkah,Sale,6593.83
4889,2024-04-09,5157,Laptops,Lenovo ThinkPad E14,1,5120.87,Cash on Delivery,Dammam,Sale,5120.87
4890,2024-02-01,Guest,Laptops,Lenovo ThinkPad E14,2,7390.59,Credit Card,Dammam,Sale,14781.18
4891,2024-01-16,5217,Phones,Samsung Galaxy S23,5,3359.53,Cash on Delivery,Riyadh,Sale,16797.65
4892,2024-10-25,5487,Accessories,Wireless Mouse,4,280.65,Credit Card,Madinah,Sale,1122.6
4893,2024-10-21,5344,Cameras,Nikon D3500,4,2442.45,Debit Card,Dammam,Sale,9769.8
4894,2024-02-26,5624,Laptops,HP Pavilion 15,2,7254.73,Cash on Delivery,Makkah,Sale,14509.46
4895,2024-06-01,5209,Accessories,Wireless Mouse,3,335.05,Credit Card,Makkah,Sale,1005.1500000000001
4896,2024-12-19,5014,Accessories,Laptop Stand,4,84.18,Cash on Delivery,Madinah,Sale,336.72
4897,2024-09-12,5344,Cameras,Nikon D3500,2,3898.55,Cash on Delivery,Riyadh,Sale,7797.1
4898,2024-10-07,5001,Cameras,GoPro Hero 11,1,2845.07,Debit Card,Makkah,Sale,2845.07
4899,2024-05-18,5092,Laptops,HP Pavilion 15,2,7990.33,Credit Card,Jeddah,Sale,15980.66
4900,2024-06-19,5017,Accessories,USB-C Cable,5,189.58,Cash on Delivery,Madinah,Sale,947.9000000000001
4901,2024-06-08,5098,TVs,Samsung 55-inch QLED,2,3771.01,Credit Card,Jeddah,Sale,7542.02
4902,2024-08-13,5545,Cameras,GoPro Hero 11,4,4194.22,Apple Pay,Dammam,Sale,16776.88
4903,2024-07-04,5672,TVs,LG 43-inch UHD,5,3106.08,Cash on Delivery,Riyadh,Sale,15530.4
4904,2024-09-19,5738,Accessories,Wireless Mouse,4,342.36,Cash on Delivery,Madinah,Sale,1369.44
4905,2024-01-02,5327,Laptops,Dell XPS 13,5,5646.13,Debit Card,Madinah,Sale,28230.65
4906,2024-12-22,5584,Cameras,Nikon D3500,5,2750.74,Cash on Delivery,Riyadh,Sale,13753.699999999999
4907,2024-05-05,5031,TVs,Samsung 55-inch QLED,2,3404.04,Debit Card,Makkah,Sale,6808.08
4908,2024-11-14,5430,Accessories,Laptop Stand,3,242.03,Debit Card,Makkah,Sale,726.09
4909,2024-09-21,5197,TVs,LG 43-inch UHD,2,3491.1,Credit Card,Makkah,Sale,6982.2
4910,2024-07-25,5380,Phones,Oppo Reno 8,2,1637.44,Debit Card,Riyadh,Sale,3274.88
4911,2024-08-27,5797,Phones,iPhone 14,5,2452.0,Debit Card,Dammam,Sale,12260.0
4912,2024-07-04,5637,Laptops,Lenovo ThinkPad E14,3,2541.46,Cash on Delivery,Makkah,Sale,7624.38
4913,2024-01-12,5136,Cameras,GoPro Hero 11,4,4422.08,Debit Card,Jeddah,Sale,17688.32
4914,2024-03-14,5461,TVs,Sony 65-inch Bravia,2,6821.89,Apple Pay,Riyadh,Sale,13643.78
4915,2024-10-23,5233,Cameras,GoPro Hero 11,1,2322.56,Debit Card,Jeddah,Sale,2322.56
4916,2024-10-20,5323,TVs,Sony 65-inch Bravia,1,5587.53,Credit Card,Makkah,Sale,5587.53
4917,2024-01-29,5457,Accessories,Laptop Stand,5,157.95,Cash on Delivery,Makkah,Sale,789.75
4918,2024-12-26,Guest,Cameras,Nikon D3500,3,3315.94,Credit Card,Makkah,Sale,9947.82
4919,2024-06-09,5553,TVs,LG 43-inch UHD,2,5988.24,Credit Card,Madinah,Sale,11976.48
4920,2024-01-21,5526,Cameras,GoPro Hero 11,4,4308.32,Debit Card,Makkah,Sale,17233.28
4921,2024-10-25,5616,Phones,Xiaomi Redmi Note 12,1,2900.74,Cash on Delivery,Makkah,Sale,2900.74
4922,2024-07-08,5414,Phones,Xiaomi Redmi Note 12,5,4241.54,Apple Pay,Jeddah,Sale,21207.7
4923,2024-09-15,5210,Cameras,Canon EOS 200D,3,1857.34,Apple Pay,Makkah,Sale,5572.0199999999995
4924,2024-03-20,5081,Cameras,Canon EOS 200D,1,4465.2,Apple Pay,Makkah,Sale,4465.2
4925,2024-10-30,5117,Laptops,Dell XPS 13,4,2667.5,Credit Card,Jeddah,Sale,10670.0
4926,2024-11-19,5559,Cameras,Canon EOS 200D,3,2606.12,Credit Card,Madinah,Sale,7818.36
4927,2024-10-17,5523,Phones,Samsung Galaxy S23,5,3808.27,Apple Pay,Riyadh,Sale,19041.35
4928,2024-11-28,Guest,Laptops,MacBook Air M2,-4,6972.3,Credit Card,Makkah,Return,-27889.2
4929,2024-03-01,5135,Cameras,Canon EOS 200D,1,1333.4,Apple Pay,Madinah,Sale,1333.4
4930,2024-03-16,5566,Laptops,Lenovo ThinkPad E14,5,8600.44,Debit Card,Makkah,Sale,43002.200000000004
4931,2024-04-24,5622,Cameras,Canon EOS 200D,3,1552.26,Apple Pay,Dammam,Sale,4656.78
4932,2024-05-04,5502,TVs,Samsung 55-inch QLED,3,5038.32,Credit Card,Makkah,Sale,15114.96
4933,2024-09-18,5747,Accessories,Laptop Stand,5,112.39,Apple Pay,Madinah,Sale,561.95
4934,2024-06-22,5498,Laptops,Dell XPS 13,3,4496.91,Apple Pay,Not Specified,Sale,13490.73
4935,2024-02-21,5330,TVs,Samsung 55-inch QLED,2,4641.58,Debit Card,Riyadh,Sale,9283.16
4936,2024-11-19,5692,Accessories,Bluetooth Headphones,1,184.36,Cash on Delivery,Makkah,Sale,184.36
4937,2024-03-06,5617,Phones,Xiaomi Redmi Note 12,1,3321.1949999999997,Apple Pay,Madinah,Sale,3321.1949999999997
4938,2024-12-29,5318,Laptops,HP Pavilion 15,3,3611.09,Cash on Delivery,Not Specified,Sale,10833.27
4939,2024-02-23,5315,Accessories,USB-C Cable,1,184.71,Cash on Delivery,Riyadh,Sale,184.71
4940,2024-11-29,5663,TVs,Samsung 55-inch QLED,1,5737.87,Unknown,Not Specified,Sale,5737.87
4941,2024-04-11,5332,Accessories,Wireless Mouse,4,362.25,Apple Pay,Riyadh,Sale,1449.0
4942,2024-11-04,5654,TVs,Sony 65-inch Bravia,1,2237.46,Credit Card,Madinah,Sale,2237.46
4943,2024-11-12,5237,TVs,LG 43-inch UHD,4,3844.14,Credit Card,Jeddah,Sale,15376.56
4944,2024-07-01,5421,Accessories,Bluetooth Headphones,4,67.09,Cash on Delivery,Dammam,Sale,268.36
4945,2024-05-30,5743,TVs,Sony 65-inch Bravia,1,1886.28,Debit Card,Makkah,Sale,1886.28
4946,2024-01-12,5137,TVs,LG 43-inch UHD,1,5240.94,Unknown,Jeddah,Sale,5240.94
4947,2024-09-02,5677,Cameras,Nikon D3500,2,3068.82,Apple Pay,Not Specified,Sale,6137.64
4948,2024-06-30,5463,Laptops,MacBook Air M2,5,3559.62,Apple Pay,Dammam,Sale,17798.1
4949,2024-12-05,5521,Laptops,Dell XPS 13,4,4019.78,Debit Card,Riyadh,Sale,16079.12
4950,2024-04-16,5090,TVs,Sony 65-inch Bravia,1,1923.28,Debit Card,Madinah,Sale,1923.28
4951,2024-12-27,5232,Accessories,Bluetooth Headphones,3,338.93,Debit Card,Jeddah,Sale,1016.79
4952,2024-02-16,5563,Laptops,HP Pavilion 15,4,8835.49,Cash on Delivery,Riyadh,Sale,35341.96
4953,2024-10-02,5024,Accessories,Bluetooth Headphones,2,80.12,Apple Pay,Makkah,Sale,160.24
4954,2024-06-02,5726,TVs,Samsung 55-inch QLED,3,3003.67,Apple Pay,Makkah,Sale,9011.01
4955,2024-03-31,5365,Accessories,Laptop Stand,1,351.31,Cash on Delivery,Madinah,Sale,351.31
4956,2024-11-28,5758,Cameras,Nikon D3500,1,4235.27,Apple Pay,Dammam,Sale,4235.27
4957,2024-08-05,5344,Cameras,Canon EOS 200D,1,2410.66,Apple Pay,Riyadh,Sale,2410.66
4958,2024-03-25,5578,Phones,Samsung Galaxy S23,1,1677.18,Credit Card,Makkah,Sale,1677.18
4959,2024-11-26,5781,Cameras,Canon EOS 200D,3,1041.81,Credit Card,Jeddah,Sale,3125.43
4960,2024-12-07,5722,Accessories,Bluetooth Headphones,4,242.36,Apple Pay,Riyadh,Sale,969.44
4961,2024-10-14,5294,Cameras,Nikon D3500,2,2314.42,Apple Pay,Makkah,Sale,4628.84
4962,2024-10-29,5680,Phones,Samsung Galaxy S23,2,1600.28,Apple Pay,Dammam,Sale,3200.56
4963,2024-01-15,Guest,Laptops,Dell XPS 13,2,6291.14,Apple Pay,Dammam,Sale,12582.28
4964,2024-12-28,5193,Phones,Oppo Reno 8,2,1539.56,Credit Card,Madinah,Sale,3079.12
4965,2024-08-19,5764,TVs,LG 43-inch UHD,4,5894.33,Credit Card,Madinah,Sale,23577.32
4966,2024-07-30,5142,TVs,LG 43-inch UHD,4,3393.45,Credit Card,Riyadh,Sale,13573.8
4967,2024-05-03,5137,Accessories,Laptop Stand,3,217.01,Debit Card,Riyadh,Sale,651.03
4968,2024-12-14,5602,Laptops,Dell XPS 13,2,6324.29,Cash on Delivery,Madinah,Sale,12648.58
4969,2024-02-07,5567,Cameras,Canon EOS 200D,2,2331.66,Apple Pay,Makkah,Sale,4663.32
4970,2024-09-06,5485,Laptops,Lenovo ThinkPad E14,3,5873.17,Credit Card,Riyadh,Sale,17619.510000000002
4971,2024-02-06,5282,TVs,Sony 65-inch Bravia,3,4629.83,Debit Card,Dammam,Sale,13889.49
4972,2024-05-20,5168,TVs,Samsung 55-inch QLED,3,3231.24,Credit Card,Madinah,Sale,9693.72
4973,2024-06-28,5404,Laptops,Dell XPS 13,1,7111.35,Apple Pay,Dammam,Sale,7111.35
4974,2024-06-06,5112,Accessories,Laptop Stand,2,130.45,Apple Pay,Riyadh,Sale,260.9
4975,2024-05-06,5223,Cameras,Nikon D3500,4,4155.28,Debit Card,Makkah,Sale,16621.12
4976,2024-11-25,5596,Phones,Xiaomi Redmi Note 12,4,2811.53,Cash on Delivery,Dammam,Sale,11246.12
4977,2024-09-05,5094,Laptops,Dell XPS 13,4,6074.15,Apple Pay,Dammam,Sale,24296.6
4978,2024-01-14,5183,Accessories,Wireless Mouse,2,48.71,Cash on Delivery,Riyadh,Sale,97.42
4979,2024-02-02,5699,Accessories,Bluetooth Headphones,2,187.66,Cash on Delivery,Dammam,Sale,375.32
4980,2024-09-03,5548,Accessories,Laptop Stand,2,337.97,Debit Card,Madinah,Sale,675.94
4981,2024-06-02,5067,Laptops,MacBook Air M2,4,7736.72,Debit Card,Jeddah,Sale,30946.88
4982,2024-05-21,5703,Accessories,Bluetooth Headphones,4,113.0,Credit Card,Dammam,Sale,452.0
4983,2024-10-24,5095,TVs,LG 43-inch UHD,2,2975.61,Debit Card,Dammam,Sale,5951.22
4984,2024-12-22,5529,Phones,Xiaomi Redmi Note 12,5,4360.57,Apple Pay,Madinah,Sale,21802.85
4985,2024-06-11,5704,TVs,Sony 65-inch Bravia,2,6638.07,Credit Card,Jeddah,Sale,13276.14
4986,2024-01-08,5249,Phones,Xiaomi Redmi Note 12,5,1833.76,Unknown,Dammam,Sale,9168.8
4987,2024-11-29,5526,TVs,LG 43-inch UHD,4,4140.3,Apple Pay,Riyadh,Sale,16561.2
4988,2024-12-23,5052,Laptops,MacBook Air M2,5,4693.45,Cash on Delivery,Madinah,Sale,23467.25
4989,2024-12-22,5087,Phones,iPhone 14,5,4547.41,Apple Pay,Jeddah,Sale,22737.05
4990,2024-10-25,5066,Accessories,USB-C Cable,1,60.9,Cash on Delivery,Riyadh,Sale,60.9
4991,2024-08-09,5646,Accessories,USB-C Cable,4,108.12,Apple Pay,Jeddah,Sale,432.48
4992,2024-09-05,5467,Phones,iPhone 14,5,4133.64,Credit Card,Madinah,Sale,20668.2
4993,2024-11-10,5308,Phones,iPhone 14,-4,1679.53,Cash on Delivery,Makkah,Return,-6718.12
4994,2024-08-20,5667,Laptops,HP Pavilion 15,1,5701.48,Apple Pay,Madinah,Sale,5701.48
4995,2024-08-07,5738,Phones,Samsung Galaxy S23,5,3047.37,Debit Card,Jeddah,Sale,15236.849999999999
4996,2024-05-14,5413,Phones,Xiaomi Redmi Note 12,2,2670.4,Debit Card,Riyadh,Sale,5340.8
4997,2024-04-04,5514,Phones,iPhone 14,2,2881.0,Credit Card,Jeddah,Sale,5762.0
4998,2024-11-27,5141,TVs,LG 43-inch UHD,3,4555.69,Credit Card,Dammam,Sale,13667.07
4999,2024-02-18,5027,Laptops,HP Pavilion 15,1,3548.89,Cash on Delivery,Jeddah,Sale,3548.89
4264,2024-04-24,5181,Cameras,GoPro Hero 11,2,3753.93,Credit Card,Riyadh,Sale,7507.86
3559,2024-10-22,5243,Cameras,Nikon D3500,2,2702.25,Apple Pay,Madinah,Sale,5404.5
1015,2024-05-06,5438,Accessories,USB-C Cable,5,97.86,Cash on Delivery,Madinah,Sale,489.3
2872,2024-11-19,5495,Accessories,Laptop Stand,5,217.17,Debit Card,Dammam,Sale,1085.85
2307,2024-05-07,5318,TVs,Samsung 55-inch QLED,2,5968.99,Debit Card,Dammam,Sale,11937.98
2055,2024-04-22,5334,TVs,Sony 65-inch Bravia,4,3623.7,Cash on Delivery,Riyadh,Sale,14494.8
1328,2024-08-01,5507,Phones,Samsung Galaxy S23,2,2968.6,Credit Card,Not Specified,Sale,5937.2
2661,2024-04-09,5788,Laptops,HP Pavilion 15,5,5851.92,Debit Card,Makkah,Sale,29259.6
3341,2024-06-16,5771,TVs,Sony 65-inch Bravia,-4,2169.24,Apple Pay,Madinah,Return,-8676.96
3896,2024-11-18,5559,Cameras,Canon EOS 200D,4,2840.74,Cash on Delivery,Madinah,Sale,11362.96
3801,2024-03-14,5668,Cameras,GoPro Hero 11,2,4168.44,Debit Card,Dammam,Sale,8336.88
2154,2024-08-03,5711,Phones,Xiaomi Redmi Note 12,5,3665.14,Cash on Delivery,Makkah,Sale,18325.7
2909,2024-07-23,Guest,Cameras,Nikon D3500,1,1436.0,Cash on Delivery,Riyadh,Sale,1436.0
1650,2024-11-20,5301,TVs,Samsung 55-inch QLED,3,2251.99,Debit Card,Jeddah,Sale,6755.969999999999
4470,2024-02-19,5098,TVs,Samsung 55-inch QLED,-2,1899.55,Apple Pay,Riyadh,Return,-3799.1
1289,2024-01-24,5785,Phones,iPhone 14,5,3567.92,Cash on Delivery,Jeddah,Sale,17839.6
2877,2024-06-26,5500,Accessories,Wireless Mouse,4,218.09,Debit Card,Makkah,Sale,872.36
1640,2024-12-25,5647,Cameras,Nikon D3500,5,972.26,Cash on Delivery,Madinah,Sale,4861.3
3497,2024-02-21,5629,Accessories,Bluetooth Headphones,1,350.26,Unknown,Riyadh,Sale,350.26
1186,2024-05-15,5538,Phones,Samsung Galaxy S23,1,4360.28,Debit Card,Makkah,Sale,4360.28
3194,2024-10-20,5519,Laptops,HP Pavilion 15,2,3221.43,Apple Pay,Jeddah,Sale,6442.86
2162,2024-01-26,5266,Accessories,USB-C Cable,4,153.99,Apple Pay,Madinah,Sale,615.96
1719,2024-10-09,5379,Laptops,Lenovo ThinkPad E14,5,7250.64,Apple Pay,Jeddah,Sale,36253.200000000004
2287,2024-01-24,5091,Laptops,HP Pavilion 15,2,4779.08,Credit Card,Dammam,Sale,9558.16
1175,2024-02-29,5311,Accessories,Laptop Stand,2,94.52,Credit Card,Not Specified,Sale,189.04
2131,2024-10-22,Guest,Phones,Samsung Galaxy S23,4,3235.57,Debit Card,Makkah,Sale,12942.28
1983,2024-12-15,5647,Accessories,Bluetooth Headphones,3,57.8,Apple Pay,Riyadh,Sale,173.39999999999998
1918,2024-07-01,5730,TVs,Sony 65-inch Bravia,3,5770.75,Cash on Delivery,Jeddah,Sale,17312.25
2587,2024-04-30,5017,Laptops,MacBook Air M2,3,5128.07,Credit Card,Jeddah,Sale,15384.21
2754,2024-10-16,5124,Phones,Xiaomi Redmi Note 12,4,4915.56,Cash on Delivery,Riyadh,Sale,19662.24
2031,2024-02-26,5633,Accessories,Wireless Mouse,-4,250.62,Cash on Delivery,Not Specified,Return,-1002.48
3291,2024-08-19,5429,TVs,LG 43-inch UHD,2,3259.55,Debit Card,Makkah,Sale,6519.1
2491,2024-12-21,5644,Accessories,Laptop Stand,2,168.1,Debit Card,Riyadh,Sale,336.2
4922,2024-07-08,5414,Phones,Xiaomi Redmi Note 12,5,4241.54,Apple Pay,Jeddah,Sale,21207.7
2272,2024-07-24,5023,Cameras,Nikon D3500,5,3707.46,Credit Card,Makkah,Sale,18537.3
4874,2024-12-17,5793,Accessories,Laptop Stand,4,45.51,Cash on Delivery,Madinah,Sale,182.04
4530,2024-10-01,5232,TVs,Samsung 55-inch QLED,2,3247.52,Apple Pay,Dammam,Sale,6495.04
4570,2024-04-30,5026,Accessories,Bluetooth Headphones,3,146.13,Credit Card,Dammam,Sale,438.39
3436,2024-09-25,5511,TVs,LG 43-inch UHD,3,3804.66,Cash on Delivery,Riyadh,Sale,11413.98
2107,2024-07-14,5310,Phones,Samsung Galaxy S23,5,4153.83,Cash on Delivery,Jeddah,Sale,20769.15
3765,2024-07-20,5300,Accessories,USB-C Cable,3,384.44,Credit Card,Dammam,Sale,1153.32
4157,2024-09-05,5312,Laptops,MacBook Air M2,3,2916.04,Debit Card,Madinah,Sale,8748.119999999999
3254,2024-08-31,5310,Accessories,Laptop Stand,3,355.22,Debit Card,Dammam,Sale,1065.66
4544,2024-03-16,5386,Laptops,MacBook Air M2,1,8120.28,Cash on Delivery,Riyadh,Sale,8120.28
4118,2024-05-02,5139,Laptops,MacBook Air M2,1,4114.45,Apple Pay,Dammam,Sale,4114.45
2271,2024-12-27,5546,Laptops,Dell XPS 13,5,8090.8,Apple Pay,Riyadh,Sale,40454.0
2881,2024-09-05,5315,Phones,Xiaomi Redmi Note 12,2,4556.63,Unknown,Riyadh,Sale,9113.26
2794,2024-11-09,Guest,Cameras,GoPro Hero 11,1,1050.02,Apple Pay,Jeddah,Sale,1050.02
